wavelength,S1,S2,S3,S4,S5,S6,S7,S8,S9,F1,F2
515,0.0003732536261,,,,,,,,,,
515.02,0.0002757099992,,,,,,,,,,
515.04,0.0001615273721,,,,,,,,,,
515.06,4.194285671e-05,,,,,,,,,,
515.08,-7.180615219e-05,,,,,,,,,,
515.1,-0.0001694892504,,,,,,,,,,
515.12,-0.0002426793869,,,,,,,,,,
515.14,-0.0002852950129,,,,,,,,,,
515.16,-0.0002938788344,,,,,,,,,,
515.18,-0.0002676401556,,,,,,,,,,
515.2,-0.0002083054574,,,,,,,,,,
515.22,-0.0001198250259,,,,,,,,,,
515.24,-7.989000412e-06,,,,,,,,,,
515.26,0.0001200070871,,,,,,,,,,
515.28,0.0002560209806,,,,,,,,,,
515.3,0.0003914351967,,,,,,,,,,
515.32,0.0005176411443,,,,,,,,,,
515.34,0.0006265393884,,,,,,,,,,
515.36,0.0007110540107,,,,,,,,,,
515.38,0.0007656446076,,,,,,,,,,
515.4,0.0007867795338,,,,,,,,,,
515.42,0.0007733143134,,,,,,,,,,
515.44,0.0007267068908,,,,,,,,,,
515.46,0.0006510032361,,,,,,,,,,
515.48,0.0005525468587,,,,,,,,,,
515.5,0.0004394036787,,,,,,,,,,
515.52,0.0003205436878,,,,,,,,,,
515.54,0.0002048724376,,,,,,,,,,
515.56,0.000100245471,,,,,,,,,,
515.58,1.261545163e-05,,,,,,,,,,
515.6,-5.455237901e-05,,,,,,,,,,
515.62,-0.0001005052669,,,,,,,,,,
515.64,-0.0001270422379,,,,,,,,,,
515.66,-0.0001380136317,,,,,,,,,,
515.68,-0.0001385898661,,,,,,,,,,
515.7,-0.0001344354359,,,,,,,,,,
515.72,-0.0001309328025,,,,,,,,,,
515.74,-0.0001325676561,,,,,,,,,,
515.76,-0.000142537713,,,,,,,,,,
515.78,-0.0001625922759,,,,,,,,,,
515.8,-0.0001930652289,,,,,,,,,,
515.82,-0.0002330407493,,,,,,,,,,
515.84,-0.0002805918909,,,,,,,,,,
515.86,-0.0003330523415,,,,,,,,,,
515.88,-0.00038730983,,,,,,,,,,
515.9,-0.0004401323478,,,,,,,,,,
515.92,-0.0004885443441,,,,,,,,,,
515.94,-0.000530254575,,,,,,,,,,
515.96,-0.0005641039357,,,,,,,,,,
515.98,-0.0005904617563,,,,,,,,,,
516,-0.0006114685364,,,,,,,,,,
516.02,-0.0006310170905,,,,,,,,,,
516.04,-0.0006543917798,,,,,,,,,,
516.06,-0.000687546365,,,,,,,,,,
516.08,-0.0007360836592,,,,,,,,,,
516.1,-0.000804084841,,,,,,,,,,
516.12,-0.0008929998768,,,,,,,,,,
516.14,-0.001000831395,,,,,,,,,,
516.16,-0.00112182542,,,,,,,,,,
516.18,-0.001246779493,,,,,,,,,,
516.2,-0.001363992484,,,,,,,,,,
516.22,-0.001460739213,,,,,,,,,,
516.24,-0.001525045428,,,,,,,,,,
516.26,-0.001547471094,,,,,,,,,,
516.28,-0.001522594862,,,,,,,,,,
516.3,-0.001449936234,,,,,,,,,,
516.32,-0.001334144332,,,,,,,,,,
516.34,-0.001184404857,,,,,,,,,,
516.36,-0.001013146515,,,,,,,,,,
516.38,-0.0008342421332,,,,,,,,,,
516.4,-0.0006609798705,,,,,,,,,,
516.42,-0.0005041158181,,,,,,,,,,
516.44,-0.0003703078974,,,,,,,,,,
516.46,-0.0002611762023,,,,,,,,,,
516.48,-0.0001731453645,,,,,,,,,,
516.5,-9.811185549e-05,,,,,,,,,,
516.52,-2.485709755e-05,,,,,,,,,,
516.54,5.898871584e-05,,,,,,,,,,
516.56,0.0001647207988,,,,,,,,,,
516.58,0.0003004158985,,,,,,,,,,
516.6,0.0004692183929,,,,,,,,,,
516.62,0.0006683509323,,,,,,,,,,
516.64,0.0008890368207,,,,,,,,,,
516.66,0.001117374728,,,,,,,,,,
516.68,0.001336044845,,,,,,,,,,
516.7,0.001526585568,,,,,,,,,,
516.72,0.001671869734,,,,,,,,,,
516.74,0.001758391135,,,,,,,,,,
516.76,0.001778003296,,,,,,,,,,
516.78,0.00172885889,,,,,,,,,,
516.8,0.001615443502,,,,,,,,,,
516.82,0.001447752513,,,,,,,,,,
516.84,0.001239794578,,,,,,,,,,
516.86,0.001007695599,,,,,,,,,,
516.88,0.0007677105402,,,,,,,,,,
516.9,0.0005344274492,,,,,,,,,,
516.92,0.0003193804276,,,,,,,,,,
516.94,0.0001301951936,,,,,,,,,,
516.96,-2.970589387e-05,,,,,,,,,,
516.98,-0.0001608939007,,,,,,,,,,
517,-0.0002673266261,,,,,,,,,,
517.02,-0.0003554756455,,,,,,,,,,
517.04,-0.0004333135372,,,,,,,,,,
517.06,-0.0005092682416,,,,,,,,,,
517.08,-0.0005912288143,,,,,,,,,,
517.1,-0.0006856703171,,,,,,,,,,
517.12,-0.0007969582135,,,,,,,,,,
517.14,-0.0009268905096,,,,,,,,,,
517.16,-0.001074530187,,,,,,,,,,
517.18,-0.001236362054,,,,,,,,,,
517.2,-0.001406771994,,,,,,,,,,
517.22,-0.001578795562,,,,,,,,,,
517.24,-0.001745027315,,,,,,,,,,
517.26,-0.001898538762,,,,,,,,,,
517.28,-0.002033648309,,,,,,,,,,
517.3,-0.002146375847,,,,,,,,,,
517.32,-0.002234523031,,,,,,,,,,
517.34,-0.002297367831,,,,,,,,,,
517.36,-0.002335067742,,,,,,,,,,
517.38,-0.002347935657,,,,,,,,,,
517.4,-0.002335786684,,,,,,,,,,
517.42,-0.002297540453,,,,,,,,,,
517.44,-0.002231203678,,,,,,,,,,
517.46,-0.002134265969,,,,,,,,,,
517.48,-0.00200443993,,,,,,,,,,
517.5,-0.00184058916,,,,,,,,,,
517.52,-0.001643635577,,,,,,,,,,
517.54,-0.001417232843,,,,,,,,,,
517.56,-0.001168036244,,,,,,,,,,
517.58,-0.0009054808743,,,,,,,,,,
517.6,-0.000641080341,,,,,,,,,,
517.62,-0.0003873548117,,,,,,,,,,
517.64,-0.0001565687917,,,,,,,,,,
517.66,4.050899168e-05,,,,,,,,,,
517.68,0.0001956240272,,,,,,,,,,
517.7,0.0003036854255,,,,,,,,,,
517.72,0.0003629765702,,,,,,,,,,
517.74,0.000374941253,,,,,,,,,,
517.76,0.000343631064,,,,,,,,,,
517.78,0.0002749447824,,,,,,,,,,
517.8,0.0001758029876,,,,,,,,,,
517.82,5.338393498e-05,,,,,,,,,,
517.84,-8.549023667e-05,,,,,,,,,,
517.86,-0.0002347711514,,,,,,,,,,
517.88,-0.0003894008835,,,,,,,,,,
517.9,-0.0005453469798,,,,,,,,,,
517.92,-0.0006994842834,,,,,,,,,,
517.94,-0.0008493657019,,,,,,,,,,
517.96,-0.0009929121359,,,,,,,,,,
517.98,-0.001128058372,,,,,,,,,,
518,-0.001252396566,,,,,,,,,,
518.02,-0.001362867795,,,,,,,,,,
518.04,-0.001455558676,,,,,,,,,,
518.06,-0.001525658056,,,,,,,,,,
518.08,-0.001567613625,,,,,,,,,,
518.1,-0.001575499505,,,,,,,,,,
518.12,-0.001543567962,,,,,,,,,,
518.14,-0.00146691976,,,,,,,,,,
518.16,-0.001342198199,,,,,,,,,,
518.18,-0.001168199457,,,,,,,,,,
518.2,-0.0009463003458,,,,,,,,,,
518.22,-0.0006806319271,,,,,,,,,,
518.24,-0.000377967548,,,,,,,,,,
518.26,-4.733769346e-05,,,,,,,,,,
518.28,0.0003005768696,,,,,,,,,,
518.3,0.0006541941036,,,,,,,,,,
518.32,0.001001828365,,,,,,,,,,
518.34,0.001332443235,,,,,,,,,,
518.36,0.00163627827,,,,,,,,,,
518.38,0.001905290199,,,,,,,,,,
518.4,0.002133377696,,,,,,,,,,
518.42,0.002316391123,,,,,,,,,,
518.44,0.00245196094,,,,,,,,,,
518.46,0.00253920592,,,,,,,,,,
518.48,0.002578399499,,,,,,,,,,
518.5,0.002570674407,,,,,,,,,,
518.52,0.002517829781,,,,,,,,,,
518.54,0.002422271227,,,,,,,,,,
518.56,0.002287081036,,,,,,,,,,
518.58,0.002116151928,,,,,,,,,,
518.6,0.001914317447,,,,,,,,,,
518.62,0.001687384544,,,,,,,,,,
518.64,0.001442001867,,,,,,,,,,
518.66,0.001185339789,,,,,,,,,,
518.68,0.0009246142996,,,,,,,,,,
518.7,0.0006665388666,,,,,,,,,,
518.72,0.0004168199694,,,,,,,,,,
518.74,0.0001798113692,,,,,,,,,,
518.76,-4.15931016e-05,,,,,,,,,,
518.78,-0.0002458099103,,,,,,,,,,
518.8,-0.000432211802,,,,,,,,,,
518.82,-0.0006006806985,,,,,,,,,,
518.84,-0.0007512073517,,,,,,,,,,
518.86,-0.0008836653638,,,,,,,,,,
518.88,-0.0009978358348,,,,,,,,,,
518.9,-0.001093681494,,,,,,,,,,
518.92,-0.001171787023,,,,,,,,,,
518.94,-0.001233818818,,,,,,,,,,
518.96,-0.001282831747,,,,,,,,,,
518.98,-0.001323271621,,,,,,,,,,
519,-0.001360587039,,,,,,,,,,
519.02,-0.001400458006,,,,,,,,,,
519.04,-0.001447748822,,,,,,,,,,
519.06,-0.001505374792,,,,,,,,,,
519.08,-0.00157331604,,,,,,,,,,
519.1,-0.001648005938,,,,,,,,,,
519.12,-0.001722266228,,,,,,,,,,
519.14,-0.001785866487,,,,,,,,,,
519.16,-0.00182667099,,,,,,,,,,
519.18,-0.001832223749,,,,,,,,,,
519.2,-0.001791534873,,,,,,,,,,
519.22,-0.001696785726,,,,,,,,,,
519.24,-0.001544676004,,,,,,,,,,
519.26,-0.001337192297,,,,,,,,,,
519.28,-0.001081674265,,,,,,,,,,
519.3,-0.0007901732827,,,,,,,,,,
519.32,-0.0004782102702,,,,,,,,,,
519.34,-0.0001631365146,,,,,,,,,,
519.36,0.0001376539631,,,,,,,,,,
519.38,0.0004084070297,,,,,,,,,,
519.4,0.0006363739159,,,,,,,,,,
519.42,0.0008127188862,,,,,,,,,,
519.44,0.0009329125784,,,,,,,,,,
519.46,0.0009966346116,,,,,,,,,,
519.48,0.001007272243,,,,,,,,,,
519.5,0.0009711418793,,,,,,,,,,
519.52,0.0008965764793,,,,,,,,,,
519.54,0.0007930172251,,,,,,,,,,
519.56,0.0006702264292,,,,,,,,,,
519.58,0.0005377041268,,,,,,,,,,
519.6,0.0004043465392,,,,,,,,,,
519.62,0.0002783348746,,,,,,,,,,
519.64,0.0001671941479,,,,,,,,,,
519.66,7.792278757e-05,,,,,,,,,,
519.68,1.707465708e-05,,,,,,,,,,
519.7,-9.316420361e-06,,,,,,,,,,
519.72,3.958770192e-06,,,,,,,,,,
519.74,6.074222192e-05,,,,,,,,,,
519.76,0.0001627927172,,,,,,,,,,
519.78,0.000309027599,,,,,,,,,,
519.8,0.0004948946426,,,,,,,,,,
519.82,0.0007120496802,,,,,,,,,,
519.84,0.0009484778786,,,,,,,,,,
519.86,0.001189124924,,,,,,,,,,
519.88,0.001417014551,,,,,,,,,,
519.9,0.001614740366,,,,,,,,,,
519.92,0.001766151125,,,,,,,,,,
519.94,0.00185801163,,,,,,,,,,
519.96,0.001881421446,,,,,,,,,,
519.98,0.001832806349,,,,,,,,,,
520,0.001714357379,,,,,,,,,,
520.02,0.001533862104,,,,,,,,,,
520.04,0.001303962874,,,,,,,,,,
520.06,0.00104091622,,,,,,,,,,
520.08,0.000763025959,,,,,,,,,,
520.1,0.0004889279602,,,,,,,,,,
520.12,0.0002359289237,,,,,,,,,,
520.14,1.857909634e-05,,,,,,,,,,
520.16,-0.0001523787602,,,,,,,,,,
520.18,-0.0002705993636,,,,,,,,,,
520.2,-0.0003342500332,,,,,,,,,,
520.22,-0.0003456975774,,,,,,,,,,
520.24,-0.0003108608129,,,,,,,,,,
520.26,-0.0002383466033,,,,,,,,,,
520.28,-0.0001384873213,,,,,,,,,,
520.3,-2.237864944e-05,,,,,,,,,,
520.32,9.901213913e-05,,,,,,,,,,
520.34,0.0002156254217,,,,,,,,,,
520.36,0.0003189534808,,,,,,,,,,
520.38,0.0004025346274,,,,,,,,,,
520.4,0.0004622796104,,,,,,,,,,
520.42,0.0004966068532,,,,,,,,,,
520.44,0.0005063617374,,,,,,,,,,
520.46,0.0004945045515,,,,,,,,,,
520.48,0.0004655739135,,,,,,,,,,
520.5,0.0004249643923,,,,,,,,,,
520.52,0.0003780916455,,,,,,,,,,
520.54,0.0003295468818,,,,,,,,,,
520.56,0.0002823570992,,,,,,,,,,
520.58,0.0002374637265,,,,,,,,,,
520.6,0.0001935094978,,,,,,,,,,
520.62,0.0001469848577,,,,,,,,,,
520.64,9.273675127e-05,,,,,,,,,,
520.66,2.479122087e-05,,,,,,,,,,
520.68,-6.26061953e-05,,,,,,,,,,
520.7,-0.0001738654067,,,,,,,,,,
520.72,-0.0003109967414,,,,,,,,,,
520.74,-0.0004727827145,,,,,,,,,,
520.76,-0.0006543139812,,,,,,,,,,
520.78,-0.0008469868237,,,,,,,,,,
520.8,-0.001039002602,,,,,,,,,,
520.82,-0.001216342934,,,,,,,,,,
520.84,-0.001364127246,,,,,,,,,,
520.86,-0.001468202042,,,,,,,,,,
520.88,-0.001516772623,,,,,,,,,,
520.9,-0.001501874406,,,,,,,,,,
520.92,-0.0014204945,,,,,,,,,,
520.94,-0.001275193042,,,,,,,,,,
520.96,-0.001074132527,,,,,,,,,,
520.98,-0.0008304947163,,,,,,,,,,
521,-0.0005613399018,,,,,,,,,,
521.02,-0.0002860336979,,,,,,,,,,
521.04,-2.44231529e-05,,,,,,,,,,
521.06,0.0002050209502,,,,,,,,,,
521.08,0.0003868731861,,,,,,,,,,
521.1,0.0005100304166,,,,,,,,,,
521.12,0.0005684626101,,,,,,,,,,
521.14,0.0005613657453,,,,,,,,,,
521.16,0.0004927432977,,,,,,,,,,
521.18,0.0003705228192,,,,,,,,,,
521.2,0.0002053734999,,,,,,,,,,
521.22,9.417088222e-06,,,,,,,,,,
521.24,-0.0002049857523,,,,,,,,,,
521.26,-0.0004262327327,,,,,,,,,,
521.28,-0.0006441793792,,,,,,,,,,
521.3,-0.0008505216577,,,,,,,,,,
521.32,-0.00103889468,,,,,,,,,,
521.34,-0.001204753703,,,,,,,,,,
521.36,-0.001345116572,,,,,,,,,,
521.38,-0.001458243463,,,,,,,,,,
521.4,-0.001543316719,,,,,,,,,,
521.42,-0.001600167381,,,,,,,,,,
521.44,-0.00162907935,,,,,,,,,,
521.46,-0.001630687745,,,,,,,,,,
521.48,-0.001605973458,,,,,,,,,,
521.5,-0.0015563397,,,,,,,,,,
521.52,-0.001483738758,,,,,,,,,,
521.54,-0.001390801327,,,,,,,,,,
521.56,-0.001280911804,,,,,,,,,,
521.58,-0.00115817613,,,,,,,,,,
521.6,-0.001027247283,,,,,,,,,,
521.62,-0.0008930059835,,,,,,,,,,
521.64,-0.0007601342592,,,,,,,,,,
521.66,-0.0006326570808,,,,,,,,,,
521.68,-0.0005135505046,,,,,,,,,,
521.7,-0.0004045145014,,,,,,,,,,
521.72,-0.0003059811262,,,,,,,,,,
521.74,-0.0002173778351,,,,,,,,,,
521.76,-0.0001376027502,,,,,,,,,,
521.78,-6.560954627e-05,,,,,,,,,,
521.8,-9.608215347e-07,,,,,,,,,,
521.82,5.579719986e-05,,,,,,,,,,
521.84,0.0001030544303,,,,,,,,,,
521.86,0.000138403018,,,,,,,,,,
521.88,0.0001592187603,,,,,,,,,,
521.9,0.0001634441888,,,,,,,,,,
521.92,0.0001503978514,,,,,,,,,,
521.94,0.0001214098776,,,,,,,,,,
521.96,8.010534297e-05,,,,,,,,,,
521.98,3.222205609e-05,,,,,,,,,,
522,-1.505459058e-05,,,,,,,,,,
522.02,-5.41507934e-05,,,,,,,,,,
522.04,-7.837583655e-05,,,,,,,,,,
522.06,-8.316623994e-05,,,,,,,,,,
522.08,-6.705345905e-05,,,,,,,,,,
522.1,-3.21484059e-05,,,,,,,,,,
522.12,1.597791124e-05,,,,,,,,,,
522.14,6.902610098e-05,,,,,,,,,,
522.16,0.0001172053066,,,,,,,,,,
522.18,0.0001507723589,,,,,,,,,,
522.2,0.0001616126791,,,,,,,,,,
522.22,0.0001445934547,,,,,,,,,,
522.24,9.845917322e-05,,,,,,,,,,
522.26,2.611857226e-05,,,,,,,,,,
522.28,-6.572549811e-05,,,,,,,,,,
522.3,-0.000167544526,,,,,,,,,,
522.32,-0.0002683980131,,,,,,,,,,
522.34,-0.000357572421,,,,,,,,,,
522.36,-0.0004261916274,,,,,,,,,,
522.38,-0.0004685544864,,,,,,,,,,
522.4,-0.0004829957076,,,,,,,,,,
522.42,-0.0004721401101,,,,,,,,,,
522.44,-0.0004425126332,,,,,,,,,,
522.46,-0.0004035653149,,,,,,,,,,
522.48,-0.0003662725739,,,,,,,,,,
522.5,-0.0003415126309,,,,,,,,,,
522.52,-0.0003384836412,,,,,,,,,,
522.54,-0.0003633916207,,,,,,,,,,
522.56,-0.0004185949783,,,,,,,,,,
522.58,-0.0005023073961,,,,,,,,,,
522.6,-0.0006088638617,,,,,,,,,,
522.62,-0.0007294639709,,,,,,,,,,
522.64,-0.0008532405145,,,,,,,,,,
522.66,-0.0009684717875,,,,,,,,,,
522.68,-0.001063765365,,,,,,,,,,
522.7,-0.001129082236,,,,,,,,,,
522.72,-0.001156528741,,,,,,,,,,
522.74,-0.001140902615,,,,,,,,,,
522.76,-0.001080023081,,,,,,,,,,
522.78,-0.0009748939553,,,,,,,,,,
522.8,-0.0008297411521,,,,,,,,,,
522.82,-0.000651937979,,,,,,,,,,
522.84,-0.0004517950186,,,,,,,,,,
522.86,-0.0002421610077,,,,,,,,,,
522.88,-3.777035429e-05,,,,,,,,,,
522.9,0.000145709356,,,,,,,,,,
522.92,0.000292929121,,,,,,,,,,
522.94,0.0003903390106,,,,,,,,,,
522.96,0.0004277499781,,,,,,,,,,
522.98,0.0003997655013,,,,,,,,,,
523,0.0003068402332,,,,,,,,,,
523.02,0.0001557388071,,,,,,,,,,
523.04,-4.076423263e-05,,,,,,,,,,
523.06,-0.0002649906032,,,,,,,,,,
523.08,-0.0004961816066,,,,,,,,,,
523.1,-0.0007128164995,,,,,,,,,,
523.12,-0.000895102637,,,,,,,,,,
523.14,-0.001027268589,,,,,,,,,,
523.16,-0.001099313722,,,,,,,,,,
523.18,-0.001107955229,,,,,,,,,,
523.2,-0.001056649166,,,,,,,,,,
523.22,-0.0009547181572,,,,,,,,,,
523.24,-0.0008157632742,,,,,,,,,,
523.26,-0.0006556430487,,,,,,,,,,
523.28,-0.0004903501791,,,,,,,,,,
523.3,-0.000334101119,,,,,,,,,,
523.32,-0.0001978838482,,,,,,,,,,
523.34,-8.860359652e-05,,,,,,,,,,
523.36,-8.849729382e-06,,,,,,,,,,
523.38,4.279630397e-05,,,,,,,,,,
523.4,7.106300264e-05,,,,,,,,,,
523.42,8.308024602e-05,,,,,,,,,,
523.44,8.742545742e-05,,,,,,,,,,
523.46,9.324313938e-05,,,,,,,,,,
523.48,0.000109493758,,,,,,,,,,
523.5,0.0001443285267,,,,,,,,,,
523.52,0.0002045472798,,,,,,,,,,
523.54,0.0002950874526,,,,,,,,,,
523.56,0.0004185140008,,,,,,,,,,
523.58,0.0005745242383,,,,,,,,,,
523.6,0.0007595325455,,,,,,,,,,
523.62,0.0009664395556,,,,,,,,,,
523.64,0.001184703433,,,,,,,,,,
523.66,0.001400808716,,,,,,,,,,
523.68,0.001599172125,,,,,,,,,,
523.7,0.001763444907,,,,,,,,,,
523.72,0.001878085242,,,,,,,,,,
523.74,0.001930001889,,,,,,,,,,
523.76,0.001910029936,,,,,,,,,,
523.78,0.001814003121,,,,,,,,,,
523.8,0.001643237584,,,,,,,,,,
523.82,0.001404331769,,,,,,,,,,
523.84,0.001108300262,,,,,,,,,,
523.86,0.0007691734959,,,,,,,,,,
523.88,0.0004022878561,,,,,,,,,,
523.9,2.254291919e-05,,,,,,,,,,
523.92,-0.0003570958001,,,,,,,,,,
523.94,-0.0007266192155,,,,,,,,,,
523.96,-0.001079381827,,,,,,,,,,
523.98,-0.001411865297,,,,,,,,,,
524,-0.001722883912,,,,,,,,,,
524.02,-0.002012413128,,,,,,,,,,
524.04,-0.00228028481,,,,,,,,,,
524.06,-0.002525012108,,,,,,,,,,
524.08,-0.002742981611,,,,,,,,,,
524.1,-0.00292818485,,,,,,,,,,
524.12,-0.003072566354,,,,,,,,,,
524.14,-0.003166956193,,,,,,,,,,
524.16,-0.003202449175,,,,,,,,,,
524.18,-0.003172008314,,,,,,,,,,
524.2,-0.003072022018,,,,,,,,,,
524.22,-0.002903542163,,,,,,,,,,
524.24,-0.002672975709,,,,,,,,,,
524.26,-0.002392088709,,,,,,,,,,
524.28,-0.002077293413,,,,,,,,,,
524.3,-0.00174830587,,,,,,,,,,
524.32,-0.001426361129,,,,,,,,,,
524.34,-0.001132236047,,,,,,,,,,
524.36,-0.000884350967,,,,,,,,,,
524.38,-0.0006971807442,,,,,,,,,,
524.4,-0.0005801493242,,,,,,,,,,
524.42,-0.0005370862204,,,,,,,,,,
524.44,-0.0005662369706,,,,,,,,,,
524.46,-0.0006607500421,,,,,,,,,,
524.48,-0.0008095219875,,,,,,,,,,
524.5,-0.0009982729496,,,,,,,,,,
524.52,-0.001210739064,,,,,,,,,,
524.54,-0.001429894635,,,,,,,,,,
524.56,-0.001639142536,,,,,,,,,,
524.58,-0.001823426524,,,,,,,,,,
524.6,-0.001970221537,,,,,,,,,,
524.62,-0.002070350883,,,,,,,,,,
524.64,-0.002118570878,,,,,,,,,,
524.66,-0.002113862535,,,,,,,,,,
524.68,-0.002059382856,,,,,,,,,,
524.7,-0.001962055932,,,,,,,,,,
524.72,-0.001831822541,,,,,,,,,,
524.74,-0.001680608414,,,,,,,,,,
524.76,-0.00152110755,,,,,,,,,,
524.78,-0.001365501345,,,,,,,,,,
524.8,-0.001224244,,,,,,,,,,
524.82,-0.001105039889,,,,,,,,,,
524.84,-0.001012121844,,,,,,,,,,
524.86,-0.0009459131194,,,,,,,,,,
524.88,-0.0009031216672,,,,,,,,,,
524.9,-0.0008772740295,,,,,,,,,,
524.92,-0.0008596485773,,,,,,,,,,
524.94,-0.0008405169042,,,,,,,,,,
524.96,-0.000810554047,,,,,,,,,,
524.98,-0.0007622415391,,,,,,,,,,
525,-0.000691071702,,,,,,,,,,
525.02,-0.0005963743823,,,,,,,,,,
525.04,-0.0004816309431,,,,,,,,,,
525.06,-0.0003542104397,,,,,,,,,,
525.08,-0.0002245487003,,,,,,,,,,
525.1,-0.0001048774143,,,,,,,,,,
525.12,-7.680888791e-06,,,,,,,,,,
525.14,5.590064854e-05,,,,,,,,,,
525.16,7.749831085e-05,,,,,,,,,,
525.18,5.258260288e-05,,,,,,,,,,
525.2,-1.895475927e-05,,,,,,,,,,
525.22,-0.00013275342,,,,,,,,,,
525.24,-0.0002804404633,,,,,,,,,,
525.26,-0.0004504944101,,,,,,,,,,
525.28,-0.0006293810729,,,,,,,,,,
525.3,-0.0008028122244,,,,,,,,,,
525.32,-0.0009569892461,,,,,,,,,,
525.34,-0.001079721437,,,,,,,,,,
525.36,-0.001161342395,,,,,,,,,,
525.38,-0.001195379374,,,,,,,,,,
525.4,-0.001178954282,,,,,,,,,,
525.42,-0.001112910287,,,,,,,,,,
525.44,-0.001001667469,,,,,,,,,,
525.46,-0.0008528195754,,,,,,,,,,
525.48,-0.0006764957931,,,,,,,,,,
525.5,-0.000484528409,,,,,,,,,,
525.52,-0.0002894874666,,,,,,,,,,
525.54,-0.0001036621663,,,,,,,,,,
525.56,6.192026334e-05,,,,,,,,,,
525.58,0.0001983490567,,,,,,,,,,
525.6,0.000299484318,,,,,,,,,,
525.62,0.0003623648734,,,,,,,,,,
525.64,0.0003873551793,,,,,,,,,,
525.66,0.0003780460628,,,,,,,,,,
525.68,0.0003409437284,,,,,,,,,,
525.7,0.0002849884424,,,,,,,,,,
525.72,0.0002209402638,,,,,,,,,,
525.74,0.0001606597805,,,,,,,,,,
525.76,0.0001163046842,,,,,,,,,,
525.78,9.946481824e-05,,,,,,,,,,
525.8,0.0001202717136,,,,,,,,,,
525.82,0.0001865409413,,,,,,,,,,
525.84,0.0003030290698,,,,,,,,,,
525.86,0.0004709012581,,,,,,,,,,
525.88,0.0006875009739,,,,,,,,,,
525.9,0.0009464851266,,,,,,,,,,
525.92,0.001238338047,,,,,,,,,,
525.94,0.001551215734,,,,,,,,,,
525.96,0.001872011796,,,,,,,,,,
525.98,0.002187494373,,,,,,,,,,
526,0.002485350635,,,,,,,,,,
526.02,0.002754997111,,,,,,,,,,
526.04,0.002988065279,,,,,,,,,,
526.06,0.003178540407,,,,,,,,,,
526.08,0.003322600597,,,,,,,,,,
526.1,0.003418255759,,,,,,,,,,
526.12,0.003464911355,,,,,,,,,,
526.14,0.003462975092,,,,,,,,,,
526.16,0.003413591059,,,,,,,,,,
526.18,0.003318535993,,,,,,,,,,
526.2,0.003180260529,,,,,,,,,,
526.22,0.003002017826,,,,,,,,,,
526.24,0.002788001795,,,,,,,,,,
526.26,0.002543420499,,,,,,,,,,
526.28,0.002274453733,,,,,,,,,,
526.3,0.001988079493,,,,,,,,,,
526.32,0.001691791395,,,,,,,,,,
526.34,0.001393257852,,,,,,,,,,
526.36,0.001099986893,,,,,,,,,,
526.38,0.0008190545588,,,,,,,,,,
526.4,0.0005569326499,,,,,,,,,,
526.42,0.0003194192474,,,,,,,,,,
526.44,0.0001116426171,,,,,,,,,,
526.46,-6.191502679e-05,,,,,,,,,,
526.48,-0.0001974352529,,,,,,,,,,
526.5,-0.000291872797,,,,,,,,,,
526.52,-0.0003431783691,,,,,,,,,,
526.54,-0.0003506179513,,,,,,,,,,
526.56,-0.0003151322609,,,,,,,,,,
526.58,-0.000239650474,,,,,,,,,,
526.6,-0.0001292607977,,,,,,,,,,
526.62,8.848496484e-06,,,,,,,,,,
526.64,0.0001657311009,,,,,,,,,,
526.66,0.0003313119308,,,,,,,,,,
526.68,0.0004952510973,,,,,,,,,,
526.7,0.0006479368933,,,,,,,,,,
526.72,0.0007814633091,,,,,,,,,,
526.74,0.0008904318027,,,,,,,,,,
526.76,0.0009724297305,,,,,,,,,,
526.78,0.001028079476,,,,,,,,,,
526.8,0.001060618528,,,,,,,,,,
526.82,0.0010750519,,,,,,,,,,
526.84,0.001077000857,,,,,,,,,,
526.86,0.001071440213,,,,,,,,,,
526.88,0.001061555126,,,,,,,,,,
526.9,0.001047946167,,,,,,,,,,
526.92,0.001028363523,,,,,,,,,,
526.94,0.0009980621975,,,,,,,,,,
526.96,0.000950753703,,,,,,,,,,
526.98,0.0008800079563,,,,,,,,,,
527,0.0007808573246,,,,,,,,,,
527.02,0.000651296783,,,,,,,,,,
527.04,0.0004933757201,,,,,,,,,,
527.06,0.0003136413234,,,,,,,,,,
527.08,0.0001228099356,,,,,,,,,,
527.1,-6.531209896e-05,,,,,,,,,,
527.12,-0.0002354932179,,,,,,,,,,
527.14,-0.0003730511486,,,,,,,,,,
527.16,-0.0004658061414,,,,,,,,,,
527.18,-0.0005056931855,,,,,,,,,,
527.2,-0.0004897869037,,,,,,,,,,
527.22,-0.0004206100026,,,,,,,,,,
527.24,-0.0003057298849,,,,,,,,,,
527.26,-0.0001567687709,,,,,,,,,,
527.28,1.196392495e-05,,,,,,,,,,
527.3,0.0001849758417,,,,,,,,,,
527.32,0.000347010637,,,,,,,,,,
527.34,0.0004842186151,,,,,,,,,,
527.36,0.0005849951104,,,,,,,,,,
527.38,0.0006404805057,,,,,,,,,,
527.4,0.0006447746584,,,,,,,,,,
527.42,0.0005949489103,,,,,,,,,,
527.44,0.0004909400732,,,,,,,,,,
527.46,0.0003353901434,,,,,,,,,,
527.48,0.0001334640113,,,,,,,,,,
527.5,-0.0001073540455,,,,,,,,,,
527.52,-0.0003775013979,,,,,,,,,,
527.54,-0.0006656461865,,,,,,,,,,
527.56,-0.0009590858248,,,,,,,,,,
527.58,-0.001244246722,,,,,,,,,,
527.6,-0.001507282259,,,,,,,,,,
527.62,-0.001734753126,,,,,,,,,,
527.64,-0.001914363898,,,,,,,,,,
527.66,-0.002035721321,,,,,,,,,,
527.68,-0.002091071416,,,,,,,,,,
527.7,-0.002075962518,,,,,,,,,,
527.72,-0.001989770826,,,,,,,,,,
527.74,-0.001836017091,,,,,,,,,,
527.76,-0.001622402993,,,,,,,,,,
527.78,-0.001360508622,,,,,,,,,,
527.8,-0.001065121334,,,,,,,,,,
527.82,-0.000753210054,,,,,,,,,,
527.84,-0.0004426120113,,,,,,,,,,
527.86,-0.0001505515854,,,,,,,,,,
527.88,0.0001078481998,,,,,,,,,,
527.9,0.0003208822925,,,,,,,,,,
527.92,0.0004812391244,,,,,,,,,,
527.94,0.00058650569,,,,,,,,,,
527.96,0.0006391367481,,,,,,,,,,
527.98,0.0006458999014,,,,,,,,,,
528,0.0006168843537,,,,,,,,,,
528.02,0.0005642218404,,,,,,,,,,
528.04,0.0005007023464,,,,,,,,,,
528.06,0.0004384693645,,,,,,,,,,
528.08,0.0003879508907,,,,,,,,,,
528.1,0.0003571306123,,,,,,,,,,
528.12,0.0003512005795,,,,,,,,,,
528.14,0.0003725748947,,,,,,,,,,
528.16,0.0004211947171,,,,,,,,,,
528.18,0.000495025147,,,,,,,,,,
528.2,0.0005906362768,,,,,,,,,,
528.22,0.0007037711681,,,,,,,,,,
528.24,0.0008298269278,,,,,,,,,,
528.26,0.0009642044541,,,,,,,,,,
528.28,0.001102511754,,,,,,,,,,
528.3,0.001240630756,,,,,,,,,,
528.32,0.001374676539,,,,,,,,,,
528.34,0.001500890729,,,,,,,,,,
528.36,0.001615518334,,,,,,,,,,
528.38,0.00171471969,,,,,,,,,,
528.4,0.00179456617,,,,,,,,,,
528.42,0.001851158487,,,,,,,,,,
528.44,0.001880888581,,,,,,,,,,
528.46,0.001880840199,,,,,,,,,,
528.48,0.00184929162,,,,,,,,,,
528.5,0.001786251414,,,,,,,,,,
528.52,0.001693931716,,,,,,,,,,
528.54,0.001577050731,,,,,,,,,,
528.56,0.001442863131,,,,,,,,,,
528.58,0.001300846274,,,,,,,,,,
528.6,0.001162019524,,,,,,,,,,
528.62,0.001037936342,,,,,,,,,,
528.64,0.0009394535342,,,,,,,,,,
528.66,0.0008754363603,,,,,,,,,,
528.68,0.0008515903679,,,,,,,,,,
528.7,0.0008696119685,,,,,,,,,,
528.72,0.0009268163335,,,,,,,,,,
528.74,0.001016335906,,,,,,,,,,
528.76,0.001127894965,,,,,,,,,,
528.78,0.001249070034,,,,,,,,,,
528.8,0.001366860255,,,,,,,,,,
528.82,0.001469333611,,,,,,,,,,
528.84,0.001547096864,,,,,,,,,,
528.86,0.001594364816,,,,,,,,,,
528.88,0.001609473607,,,,,,,,,,
528.9,0.001594780284,,,,,,,,,,
528.92,0.001555997289,,,,,,,,,,
528.94,0.001501104661,,,,,,,,,,
528.96,0.001439046234,,,,,,,,,,
528.98,0.00137843758,,,,,,,,,,
529,0.001326491061,,,,,,,,,,
529.02,0.001288304422,,,,,,,,,,
529.04,0.001266578701,,,,,,,,,,
529.06,0.001261746985,,,,,,,,,,
529.08,0.001272425063,,,,,,,,,,
529.1,0.001296050861,,,,,,,,,,
529.12,0.001329567274,,,,,,,,,,
529.14,0.001370020476,,,,,,,,,,
529.16,0.001414984977,,,,,,,,,,
529.18,0.00146277597,,,,,,,,,,
529.2,0.001512457142,,,,,,,,,,
529.22,0.001563688704,,,,,,,,,,
529.24,0.00161648065,,,,,,,,,,
529.26,0.001670919338,,,,,,,,,,
529.28,0.00172692441,,,,,,,,,,
529.3,0.001784073156,,,,,,,,,,
529.32,0.001841507063,,,,,,,,,,
529.34,0.001897915946,,,,,,,,,,
529.36,0.001951582693,,,,,,,,,,
529.38,0.002000467821,,,,,,,,,,
529.4,0.00204231676,,,,,,,,,,
529.42,0.002074781318,,,,,,,,,,
529.44,0.002095555916,,,,,,,,,,
529.46,0.002102534983,,,,,,,,,,
529.48,0.002093997321,,,,,,,,,,
529.5,0.002068815633,,,,,,,,,,
529.52,0.002026674998,,,,,,,,,,
529.54,0.001968277277,,,,,,,,,,
529.56,0.001895478707,,,,,,,,,,
529.58,0.00181132935,,,,,,,,,,
529.6,0.001719974593,,,,,,,,,,
529.62,0.001626404295,,,,,,,,,,
529.64,0.001536061438,,,,,,,,,,
529.66,0.001454350369,,,,,,,,,,
529.68,0.001386107416,,,,,,,,,,
529.7,0.001335107902,,,,,,,,,,
529.72,0.00130368018,,,,,,,,,,
529.74,0.001292479941,,,,,,,,,,
529.76,0.001300450936,,,,,,,,,,
529.78,0.00132496788,,,,,,,,,,
529.8,0.001362130419,,,,,,,,,,
529.82,0.001407158769,,,,,,,,,,
529.84,0.001454834277,,,,,,,,,,
529.86,0.001499930966,,,,,,,,,,
529.88,0.001537594258,,,,,,,,,,
529.9,0.001563636822,,,,,,,,,,
529.92,0.001574735879,,,,,,,,,,
529.94,0.001568529331,,,,,,,,,,
529.96,0.001543619712,,,,,,,,,,
529.98,0.001499504446,,,,,,,,,,
530,0.001436460176,,,,,,,,,,
530.02,0.001355412704,,,,,,,,,,
530.04,0.001257824956,,,,,,,,,,
530.06,0.00114563911,,,,,,,,,,
530.08,0.001021284496,,,,,,,,,,
530.1,0.0008877504847,,,,,,,,,,
530.12,0.0007487049409,,,,,,,,,,
530.14,0.0006086126783,,,,,,,,,,
530.16,0.0004727977377,,,,,,,,,,
530.18,0.0003473897942,,,,,,,,,,
530.2,0.0002391078051,,,,,,,,,,
530.22,0.0001548597216,,,,,,,,,,
530.24,0.000101172912,,,,,,,,,,
530.26,8.350877941e-05,,,,,,,,,,
530.28,0.0001055489646,,,,,,,,,,
530.3,0.0001685618147,,,,,,,,,,
530.32,0.0002709608038,,,,,,,,,,
530.34,0.0004081489074,,,,,,,,,,
530.36,0.0005727060768,,,,,,,,,,
530.38,0.0007549263096,,,,,,,,,,
530.4,0.0009436548182,,,,,,,,,,
530.42,0.0011273245,,,,,,,,,,
530.44,0.001295054369,,,,,,,,,,
530.46,0.001437658557,,,,,,,,,,
530.48,0.001548426781,,,,,,,,,,
530.5,0.001623574543,,,,,,,,,,
530.52,0.001662316995,,,,,,,,,,
530.54,0.001666583796,,,,,,,,,,
530.56,0.001640450614,,,,,,,,,,
530.58,0.001589404648,,,,,,,,,,
530.6,0.00151957874,,,,,,,,,,
530.62,0.001437079101,,,,,,,,,,
530.64,0.001347499055,,,,,,,,,,
530.66,0.001255663825,,,,,,,,,,
530.68,0.001165600369,,,,,,,,,,
530.7,0.001080681966,,,,,,,,,,
530.72,0.001003867961,,,,,,,,,,
530.74,0.0009379483978,,,,,,,,,,
530.76,0.0008857108634,,,,,,,,,,
530.78,0.0008499696621,,,,,,,,,,
530.8,0.0008334339323,,,,,,,,,,
530.82,0.0008384082451,,,,,,,,,,
530.84,0.0008663784836,,,,,,,,,,
530.86,0.000917540258,,,,,,,,,,
530.88,0.0009903529736,,,,,,,,,,
530.9,0.001081207012,,,,,,,,,,
530.92,0.001184284917,,,,,,,,,,
530.94,0.001291677824,,,,,,,,,,
530.96,0.001393786542,,,,,,,,,,
530.98,0.001479995605,,,,,,,,,,
531,0.00153956381,,,,,,,,,,
531.02,0.00156263414,,,,,,,,,,
531.04,0.001541237948,,,,,,,,,,
531.06,0.001470160268,,,,,,,,,,
531.08,0.001347548767,,,,,,,,,,
531.1,0.001175186505,,,,,,,,,,
531.12,0.0009584014916,,,,,,,,,,
531.14,0.0007056429247,,,,,,,,,,
531.16,0.0004278028334,,,,,,,,,,
531.18,0.0001373922044,,,,,,,,,,
531.2,-0.0001523127525,,,,,,,,,,
531.22,-0.0004280552787,,,,,,,,,,
531.24,-0.0006772484049,,,,,,,,,,
531.26,-0.0008884660518,,,,,,,,,,
531.28,-0.001051786483,,,,,,,,,,
531.3,-0.001159023674,,,,,,,,,,
531.32,-0.001203889741,,,,,,,,,,
531.34,-0.001182123867,,,,,,,,,,
531.36,-0.001091605512,,,,,,,,,,
531.38,-0.0009324493932,,,,,,,,,,
531.4,-0.0007070638677,,,,,,,,,,
531.42,-0.0004201473684,,,,,,,,,,
531.44,-7.860039434e-05,,,,,,,,,,
531.46,0.0003086591053,,,,,,,,,,
531.48,0.0007309755428,,,,,,,,,,
531.5,0.001176317248,,,,,,,,,,
531.52,0.001631698878,,,,,,,,,,
531.54,0.002083641905,,,,,,,,,,
531.56,0.002518652844,,,,,,,,,,
531.58,0.00292370268,,,,,,,,,,
531.6,0.003286693743,,,,,,,,,,
531.62,0.003596900385,,,,,,,,,,
531.64,0.0038453678,,,,,,,,,,
531.66,0.004025250861,,,,,,,,,,
531.68,0.004132074573,,,,,,,,,,
531.7,0.004163901204,,,,,,,,,,
531.72,0.004121396495,,,,,,,,,,
531.74,0.004007796394,,,,,,,,,,
531.76,0.003828782792,,,,,,,,,,
531.78,0.003592284632,,,,,,,,,,
531.8,0.003308214062,,,,,,,,,,
531.82,0.002988136954,,,,,,,,,,
531.84,0.002644883838,,,,,,,,,,
531.86,0.002292087253,,,,,,,,,,
531.88,0.001943640629,,,,,,,,,,
531.9,0.001613083256,,,,,,,,,,
531.92,0.001312934562,,,,,,,,,,
531.94,0.001054022562,,,,,,,,,,
531.96,0.0008448700601,,,,,,,,,,
531.98,0.0006912112332,,,,,,,,,,
532,0.000595706363,,,,,,,,,,
532.02,0.0005579022825,,,,,,,,,,
532.04,0.0005744534706,,,,,,,,,,
532.06,0.0006395797806,,,,,,,,,,
532.08,0.0007456995037,,,,,,,,,,
532.1,0.0008841488942,,,,,,,,,,
532.12,0.001045887419,,,,,,,,,,
532.14,0.001222094663,,,,,,,,,,
532.16,0.001404589008,,,,,,,,,,
532.18,0.001586035247,,,,,,,,,,
532.2,0.00175995091,,,,,,,,,,
532.22,0.001920560806,,,,,,,,,,
532.24,0.002062578129,,,,,,,,,,
532.26,0.002181002323,,,,,,,,,,
532.28,0.002271016299,,,,,,,,,,
532.3,0.002328039807,,,,,,,,,,
532.32,0.002347957102,,,,,,,,,,
532.34,0.002327493451,,,,,,,,,,
532.36,0.002264675844,,,,,,,,,,
532.38,0.002159286699,,,,,,,,,,
532.4,0.002013211288,,,,,,,,,,
532.42,0.001830591863,,,,,,,,,,
532.44,0.00161773174,,,,,,,,,,
532.46,0.001382735125,,,,,,,,,,
532.48,0.001134914868,,,,,,,,,,
532.5,0.0008840417714,,,,,,,,,,
532.52,0.0006395376443,,,,,,,,,,
532.54,0.0004097249573,,,,,,,,,,
532.56,0.0002012365584,,,,,,,,,,
532.58,1.866173751e-05,,,,,,,,,,
532.6,-0.0001355348934,,,,,,,,,,
532.62,-0.000260831477,,,,,,,,,,
532.64,-0.000358248206,,,,,,,,,,
532.66,-0.0004298204011,,,,,,,,,,
532.68,-0.000478031649,,,,,,,,,,
532.7,-0.0005053051286,,,,,,,,,,
532.72,-0.0005136288229,,,,,,,,,,
532.74,-0.0005043609293,,,,,,,,,,
532.76,-0.0004782278387,,,,,,,,,,
532.78,-0.0004354947812,,,,,,,,,,
532.8,-0.0003762641237,,,,,,,,,,
532.82,-0.0003008415015,,,,,,,,,,
532.84,-0.0002101060502,,,,,,,,,,
532.86,-0.000105826495,,,,,,,,,,
532.88,9.123148186e-06,,,,,,,,,,
532.9,0.0001306791209,,,,,,,,,,
532.92,0.0002536495803,,,,,,,,,,
532.94,0.000371922324,,,,,,,,,,
532.96,0.0004788055317,,,,,,,,,,
532.98,0.000567477247,,,,,,,,,,
533,0.0006315095639,,,,,,,,,,
533.02,0.0006654249393,,,,,,,,,,
533.04,0.0006652350025,,,,,,,,,,
533.06,0.0006289075656,,,,,,,,,,
533.08,0.0005567067299,,,,,,,,,,
533.1,0.0004513557405,,,,,,,,,,
533.12,0.0003179839331,,,,,,,,,,
533.14,0.0001638382858,,,,,,,,,,
533.16,-2.234234541e-06,,,,,,,,,,
533.18,-0.0001704976967,,,,,,,,,,
533.2,-0.0003311663995,,,,,,,,,,
533.22,-0.0004752830115,,,,,,,,,,
533.24,-0.0005955328894,,,,,,,,,,
533.26,-0.0006868924222,,,,,,,,,,
533.28,-0.0007470256946,,,,,,,,,,
533.3,-0.0007763745499,,,,,,,,,,
533.32,-0.0007779281806,,,,,,,,,,
533.34,-0.0007567032132,,,,,,,,,,
533.36,-0.0007190066423,,,,,,,,,,
533.38,-0.0006715844776,,,,,,,,,,
533.4,-0.0006207758964,,,,,,,,,,
533.42,-0.000571784501,,,,,,,,,,
533.44,-0.0005281617919,,,,,,,,,,
533.46,-0.0004915584116,,,,,,,,,,
533.48,-0.0004617560675,,,,,,,,,,
533.5,-0.0004369492135,,,,,,,,,,
533.52,-0.0004142100691,,,,,,,,,,
533.54,-0.0003900491404,,,,,,,,,,
533.56,-0.0003609789911,,,,,,,,,,
533.58,-0.000324000668,,,,,,,,,,
533.6,-0.0002769558123,,,,,,,,,,
533.62,-0.000218716943,,,,,,,,,,
533.64,-0.0001492173435,,,,,,,,,,
533.66,-6.934534786e-05,,,,,,,,,,
533.68,1.925719807e-05,,,,,,,,,,
533.7,0.0001144463697,,,,,,,,,,
533.72,0.0002138329223,,,,,,,,,,
533.74,0.0003150065752,,,,,,,,,,
533.76,0.0004157001864,,,,,,,,,,
533.78,0.0005138782506,,,,,,,,,,
533.8,0.0006077472055,,,,,,,,,,
533.82,0.00069569833,,,,,,,,,,
533.84,0.0007762065379,,,,,,,,,,
533.86,0.000847718578,,,,,,,,,,
533.88,0.0009085700592,,,,,,,,,,
533.9,0.0009569704134,,,,,,,,,,
533.92,0.0009910869799,,,,,,,,,,
533.94,0.001009243662,,,,,,,,,,
533.96,0.001010227383,,,,,,,,,,
533.98,0.0009936697219,,,,,,,,,,
534,0.000960445921,,,,,,,,,,
534.02,0.0009130140182,,,,,,,,,,
534.04,0.0008556082626,,,,,,,,,,
534.06,0.0007942061416,,,,,,,,,,
534.08,0.0007362193391,,,,,,,,,,
534.1,0.0006898842201,,,,,,,,,,
534.12,0.0006633917719,,,,,,,,,,
534.14,0.0006638486455,,,,,,,,,,
534.16,0.0006962027109,,,,,,,,,,
534.18,0.0007622970762,,,,,,,,,,
534.2,0.0008602157312,,,,,,,,,,
534.22,0.0009840533877,,,,,,,,,,
534.24,0.001124184347,,,,,,,,,,
534.26,0.001268030212,,,,,,,,,,
534.28,0.001401248092,,,,,,,,,,
534.3,0.001509195046,,,,,,,,,,
534.32,0.001578483313,,,,,,,,,,
534.34,0.001598431555,,,,,,,,,,
534.36,0.001562239493,,,,,,,,,,
534.38,0.001467760157,,,,,,,,,,
534.4,0.001317803883,,,,,,,,,,
534.42,0.001119968569,,,,,,,,,,
534.44,0.0008860408022,,,,,,,,,,
534.46,0.0006310464063,,,,,,,,,,
534.48,0.0003720459586,,,,,,,,,,
534.5,0.0001267749123,,,,,,,,,,
534.52,-8.777452084e-05,,,,,,,,,,
534.54,-0.0002567359114,,,,,,,,,,
534.56,-0.0003686227219,,,,,,,,,,
534.58,-0.0004163605471,,,,,,,,,,
534.6,-0.0003980058238,,,,,,,,,,
534.62,-0.0003170692755,,,,,,,,,,
534.64,-0.0001823849125,,,,,,,,,,
534.66,-7.502202241e-06,,,,,,,,,,
534.68,0.000190372903,,,,,,,,,,
534.7,0.0003918098151,,,,,,,,,,
534.72,0.0005768324902,,,,,,,,,,
534.74,0.0007266818895,,,,,,,,,,
534.76,0.0008254928768,,,,,,,,,,
534.78,0.0008617154784,,,,,,,,,,
534.8,0.0008291432915,,,,,,,,,,
534.82,0.0007274539297,,,,,,,,,,
534.84,0.0005622163718,,,,,,,,,,
534.86,0.0003443705314,,,,,,,,,,
534.88,8.923050252e-05,,,,,,,,,,
534.9,-0.0001848977643,,,,,,,,,,
534.92,-0.0004583617462,,,,,,,,,,
534.94,-0.00071192403,,,,,,,,,,
534.96,-0.0009284787133,,,,,,,,,,
534.98,-0.001094557375,,,,,,,,,,
535,-0.001201471188,,,,,,,,,,
535.02,-0.001245965934,,,,,,,,,,
535.04,-0.001230315981,,,,,,,,,,
535.06,-0.001161848326,,,,,,,,,,
535.08,-0.00105196049,,,,,,,,,,
535.1,-0.0009147644824,,,,,,,,,,
535.12,-0.0007655401111,,,,,,,,,,
535.14,-0.0006192035778,,,,,,,,,,
535.16,-0.0004889856433,,,,,,,,,,
535.18,-0.0003854690658,,,,,,,,,,
535.2,-0.0003160661432,,,,,,,,,,
535.22,-0.0002849380934,,,,,,,,,,
535.24,-0.0002932850483,,,,,,,,,,
535.26,-0.0003398828832,,,,,,,,,,
535.28,-0.0004217195757,,,,,,,,,,
535.3,-0.0005345943558,,,,,,,,,,
535.32,-0.0006735848737,,,,,,,,,,
535.34,-0.0008333105804,,,,,,,,,,
535.36,-0.001008024065,,,,,,,,,,
535.38,-0.001191568288,,,,,,,,,,
535.4,-0.00137728321,,,,,,,,,,
535.42,-0.001557949022,,,,,,,,,,
535.44,-0.001725838848,,,,,,,,,,
535.46,-0.001872923841,,,,,,,,,,
535.48,-0.001991235785,,,,,,,,,,
535.5,-0.002073354997,,,,,,,,,,
535.52,-0.002112962166,,,,,,,,,,
535.54,-0.002105376752,,,,,,,,,,
535.56,-0.00204800407,,,,,,,,,,
535.58,-0.0019406271,,,,,,,,,,
535.6,-0.001785503854,,,,,,,,,,
535.62,-0.00158726125,,,,,,,,,,
535.64,-0.001352605614,,,,,,,,,,
535.66,-0.001089892693,,,,,,,,,,
535.68,-0.0008086126447,,,,,,,,,,
535.7,-0.0005188467434,,,,,,,,,,
535.72,-0.0002307439992,,,,,,,,,,
535.74,4.594862751e-05,,,,,,,,,,
535.76,0.0003022848509,,,,,,,,,,
535.78,0.0005304420886,,,,,,,,,,
535.8,0.0007239723907,,,,,,,,,,
535.82,0.000877986859,,,,,,,,,,
535.84,0.000989277832,,,,,,,,,,
535.86,0.001056378865,,,,,,,,,,
535.88,0.00107956024,,,,,,,,,,
535.9,0.001060770494,,,,,,,,,,
535.92,0.001003519687,,,,,,,,,,
535.94,0.0009127220719,,,,,,,,,,
535.96,0.0007945118721,,,,,,,,,,
535.98,0.0006560454949,,,,,,,,,,
536,0.000505297058,,,,,,,,,,
536.02,0.0003508442387,,,,,,,,,,
536.04,0.0002016319342,,,,,,,,,,
536.06,6.669596962e-05,,,,,,,,,,
536.08,-4.516870945e-05,,,,,,,,,,
536.1,-0.0001258005415,,,,,,,,,,
536.12,-0.0001681130116,,,,,,,,,,
536.14,-0.000166555134,,,,,,,,,,
536.16,-0.0001175446817,,,,,,,,,,
536.18,-1.981995164e-05,,,,,,,,,,
536.2,0.0001253421444,,,,,,,,,,
536.22,0.0003140817276,,,,,,,,,,
536.24,0.0005401055536,,,,,,,,,,
536.26,0.0007950271148,,,,,,,,,,
536.28,0.001068870531,,,,,,,,,,
536.3,0.001350692368,,,,,,,,,,
536.32,0.001629262707,,,,,,,,,,
536.34,0.001893741704,,,,,,,,,,
536.36,0.00213429043,,,,,,,,,,
536.38,0.002342562937,,,,,,,,,,
536.4,0.002512053035,,,,,,,,,,
536.42,0.002638263604,,,,,,,,,,
536.44,0.00271872024,,,,,,,,,,
536.46,0.002752851119,,,,,,,,,,
536.48,0.002741773748,,,,,,,,,,
536.5,0.002688037437,,,,,,,,,,
536.52,0.002595366087,,,,,,,,,,
536.54,0.002468433238,,,,,,,,,,
536.56,0.002312682465,,,,,,,,,,
536.58,0.002134186279,,,,,,,,,,
536.6,0.001939520946,,,,,,,,,,
536.62,0.001735627514,,,,,,,,,,
536.64,0.001529632625,,,,,,,,,,
536.66,0.001328615271,,,,,,,,,,
536.68,0.001139323654,,,,,,,,,,
536.7,0.0009678642604,,,,,,,,,,
536.72,0.0008193980482,,,,,,,,,,
536.74,0.0006978825971,,,,,,,,,,
536.76,0.0006058935954,,,,,,,,,,
536.78,0.0005445458199,,,,,,,,,,
536.8,0.0005135168866,,,,,,,,,,
536.82,0.0005111609558,,,,,,,,,,
536.84,0.0005346880567,,,,,,,,,,
536.86,0.0005803798273,,,,,,,,,,
536.88,0.0006438126205,,,,,,,,,,
536.9,0.0007200737159,,,,,,,,,,
536.92,0.0008039493742,,,,,,,,,,
536.94,0.0008900831024,,,,,,,,,,
536.96,0.0009731156629,,,,,,,,,,
536.98,0.001047808242,,,,,,,,,,
537,0.001109160831,,,,,,,,,,
537.02,0.001152536056,,,,,,,,,,
537.04,0.00117379698,,,,,,,,,,
537.06,0.001169464132,,,,,,,,,,
537.08,0.001136891939,,,,,,,,,,
537.1,0.00107445807,,,,,,,,,,
537.12,0.0009817514155,,,,,,,,,,
537.14,0.0008597369053,,,,,,,,,,
537.16,0.0007108700037,,,,,,,,,,
537.18,0.0005391325222,,,,,,,,,,
537.2,0.0003499659007,,,,,,,,,,
537.22,0.0001500887645,,,,,,,,,,
537.24,-5.279877523e-05,,,,,,,,,,
537.26,-0.000250403435,,,,,,,,,,
537.28,-0.0004342820813,,,,,,,,,,
537.3,-0.0005962904681,,,,,,,,,,
537.32,-0.0007289843083,,,,,,,,,,
537.34,-0.0008259263117,,,,,,,,,,
537.36,-0.0008818704605,,,,,,,,,,
537.38,-0.0008928158259,,,,,,,,,,
537.4,-0.0008559488084,,,,,,,,,,
537.42,-0.0007695327467,,,,,,,,,,
537.44,-0.0006327880923,,,,,,,,,,
537.46,-0.000445833538,,,,,,,,,,
537.48,-0.0002097332683,,,,,,,,,,
537.5,7.333121585e-05,,,,,,,,,,
537.52,0.000399783697,,,,,,,,,,
537.54,0.0007643278554,,,,,,,,,,
537.56,0.001159661702,,,,,,,,,,
537.58,0.001576333146,,,,,,,,,,
537.6,0.002002829249,,,,,,,,,,
537.62,0.002425959793,,,,,,,,,,
537.64,0.002831545446,,,,,,,,,,
537.66,0.00320536134,,,,,,,,,,
537.68,0.003534230763,,,,,,,,,,
537.7,0.003807123487,,,,,,,,,,
537.72,0.004016098832,,,,,,,,,,
537.74,0.004156949334,,,,,,,,,,
537.76,0.004229444691,,,,,,,,,,
537.78,0.004237139347,,,,,,,,,,
537.8,0.004186777666,,,,,,,,,,
537.82,0.004087393542,,,,,,,,,,
537.84,0.003949241646,,,,,,,,,,
537.86,0.003782743708,,,,,,,,,,
537.88,0.00359753972,,,,,,,,,,
537.9,0.003401808674,,,,,,,,,,
537.92,0.003201888828,,,,,,,,,,
537.94,0.003002208208,,,,,,,,,,
537.96,0.002805485081,,,,,,,,,,
537.98,0.002613127577,,,,,,,,,,
538,0.002425747933,,,,,,,,,,
538.02,0.002243707951,,,,,,,,,,
538.04,0.002067623461,,,,,,,,,,
538.06,0.001898771378,,,,,,,,,,
538.08,0.001739359351,,,,,,,,,,
538.1,0.001592632936,,,,,,,,,,
538.12,0.001462808924,,,,,,,,,,
538.14,0.001354837227,,,,,,,,,,
538.16,0.001274008985,,,,,,,,,,
538.18,0.001225445582,,,,,,,,,,
538.2,0.001213520474,,,,,,,,,,
538.22,0.001241280408,,,,,,,,,,
538.24,0.001309940737,,,,,,,,,,
538.26,0.001418527938,,,,,,,,,,
538.28,0.001563723797,,,,,,,,,,
538.3,0.001739972088,,,,,,,,,,
538.32,0.001939806031,,,,,,,,,,
538.34,0.002154396753,,,,,,,,,,
538.36,0.002374252825,,,,,,,,,,
538.38,0.002589975194,,,,,,,,,,
538.4,0.002792971214,,,,,,,,,,
538.42,0.002976035488,,,,,,,,,,
538.44,0.003133727101,,,,,,,,,,
538.46,0.003262506695,,,,,,,,,,
538.48,0.003360636437,,,,,,,,,,
538.5,0.003427884263,,,,,,,,,,
538.52,0.003465103483,,,,,,,,,,
538.54,0.003473774415,,,,,,,,,,
538.56,0.003455593404,,,,,,,,,,
538.58,0.003412176993,,,,,,,,,,
538.6,0.00334491934,,,,,,,,,,
538.62,0.003255005941,,,,,,,,,,
538.64,0.003143553923,,,,,,,,,,
538.66,0.003011825699,,,,,,,,,,
538.68,0.002861453086,,,,,,,,,,
538.7,0.002694613587,,,,,,,,,,
538.72,0.002514113844,,,,,,,,,,
538.74,0.002323391969,,,,,,,,,,
538.76,0.002126387262,,,,,,,,,,
538.78,0.001927364427,,,,,,,,,,
538.8,0.001730697683,,,,,,,,,,
538.82,0.001540655188,,,,,,,,,,
538.84,0.001361208427,,,,,,,,,,
538.86,0.001195877266,,,,,,,,,,
538.88,0.001047608169,,,,,,,,,,
538.9,0.0009186748224,,,,,,,,,,
538.92,0.000810589428,,,,,,,,,,
538.94,0.0007240190575,,,,,,,,,,
538.96,0.0006587123123,,,,,,,,,,
538.98,0.0006134531504,,,,,,,,,,
539,0.0005860667441,,,,,,,,,,
539.02,0.0005735031505,,,,,,,,,,
539.04,0.0005720167175,,,,,,,,,,
539.06,0.0005774432404,,,,,,,,,,
539.08,0.0005855560259,,,,,,,,,,
539.1,0.0005924610603,,,,,,,,,,
539.12,0.0005949756363,,,,,,,,,,
539.14,0.0005909290775,,,,,,,,,,
539.16,0.0005793380837,,,,,,,,,,
539.18,0.0005604085013,,,,,,,,,,
539.2,0.0005353764046,,,,,,,,,,
539.22,0.0005062089274,,,,,,,,,,
539.24,0.0004752254574,,,,,,,,,,
539.26,0.0004447162791,,,,,,,,,,
539.28,0.0004166381256,,,,,,,,,,
539.3,0.0003924508684,,,,,,,,,,
539.32,0.0003731291394,,,,,,,,,,
539.34,0.0003593432265,,,,,,,,,,
539.36,0.0003517636642,,,,,,,,,,
539.38,0.0003514126297,,,,,,,,,,
539.4,0.0003599698945,,,,,,,,,,
539.42,0.0003799455905,,,,,,,,,,
539.44,0.0004146559127,,,,,,,,,,
539.46,0.0004679763053,,,,,,,,,,
539.48,0.000543891647,,,,,,,,,,
539.5,0.000645905182,,,,,,,,,,
539.52,0.00077639889,,,,,,,,,,
539.54,0.0009360474756,,,,,,,,,,
539.56,0.001123407259,,,,,,,,,,
539.58,0.001334718863,,,,,,,,,,
539.6,0.001563998421,,,,,,,,,,
539.62,0.001803405822,,,,,,,,,,
539.64,0.002043847525,,,,,,,,,,
539.66,0.002275740975,,,,,,,,,,
539.68,0.002489845423,,,,,,,,,,
539.7,0.002678057014,,,,,,,,,,
539.72,0.00283407339,,,,,,,,,,
539.74,0.002953852978,,,,,,,,,,
539.76,0.003035823583,,,,,,,,,,
539.78,0.003080829791,,,,,,,,,,
539.8,0.003091844021,,,,,,,,,,
539.82,0.003073496873,,,,,,,,,,
539.84,0.003031503862,,,,,,,,,,
539.86,0.002972074224,,,,,,,,,,
539.88,0.002901381541,,,,,,,,,,
539.9,0.00282515647,,,,,,,,,,
539.92,0.002748432192,,,,,,,,,,
539.94,0.00267543186,,,,,,,,,,
539.96,0.002609607303,,,,,,,,,,
539.98,0.002553687359,,,,,,,,,,
540,0.002509759715,,,,,,,,,,
540.02,0.002479297745,,,,,,,,,,
540.04,0.002463054667,,,,,,,,,,
540.06,0.002460933988,,,,,,,,,,
540.08,0.002471776574,,,,,,,,,,
540.1,0.002493136905,,,,,,,,,,
540.12,0.002521153195,,,,,,,,,,
540.14,0.002550555656,,,,,,,,,,
540.16,0.002574875735,,,,,,,,,,
540.18,0.00258686725,,,,,,,,,,
540.2,0.002579118044,,,,,,,,,,
540.22,0.002544788232,,,,,,,,,,
540.24,0.002478382675,,,,,,,,,,
540.26,0.002376451235,,,,,,,,,,
540.28,0.002238115671,,,,,,,,,,
540.3,0.002065345337,,,,,,,,,,
540.32,0.001862936709,,,,,,,,,,
540.34,0.001638217231,,,,,,,,,,
540.36,0.001400485539,,,,,,,,,,
540.38,0.001160288215,,,,,,,,,,
540.4,0.0009286184319,,,,,,,,,,
540.42,0.000716127593,,,,,,,,,,
540.44,0.0005324293832,,,,,,,,,,
540.46,0.0003855500947,,,,,,,,,,
540.48,0.0002815507614,,,,,,,,,,
540.5,0.0002243207578,,,,,,,,,,
540.52,0.0002155240606,,,,,,,,,,
540.54,0.0002546707055,,,,,,,,,,
540.56,0.0003392865379,,,,,,,,,,
540.58,0.0004651611565,,,,,,,,,,
540.6,0.0006266624599,,,,,,,,,,
540.62,0.0008171119012,,,,,,,,,,
540.64,0.001029214235,,,,,,,,,,
540.66,0.001255528488,,,,,,,,,,
540.68,0.001488954585,,,,,,,,,,
540.7,0.001723192028,,,,,,,,,,
540.72,0.001953154415,,,,,,,,,,
540.74,0.00217522652,,,,,,,,,,
540.76,0.002387395153,,,,,,,,,,
540.78,0.002589200896,,,,,,,,,,
540.8,0.002781526425,,,,,,,,,,
540.82,0.002966255606,,,,,,,,,,
540.84,0.003145856774,,,,,,,,,,
540.86,0.003322951142,,,,,,,,,,
540.88,0.00349992119,,,,,,,,,,
540.9,0.00367859596,,,,,,,,,,
540.92,0.00386002569,,,,,,,,,,
540.94,0.004044334526,,,,,,,,,,
540.96,0.004230624387,,,,,,,,,,
540.98,0.004416900449,,,,,,,,,,
541,0.00460000023,,,,,,,,,,
541.02,0.004775530588,,,,,,,,,,
541.04,0.004937842928,,,,,,,,,,
541.06,0.005080088607,,,,,,,,,,
541.08,0.005194456722,,,,,,,,,,
541.1,0.005272565561,,,,,,,,,,
541.12,0.005306087075,,,,,,,,,,
541.14,0.005287566958,,,,,,,,,,
541.16,0.005211358399,,,,,,,,,,
541.18,0.005074557094,,,,,,,,,,
541.2,0.004877795337,,,,,,,,,,
541.22,0.004625751659,,,,,,,,,,
541.24,0.004327258831,,,,,,,,,,
541.26,0.003994944439,,,,,,,,,,
541.28,0.003644406603,,,,,,,,,,
541.3,0.003293000795,,,,,,,,,,
541.32,0.002958378937,,,,,,,,,,
541.34,0.002656966522,,,,,,,,,,
541.36,0.002402579105,,,,,,,,,,
541.38,0.002205362565,,,,,,,,,,
541.4,0.002071194673,,,,,,,,,,
541.42,0.002001602971,,,,,,,,,,
541.44,0.001994253584,,,,,,,,,,
541.46,0.002043803817,,,,,,,,,,
541.48,0.002143074335,,,,,,,,,,
541.5,0.002284322709,,,,,,,,,,
541.52,0.002460428172,,,,,,,,,,
541.54,0.002665826871,,,,,,,,,,
541.56,0.00289708235,,,,,,,,,,
541.58,0.003153038859,,,,,,,,,,
541.6,0.003434570784,,,,,,,,,,
541.62,0.003743999023,,,,,,,,,,
541.64,0.004084285739,,,,,,,,,,
541.66,0.004458138084,,,,,,,,,,
541.68,0.004867149097,,,,,,,,,,
541.7,0.005311083955,,,,,,,,,,
541.72,0.005787388754,,,,,,,,,,
541.74,0.006290964091,,,,,,,,,,
541.76,0.006814205499,,,,,,,,,,
541.78,0.00734731761,,,,,,,,,,
541.8,0.007878872607,,,,,,,,,,
541.82,0.008396470704,,,,,,,,,,
541.84,0.008887584626,,,,,,,,,,
541.86,0.00934044178,,,,,,,,,,
541.88,0.009744893053,,,,,,,,,,
541.9,0.01009319418,,,,,,,,,,
541.92,0.01038062487,,,,,,,,,,
541.94,0.01060587706,,,,,,,,,,
541.96,0.01077115892,,,,,,,,,,
541.98,0.01088198601,,,,,,,,,,
542,0.01094666456,,,,,,,,,,
542.02,0.0109755089,,,,,,,,,,
542.04,0.0109798711,,,,,,,,,,
542.06,0.0109710885,,,,,,,,,,
542.08,0.01095946934,,,,,,,,,,
542.1,0.01095342725,,,,,,,,,,
542.12,0.01095886015,,,,,,,,,,
542.14,0.01097894889,,,,,,,,,,
542.16,0.01101410781,,,,,,,,,,
542.18,0.01106238282,,,,,,,,,,
542.2,0.01112006449,,,,,,,,,,
542.22,0.01118245882,,,,,,,,,,
542.24,0.01124470957,,,,,,,,,,
542.26,0.01130256831,,,,,,,,,,
542.28,0.01135302375,,,,,,,,,,
542.3,0.01139472842,,,,,,,,,,
542.32,0.01142819208,,,,,,,,,,
542.34,0.01145574362,,,,,,,,,,
542.36,0.01148129085,,,,,,,,,,
542.38,0.0115099291,,,,,,,,,,
542.4,0.01154746099,,,,,,,,,,
542.42,0.01159989265,,,,,,,,,,
542.44,0.01167294752,,,,,,,,,,
542.46,0.01177170098,,,,,,,,,,
542.48,0.01190035445,,,,,,,,,,
542.5,0.01206200438,,,,,,,,,,
542.52,0.01225864719,,,,,,,,,,
542.54,0.01249125415,,,,,,,,,,
542.56,0.01275992406,,,,,,,,,,
542.58,0.01306408644,,,,,,,,,,
542.6,0.01340273035,,,,,,,,,,
542.62,0.01377463941,,,,,,,,,,
542.64,0.01417861997,,,,,,,,,,
542.66,0.01461371376,,,,,,,,,,
542.68,0.01507938755,,,,,,,,,,
542.7,0.01557568981,,,,,,,,,,
542.72,0.01610335926,,,,,,,,,,
542.74,0.01666386479,,,,,,,,,,
542.76,0.01725935403,,,,,,,,,,
542.78,0.01789242342,,,,,,,,,,
542.8,0.0185660359,,,,,,,,,,
542.82,0.0192829634,,,,,,,,,,
542.84,0.02004536797,,,,,,,,,,
542.86,0.02085434486,,,,,,,,,,
542.88,0.02170951267,,,,,,,,,,
542.9,0.0226087367,,,,,,,,,,
542.92,0.02354804891,,,,,,,,,,
542.94,0.02452180183,,,,,,,,,,
542.96,0.02552305734,,,,,,,,,,
542.98,0.02654417137,,,,,,,,,,
543,0.02757750064,,,,,,,,,,
543.02,0.02861613433,,,,,,,,,,
543.04,0.02965454696,,,,,,,,,,
543.06,0.03068908014,,,,,,,,,,
543.08,0.03171818741,,,,,,,,,,
543.1,0.03274232226,,,,,,,,,,
543.12,0.03376389293,,,,,,,,,,
543.14,0.03478663974,,,,,,,,,,
543.16,0.0358149845,,,,,,,,,,
543.18,0.03685343096,,,,,,,,,,
543.2,0.03790598099,,,,,,,,,,
543.22,0.03897569482,,,,,,,,,,
543.24,0.04006445573,,,,,,,,,,
543.26,0.04117296751,,,,,,,,,,
543.28,0.04230097668,,,,,,,,,,
543.3,0.04344767544,,,,,,,,,,
543.32,0.04461221103,,,,,,,,,,
543.34,0.04579420823,,,,,,,,,,
543.36,0.04699420719,,,,,,,,,,
543.38,0.04821393144,,,,,,,,,,
543.4,0.04945632926,,,,,,,,,,
543.42,0.05072520333,,,,,,,,,,
543.44,0.0520252498,,,,,,,,,,
543.46,0.05336113697,,,,,,,,,,
543.48,0.05473690829,,,,,,,,,,
543.5,0.05615547589,,,,,,,,,,
543.52,0.05761822045,,,,,,,,,,
543.54,0.05912481897,,,,,,,,,,
543.56,0.06067333202,,,,,,,,,,
543.58,0.06226053768,,,,,,,,,,
543.6,0.0638824599,,,,,,,,,,
543.62,0.06553500945,,,,,,,,,,
543.64,0.06721464158,,,,,,,,,,
543.66,0.06891893624,,,,,,,,,,
543.68,0.07064702164,,,,,,,,,,
543.7,0.07239978766,,,,,,,,,,
543.72,0.07417981908,,,,,,,,,,
543.74,0.07599100108,,,,,,,,,,
543.76,0.07783878899,,,,,,,,,,
543.78,0.07972881705,,,,,,,,,,
543.8,0.08166652479,,,,,,,,,,
543.82,0.0836565004,,,,,,,,,,
543.84,0.08570189619,,,,,,,,,,
543.86,0.08780397958,,,,,,,,,,
543.88,0.08996186913,,,,,,,,,,
543.9,0.09217248709,,,,,,,,,,
543.92,0.09443073923,,,,,,,,,,
543.94,0.09672991066,,,,,,,,,,
543.96,0.09906224489,,,,,,,,,,
543.98,0.1014196537,,,,,,,,,,
544,0.1037944897,,,,,,,,,,
544.02,0.1061803033,,,,,,,,,,
544.04,0.108572142,,,,,,,,,,
544.06,0.1109680176,,,,,,,,,,
544.08,0.1133684155,,,,,,,,,,
544.1,0.1157763197,,,,,,,,,,
544.12,0.1181970603,,,,,,,,,,
544.14,0.1206378124,,,,,,,,,,
544.16,0.1231069194,,,,,,,,,,
544.18,0.1256131265,,,,,,,,,,
544.2,0.1281648192,,,,,,,,,,
544.22,0.1307693626,,,,,,,,,,
544.24,0.133432616,,,,,,,,,,
544.26,0.1361586731,,,,,,,,,,
544.28,0.1389498364,,,,,,,,,,
544.3,0.1418068028,,,,,,,,,,
544.32,0.1447290029,,,,,,,,,,
544.34,0.1477146006,,,,,,,,,,
544.36,0.150761933,,,,,,,,,,
544.38,0.1538693368,,,,,,,,,,
544.4,0.1570350731,,,,,,,,,,
544.42,0.1602576878,,,,,,,,,,
544.44,0.1635360061,,,,,,,,,,
544.46,0.1668690396,,,,,,,,,,
544.48,0.1702558508,,,,,,,,,,
544.5,0.1736954169,,,,,,,,,,
544.52,0.1771865332,,,,,,,,,,
544.54,0.180727775,,,,,,,,,,
544.56,0.1843175244,,,,,,,,,,
544.58,0.1879540527,,,,,,,,,,
544.6,0.1916356384,,,,,,,,,,
544.62,0.1953606975,,,,,,,,,,
544.64,0.199127247,,,,,,,,,,
544.66,0.2029347402,,,,,,,,,,
544.68,0.2067828656,,,,,,,,,,
544.7,0.2106714982,,,,,,,,,,
544.72,0.2146009251,,,,,,,,,,
544.74,0.2185717944,,,,,,,,,,
544.76,0.2225850393,,,,,,,,,,
544.78,0.2266417809,,,,,,,,,,
544.8,0.2307432141,,,,,,,,,,
544.82,0.2348904796,,,,,,,,,,
544.84,0.2390845217,,,,,,,,,,
544.86,0.2433259332,,,,,,,,,,
544.88,0.2476147934,,,,,,,,,,
544.9,0.2519505075,,,,,,,,,,
544.92,0.2563315996,,,,,,,,,,
544.94,0.2607546761,,,,,,,,,,
544.96,0.2652175734,,,,,,,,,,
544.98,0.2697160855,,,,,,,,,,
545,0.2742452554,,,,,,,,,,
545.02,0.2787996579,,,,,,,,,,
545.04,0.2833737951,,,,,,,,,,
545.06,0.2879625761,,,,,,,,,,
545.08,0.2925618322,,,,,,,,,,
545.1,0.2971688067,,,,,,,,,,
545.12,0.3017825487,,,,,,,,,,
545.14,0.3064041451,,,,,,,,,,
545.16,0.3110367442,,,,,,,,,,
545.18,0.3156853477,,,,,,,,,,
545.2,0.3203563841,,,,,,,,,,
545.22,0.3250562226,,,,,,,,,,
545.24,0.3297925184,,,,,,,,,,
545.26,0.334572712,,,,,,,,,,
545.28,0.3394024152,,,,,,,,,,
545.3,0.3442855823,,,,,,,,,,
545.32,0.3492242716,,,,,,,,,,
545.34,0.3542186439,,,,,,,,,,
545.36,0.3592671825,,,,,,,,,,
545.38,0.3643670868,,,,,,,,,,
545.4,0.3695147698,,,,,,,,,,
545.42,0.3747063818,,,,,,,,,,
545.44,0.3799382835,,,,,,,,,,
545.46,0.38520741,,,,,,,,,,
545.48,0.3905114844,,,,,,,,,,
545.5,0.3958484653,,,,,,,,,,
545.52,0.4012169957,,,,,,,,,,
545.54,0.4066181709,,,,,,,,,,
545.56,0.4120520116,,,,,,,,,,
545.58,0.4175183945,,,,,,,,,,
545.6,0.4230167201,,,,,,,,,,
545.62,0.4285456312,,,,,,,,,,
545.64,0.4341028156,,,,,,,,,,
545.66,0.4396849138,,,,,,,,,,
545.68,0.4452875366,,,,,,,,,,
545.7,0.450905389,,,,,,,,,,
545.72,0.4565324824,,,,,,,,,,
545.74,0.4621624092,,,,,,,,,,
545.76,0.4677886539,,,,,,,,,,
545.78,0.4734043419,,,,,,,,,,
545.8,0.4790025683,,,,,,,,,,
545.82,0.4845800392,,,,,,,,,,
545.84,0.4901327884,,,,,,,,,,
545.86,0.4956580715,,,,,,,,,,
545.88,0.5011545188,,,,,,,,,,
545.9,0.5066222354,,,,,,,,,,
545.92,0.5120628398,,,,,,,,,,
545.94,0.5174794222,,,,,,,,,,
545.96,0.522876402,,,,,,,,,,
545.98,0.5282592647,,,,,,,,,,
546,0.5336341636,,,,,,,,,,
546.02,0.5390073883,,,,,,,,,,
546.04,0.5443847182,,,,,,,,,,
546.06,0.5497697292,,,,,,,,,,
546.08,0.555164325,,,,,,,,,,
546.1,0.560570198,,,,,,,,,,
546.12,0.5659842437,,,,,,,,,,
546.14,0.5713999867,,,,,,,,,,
546.16,0.5768076143,,,,,,,,,,
546.18,0.5821943369,,,,,,,,,,
546.2,0.5875450722,,,,,,,,,,
546.22,0.592843407,,,,,,,,,,
546.24,0.5980727554,,,,,,,,,,
546.26,0.6032176003,,,,,,,,,,
546.28,0.6082646909,,,,,,,,,,
546.3,0.6132040651,,,,,,,,,,
546.32,0.6180297871,,,,,,,,,,
546.34,0.6227383234,,,,,,,,,,
546.36,0.627333503,,,,,,,,,,
546.38,0.6318231753,,,,,,,,,,
546.4,0.6362173896,,,,,,,,,,
546.42,0.6405284551,,,,,,,,,,
546.44,0.6447698517,,,,,,,,,,
546.46,0.6489551371,,,,,,,,,,
546.48,0.6530969608,,,,,,,,,,
546.5,0.657206262,,,,,,,,,,
546.52,0.6612917027,,,,,,,,,,
546.54,0.6653593466,,,,,,,,,,
546.56,0.6694125674,,,,,,,,,,
546.58,0.6734521484,,,,,,,,,,
546.6,0.6774761026,,,,,,,,,,
546.62,0.6814783471,,,,,,,,,,
546.64,0.685456672,,,,,,,,,,
546.66,0.6894047467,,,,,,,,,,
546.68,0.6933155143,,,,,,,,,,
546.7,0.6971816422,,,,,,,,,,
546.72,0.7009959643,,,,,,,,,,
546.74,0.7047519011,,,,,,,,,,
546.76,0.7084438406,,,,,,,,,,
546.78,0.7120674546,,,,,,,,,,
546.8,0.7156199215,,,,,,,,,,
546.82,0.7191000309,,,,,,,,,,
546.84,0.72250815,,,,,,,,,,
546.86,0.7258460484,,,,,,,,,,
546.88,0.7291138384,,,,,,,,,,
546.9,0.7323169675,,,,,,,,,,
546.92,0.7354601461,,,,,,,,,,
546.94,0.7385469587,,,,,,,,,,
546.96,0.7415803337,,,,,,,,,,
546.98,0.744562202,,,,,,,,,,
547,0.7474932724,,,,,,,,,,
547.02,0.7503729406,,,,,,,,,,
547.04,0.7531993358,,,,,,,,,,
547.06,0.7559694934,,,,,,,,,,
547.08,0.7586796321,,,,,,,,,,
547.1,0.7613255053,,,,,,,,,,
547.12,0.7639027957,,,,,,,,,,
547.14,0.7664054047,,,,,,,,,,
547.16,0.768830436,,,,,,,,,,
547.18,0.7711775059,,,,,,,,,,
547.2,0.7734458313,,,,,,,,,,
547.22,0.775636226,,,,,,,,,,
547.24,0.7777512378,,,,,,,,,,
547.26,0.7797951931,,,,,,,,,,
547.28,0.7817741424,,,,,,,,,,
547.3,0.7836957058,,,,,,,,,,
547.32,0.7855688177,,,,,,,,,,
547.34,0.7874033742,,,,,,,,,,
547.36,0.7892097905,,,,,,,,,,
547.38,0.7909984858,,,,,,,,,,
547.4,0.7927773335,,,,,,,,,,
547.42,0.7945549653,,,,,,,,,,
547.44,0.7963405732,,,,,,,,,,
547.46,0.7981391264,,,,,,,,,,
547.48,0.7999531454,,,,,,,,,,
547.5,0.8017825371,,,,,,,,,,
547.52,0.8036246186,,,,,,,,,,
547.54,0.8054743375,,,,,,,,,,
547.56,0.807324681,,,,,,,,,,
547.58,0.8091672427,,,,,,,,,,
547.6,0.810992901,,,,,,,,,,
547.62,0.8127925507,,,,,,,,,,
547.64,0.8145578205,,,,,,,,,,
547.66,0.8162792647,,,,,,,,,,
547.68,0.8179524187,,,,,,,,,,
547.7,0.8195761783,,,,,,,,,,
547.72,0.8211499216,,,,,,,,,,
547.74,0.8226751855,,,,,,,,,,
547.76,0.8241553175,,,,,,,,,,
547.78,0.8255949488,,,,,,,,,,
547.8,0.826999349,,,,,,,,,,
547.82,0.8283737454,,,,,,,,,,
547.84,0.8297226925,,,,,,,,,,
547.86,0.8310495795,,,,,,,,,,
547.88,0.8323563451,,,,,,,,,,
547.9,0.833643442,,,,,,,,,,
547.92,0.8349065108,,,,,,,,,,
547.94,0.8361466644,,,,,,,,,,
547.96,0.8373629703,,,,,,,,,,
547.98,0.8385541365,,,,,,,,,,
548,0.8397199874,,,,,,,,,,
548.02,0.8408619369,,,,,,,,,,
548.04,0.8419832216,,,,,,,,,,
548.06,0.8430888498,,,,,,,,,,
548.08,0.8441852666,,,,,,,,,,
548.1,0.84527978,,,,,,,,,,
548.12,0.8463798297,,,,,,,,,,
548.14,0.8474922022,,,,,,,,,,
548.16,0.8486214982,,,,,,,,,,
548.18,0.8497682552,,,,,,,,,,
548.2,0.8509373958,,,,,,,,,,
548.22,0.8521277502,,,,,,,,,,
548.24,0.8533359688,,,,,,,,,,
548.26,0.8545569225,,,,,,,,,,
548.28,0.8557842494,,,,,,,,,,
548.3,0.8570109683,,,,,,,,,,
548.32,0.8582300808,,,,,,,,,,
548.34,0.8594350942,,,,,,,,,,
548.36,0.8606204206,,,,,,,,,,
548.38,0.8617816282,,,,,,,,,,
548.4,0.8629155478,,,,,,,,,,
548.42,0.8640170955,,,,,,,,,,
548.44,0.8650872063,,,,,,,,,,
548.46,0.8661276546,,,,,,,,,,
548.48,0.8671396066,,,,,,,,,,
548.5,0.8681249872,,,,,,,,,,
548.52,0.869086385,,,,,,,,,,
548.54,0.8700269812,,,,,,,,,,
548.56,0.8709504911,,,,,,,,,,
548.58,0.8718611004,,,,,,,,,,
548.6,0.8727633802,,,,,,,,,,
548.62,0.873662169,,,,,,,,,,
548.64,0.8745624201,,,,,,,,,,
548.66,0.8754675306,,,,,,,,,,
548.68,0.8763803561,,,,,,,,,,
548.7,0.8773084316,,,,,,,,,,
548.72,0.8782554543,,,,,,,,,,
548.74,0.8792244777,,,,,,,,,,
548.76,0.8802178699,,,,,,,,,,
548.78,0.8812373116,,,,,,,,,,
548.8,0.8822838241,,,,,,,,,,
548.82,0.8833578139,,,,,,,,,,
548.84,0.8844591195,,,,,,,,,,
548.86,0.8855870517,,,,,,,,,,
548.88,0.8867404195,,,,,,,,,,
548.9,0.8879172036,,,,,,,,,,
548.92,0.8891110179,,,,,,,,,,
548.94,0.8903237884,,,,,,,,,,
548.96,0.8915523836,,,,,,,,,,
548.98,0.8927931613,,,,,,,,,,
549,0.894041954,,,,,,,,,,
549.02,0.8952940473,,,,,,,,,,
549.04,0.8965441628,,,,,,,,,,
549.06,0.8977864584,,,,,,,,,,
549.08,0.8990145696,,,,,,,,,,
549.1,0.9002217133,,,,,,,,,,
549.12,0.9014008766,,,,,,,,,,
549.14,0.9025451014,,,,,,,,,,
549.16,0.9036431314,,,,,,,,,,
549.18,0.9046938564,,,,,,,,,,
549.2,0.905693385,,,,,,,,,,
549.22,0.9066394806,,,,,,,,,,
549.24,0.9075322573,,,,,,,,,,
549.26,0.9083744619,,,,,,,,,,
549.28,0.9091715534,,,,,,,,,,
549.3,0.9099315465,,,,,,,,,,
549.32,0.9106646104,,,,,,,,,,
549.34,0.9113824461,,,,,,,,,,
549.36,0.9120974922,,,,,,,,,,
549.38,0.912822036,,,,,,,,,,
549.4,0.9135624984,,,,,,,,,,
549.42,0.9143328455,,,,,,,,,,
549.44,0.9151403661,,,,,,,,,,
549.46,0.9159892001,,,,,,,,,,
549.48,0.9168805074,,,,,,,,,,
549.5,0.9178125846,,,,,,,,,,
549.52,0.9187811987,,,,,,,,,,
549.54,0.9197800867,,,,,,,,,,
549.56,0.9208015577,,,,,,,,,,
549.58,0.9218371341,,,,,,,,,,
549.6,0.9228781734,,,,,,,,,,
549.62,0.9239161638,,,,,,,,,,
549.64,0.9249390083,,,,,,,,,,
549.66,0.925945543,,,,,,,,,,
549.68,0.9269310857,,,,,,,,,,
549.7,0.9278925198,,,,,,,,,,
549.72,0.9288282742,,,,,,,,,,
549.74,0.9297381699,,,,,,,,,,
549.76,0.9306231484,,,,,,,,,,
549.78,0.9314849091,,,,,,,,,,
549.8,0.932325492,,,,,,,,,,
549.82,0.9331468548,,,,,,,,,,
549.84,0.9339505044,,,,,,,,,,
549.86,0.9347357766,,,,,,,,,,
549.88,0.935500126,,,,,,,,,,
549.9,0.9362466591,,,,,,,,,,
549.92,0.9369736042,,,,,,,,,,
549.94,0.9376799556,,,,,,,,,,
549.96,0.9383620648,,,,,,,,,,
549.98,0.9390231721,,,,,,,,,,
550,0.9396504686,,,,,,,,,,
550.02,0.9402325657,,,,,,,,,,
550.04,0.9407864103,,,,,,,,,,
550.06,0.9413229061,,,,,,,,,,
550.08,0.941845768,,,,,,,,,,
550.1,0.9423573804,,,,,,,,,,
550.12,0.9428646157,,,,,,,,,,
550.14,0.9433754658,,,,,,,,,,
550.16,0.9438952,,,,,,,,,,
550.18,0.9444279357,,,,,,,,,,
550.2,0.9449762725,,,,,,,,,,
550.22,0.9455409074,,,,,,,,,,
550.24,0.9461204845,,,,,,,,,,
550.26,0.9467116243,,,,,,,,,,
550.28,0.9473091878,,,,,,,,,,
550.3,0.9479067502,,,,,,,,,,
550.32,0.9484971032,,,,,,,,,,
550.34,0.9490680755,,,,,,,,,,
550.36,0.9496190301,,,,,,,,,,
550.38,0.9501455554,,,,,,,,,,
550.4,0.9506453706,,,,,,,,,,
550.42,0.9511186129,,,,,,,,,,
550.44,0.9515678299,,,,,,,,,,
550.46,0.9519976738,,,,,,,,,,
550.48,0.9524143342,,,,,,,,,,
550.5,0.9528247748,,,,,,,,,,
550.52,0.9532358689,,,,,,,,,,
550.54,0.953653534,,,,,,,,,,
550.56,0.9540788429,,,,,,,,,,
550.58,0.9545144077,,,,,,,,,,
550.6,0.9549621199,,,,,,,,,,
550.62,0.9554188544,,,,,,,,,,
550.64,0.9558792555,,,,,,,,,,
550.66,0.9563363,,,,,,,,,,
550.68,0.9567820432,,,,,,,,,,
550.7,0.9572084604,,,,,,,,,,
550.72,0.957608288,,,,,,,,,,
550.74,0.9579757716,,,,,,,,,,
550.76,0.9583072428,,,,,,,,,,
550.78,0.9586003976,,,,,,,,,,
550.8,0.9588530502,,,,,,,,,,
550.82,0.9590736178,,,,,,,,,,
550.84,0.9592680665,,,,,,,,,,
550.86,0.9594440581,,,,,,,,,,
550.88,0.9596104005,,,,,,,,,,
550.9,0.9597764462,,,,,,,,,,
550.92,0.959951484,,,,,,,,,,
550.94,0.9601441557,,,,,,,,,,
550.96,0.9603619242,,,,,,,,,,
550.98,0.9606106035,,,,,,,,,,
551,0.9608939661,,,,,,,,,,
551.02,0.9612081795,,,,,,,,,,
551.04,0.9615569825,,,,,,,,,,
551.06,0.9619372512,,,,,,,,,,
551.08,0.962342927,,,,,,,,,,
551.1,0.962765768,,,,,,,,,,
551.12,0.9631957757,,,,,,,,,,
551.14,0.9636217689,,,,,,,,,,
551.16,0.9640320782,,,,,,,,,,
551.18,0.9644153206,,,,,,,,,,
551.2,0.9647611953,,,,,,,,,,
551.22,0.9650612352,,,,,,,,,,
551.24,0.9653051682,,,,,,,,,,
551.26,0.9654927249,,,,,,,,,,
551.28,0.9656256146,,,,,,,,,,
551.3,0.9657071892,,,,,,,,,,
551.32,0.9657436705,,,,,,,,,,
551.34,0.9657435713,,,,,,,,,,
551.36,0.96571688,,,,,,,,,,
551.38,0.9656740803,,,,,,,,,,
551.4,0.9656250978,,,,,,,,,,
551.42,0.9655782798,,,,,,,,,,
551.44,0.965539517,,,,,,,,,,
551.46,0.9655078027,,,,,,,,,,
551.48,0.965484299,,,,,,,,,,
551.5,0.9654671576,,,,,,,,,,
551.52,0.9654495449,,,,,,,,,,
551.54,0.9654224397,,,,,,,,,,
551.56,0.9653755965,,,,,,,,,,
551.58,0.9652986267,,,,,,,,,,
551.6,0.9651820832,,,,,,,,,,
551.62,0.9650184363,,,,,,,,,,
551.64,0.9648028506,,,,,,,,,,
551.66,0.9645336974,,,,,,,,,,
551.68,0.9642089464,,,,,,,,,,
551.7,0.9638355485,,,,,,,,,,
551.72,0.9634238355,,,,,,,,,,
551.74,0.962984584,,,,,,,,,,
551.76,0.9625303742,,,,,,,,,,
551.78,0.9620747501,,,,,,,,,,
551.8,0.9616313065,,,,,,,,,,
551.82,0.9612127633,,,,,,,,,,
551.84,0.9608300907,,,,,,,,,,
551.86,0.9604917515,,,,,,,,,,
551.88,0.9602031207,,,,,,,,,,
551.9,0.9599617716,,,,,,,,,,
551.92,0.9597690003,,,,,,,,,,
551.94,0.9596216344,,,,,,,,,,
551.96,0.9595122098,,,,,,,,,,
551.98,0.9594312788,,,,,,,,,,
552,0.9593682923,,,,,,,,,,
552.02,0.9593125295,,,,,,,,,,
552.04,0.9592539842,,,,,,,,,,
552.06,0.9591841269,,,,,,,,,,
552.08,0.9590964826,,,,,,,,,,
552.1,0.9589869931,,,,,,,,,,
552.12,0.9588487526,,,,,,,,,,
552.14,0.9586877081,,,,,,,,,,
552.16,0.9585078456,,,,,,,,,,
552.18,0.9583146505,,,,,,,,,,
552.2,0.9581152649,,,,,,,,,,
552.22,0.9579180188,,,,,,,,,,
552.24,0.9577318983,,,,,,,,,,
552.26,0.9575659583,,,,,,,,,,
552.28,0.9574286904,,,,,,,,,,
552.3,0.9573273607,,,,,,,,,,
552.32,0.9572663723,,,,,,,,,,
552.34,0.9572445664,,,,,,,,,,
552.36,0.9572669356,,,,,,,,,,
552.38,0.9573301711,,,,,,,,,,
552.4,0.9574276371,,,,,,,,,,
552.42,0.9575495958,,,,,,,,,,
552.44,0.9576837254,,,,,,,,,,
552.46,0.9578159153,,,,,,,,,,
552.48,0.9579312883,,,,,,,,,,
552.5,0.9580153608,,,,,,,,,,
552.52,0.958055226,,,,,,,,,,
552.54,0.9580376299,,,,,,,,,,
552.56,0.9579558292,,,,,,,,,,
552.58,0.9578102443,,,,,,,,,,
552.6,0.9576024922,,,,,,,,,,
552.62,0.9573381872,,,,,,,,,,
552.64,0.9570263261,,,,,,,,,,
552.66,0.9566783757,,,,,,,,,,
552.68,0.9563071848,,,,,,,,,,
552.7,0.9559258547,,,,,,,,,,
552.72,0.9555467044,,,,,,,,,,
552.74,0.9551804387,,,,,,,,,,
552.76,0.9548300638,,,,,,,,,,
552.78,0.9545067632,,,,,,,,,,
552.8,0.9542149717,,,,,,,,,,
552.82,0.9539565906,,,,,,,,,,
552.84,0.9537320076,,,,,,,,,,
552.86,0.9535406301,,,,,,,,,,
552.88,0.9533813908,,,,,,,,,,
552.9,0.9532531619,,,,,,,,,,
552.92,0.9531550389,,,,,,,,,,
552.94,0.9530864779,,,,,,,,,,
552.96,0.953044844,,,,,,,,,,
552.98,0.9530290353,,,,,,,,,,
553,0.9530429743,,,,,,,,,,
553.02,0.9530868524,,,,,,,,,,
553.04,0.9531606076,,,,,,,,,,
553.06,0.9532637423,,,,,,,,,,
553.08,0.9533951528,,,,,,,,,,
553.1,0.9535529831,,,,,,,,,,
553.12,0.9537345086,,,,,,,,,,
553.14,0.9539360581,,,,,,,,,,
553.16,0.954152984,,,,,,,,,,
553.18,0.9543737521,,,,,,,,,,
553.2,0.9545977575,,,,,,,,,,
553.22,0.9548182749,,,,,,,,,,
553.24,0.9550281037,,,,,,,,,,
553.26,0.955220164,,,,,,,,,,
553.28,0.9553879246,,,,,,,,,,
553.3,0.9555258342,,,,,,,,,,
553.32,0.9556297166,,,,,,,,,,
553.34,0.9556970868,,,,,,,,,,
553.36,0.9557273489,,,,,,,,,,
553.38,0.9557180946,,,,,,,,,,
553.4,0.9556738686,,,,,,,,,,
553.42,0.9556020219,,,,,,,,,,
553.44,0.9555087732,,,,,,,,,,
553.46,0.9554012461,,,,,,,,,,
553.48,0.9552870073,,,,,,,,,,
553.5,0.9551735946,,,,,,,,,,
553.52,0.9550680799,,,,,,,,,,
553.54,0.9549766994,,,,,,,,,,
553.56,0.9549045717,,,,,,,,,,
553.58,0.9548535349,,,,,,,,,,
553.6,0.9548237519,,,,,,,,,,
553.62,0.9548206623,,,,,,,,,,
553.64,0.9548442288,,,,,,,,,,
553.66,0.95489342,,,,,,,,,,
553.68,0.9549664628,,,,,,,,,,
553.7,0.9550611199,,,,,,,,,,
553.72,0.955174978,,,,,,,,,,
553.74,0.9553057305,,,,,,,,,,
553.76,0.955451437,,,,,,,,,,
553.78,0.9556101218,,,,,,,,,,
553.8,0.955776094,,,,,,,,,,
553.82,0.9559552907,,,,,,,,,,
553.84,0.9561487855,,,,,,,,,,
553.86,0.9563583699,,,,,,,,,,
553.88,0.9565863427,,,,,,,,,,
553.9,0.9568352017,,,,,,,,,,
553.92,0.9571072746,,,,,,,,,,
553.94,0.9574043401,,,,,,,,,,
553.96,0.9577272922,,,,,,,,,,
553.98,0.958075897,,,,,,,,,,
554,0.9584426658,,,,,,,,,,
554.02,0.9588306997,,,,,,,,,,
554.04,0.9592367932,,,,,,,,,,
554.06,0.9596567822,,,,,,,,,,
554.08,0.9600862656,,,,,,,,,,
554.1,0.9605209712,,,,,,,,,,
554.12,0.9609570465,,,,,,,,,,
554.14,0.9613912341,,,,,,,,,,
554.16,0.9618209154,,,,,,,,,,
554.18,0.9622440301,,,,,,,,,,
554.2,0.9626533608,,,,,,,,,,
554.22,0.963052172,,,,,,,,,,
554.24,0.9634399547,,,,,,,,,,
554.26,0.9638152538,,,,,,,,,,
554.28,0.9641765012,,,,,,,,,,
554.3,0.9645220412,,,,,,,,,,
554.32,0.9648502043,,,,,,,,,,
554.34,0.9651594031,,,,,,,,,,
554.36,0.9654482185,,,,,,,,,,
554.38,0.9657154504,,,,,,,,,,
554.4,0.9659546291,,,,,,,,,,
554.42,0.9661695347,,,,,,,,,,
554.44,0.966360595,,,,,,,,,,
554.46,0.9665273793,,,,,,,,,,
554.48,0.9666695729,,,,,,,,,,
554.5,0.9667869968,,,,,,,,,,
554.52,0.9668796774,,,,,,,,,,
554.54,0.9669479686,,,,,,,,,,
554.56,0.9669927171,,,,,,,,,,
554.58,0.9670154441,,,,,,,,,,
554.6,0.9670126661,,,,,,,,,,
554.62,0.9669929651,,,,,,,,,,
554.64,0.9669615125,,,,,,,,,,
554.66,0.9669238498,,,,,,,,,,
554.68,0.9668864285,,,,,,,,,,
554.7,0.9668563348,,,,,,,,,,
554.72,0.9668409047,,,,,,,,,,
554.74,0.9668472668,,,,,,,,,,
554.76,0.9668818634,,,,,,,,,,
554.78,0.9669499511,,,,,,,,,,
554.8,0.9670488404,,,,,,,,,,
554.82,0.9671872069,,,,,,,,,,
554.84,0.9673654016,,,,,,,,,,
554.86,0.9675820812,,,,,,,,,,
554.88,0.9678344351,,,,,,,,,,
554.9,0.9681184903,,,,,,,,,,
554.92,0.9684294991,,,,,,,,,,
554.94,0.9687622716,,,,,,,,,,
554.96,0.969111631,,,,,,,,,,
554.98,0.969471399,,,,,,,,,,
555,0.9698330186,,,,,,,,,,
555.02,0.9701991984,,,,,,,,,,
555.04,0.9705663951,,,,,,,,,,
555.06,0.970932442,,,,,,,,,,
555.08,0.9712965955,,,,,,,,,,
555.1,0.9716586299,,,,,,,,,,
555.12,0.9720191418,,,,,,,,,,
555.14,0.9723791295,,,,,,,,,,
555.16,0.9727398882,,,,,,,,,,
555.18,0.9730999903,,,,,,,,,,
555.2,0.9734595749,,,,,,,,,,
555.22,0.9738236821,,,,,,,,,,
555.24,0.9741931572,,,,,,,,,,
555.26,0.9745685533,,,,,,,,,,
555.28,0.9749501094,,,,,,,,,,
555.3,0.9753377165,,,,,,,,,,
555.32,0.9757308645,,,,,,,,,,
555.34,0.9761285711,,,,,,,,,,
555.36,0.976529299,,,,,,,,,,
555.38,0.9769260855,,,,,,,,,,
555.4,0.9773189609,,,,,,,,,,
555.42,0.9777064923,,,,,,,,,,
555.44,0.9780847317,,,,,,,,,,
555.46,0.978449354,,,,,,,,,,
555.48,0.978795863,,,,,,,,,,
555.5,0.9791198354,,,,,,,,,,
555.52,0.9794171941,,,,,,,,,,
555.54,0.9796844967,,,,,,,,,,
555.56,0.9799188067,,,,,,,,,,
555.58,0.9801128046,,,,,,,,,,
555.6,0.9802730722,,,,,,,,,,
555.62,0.9804014223,,,,,,,,,,
555.64,0.9805014095,,,,,,,,,,
555.66,0.9805782997,,,,,,,,,,
555.68,0.9806388757,,,,,,,,,,
555.7,0.9806910843,,,,,,,,,,
555.72,0.9807435467,,,,,,,,,,
555.74,0.9808049742,,,,,,,,,,
555.76,0.9808803047,,,,,,,,,,
555.78,0.9809762267,,,,,,,,,,
555.8,0.9811019469,,,,,,,,,,
555.82,0.9812611327,,,,,,,,,,
555.84,0.9814554168,,,,,,,,,,
555.86,0.9816844032,,,,,,,,,,
555.88,0.9819458066,,,,,,,,,,
555.9,0.9822356988,,,,,,,,,,
555.92,0.9825488266,,,,,,,,,,
555.94,0.9828789645,,,,,,,,,,
555.96,0.9832127871,,,,,,,,,,
555.98,0.9835493385,,,,,,,,,,
556,0.9838821693,,,,,,,,,,
556.02,0.9842048155,,,,,,,,,,
556.04,0.9845114888,,,,,,,,,,
556.06,0.9847972398,,,,,,,,,,
556.08,0.985058042,,,,,,,,,,
556.1,0.9852908088,,,,,,,,,,
556.12,0.9854933629,,,,,,,,,,
556.14,0.9856611784,,,,,,,,,,
556.16,0.9857931741,,,,,,,,,,
556.18,0.9858934792,,,,,,,,,,
556.2,0.9859632502,,,,,,,,,,
556.22,0.9860044919,,,,,,,,,,
556.24,0.9860200561,,,,,,,,,,
556.26,0.9860135821,,,,,,,,,,
556.28,0.9859893631,,,,,,,,,,
556.3,0.9859521305,,,,,,,,,,
556.32,0.9859065284,,,,,,,,,,
556.34,0.9858506973,,,,,,,,,,
556.36,0.9857957019,,,,,,,,,,
556.38,0.9857450626,,,,,,,,,,
556.4,0.9857013762,,,,,,,,,,
556.42,0.9856662435,,,,,,,,,,
556.44,0.9856403018,,,,,,,,,,
556.46,0.9856233664,,,,,,,,,,
556.48,0.9856146722,,,,,,,,,,
556.5,0.9856131847,,,,,,,,,,
556.52,0.9856132513,,,,,,,,,,
556.54,0.9856166728,,,,,,,,,,
556.56,0.9856260842,,,,,,,,,,
556.58,0.9856426342,,,,,,,,,,
556.6,0.9856684008,,,,,,,,,,
556.62,0.9857062106,,,,,,,,,,
556.64,0.9857592625,,,,,,,,,,
556.66,0.9858306003,,,,,,,,,,
556.68,0.9859225026,,,,,,,,,,
556.7,0.9860334293,,,,,,,,,,
556.72,0.9861602386,,,,,,,,,,
556.74,0.98630461,,,,,,,,,,
556.76,0.9864614219,,,,,,,,,,
556.78,0.9866236964,,,,,,,,,,
556.8,0.9867831024,,,,,,,,,,
556.82,0.9869306366,,,,,,,,,,
556.84,0.9870574124,,,,,,,,,,
556.86,0.9871554713,,,,,,,,,,
556.88,0.9872179797,,,,,,,,,,
556.9,0.9872348919,,,,,,,,,,
556.92,0.987211618,,,,,,,,,,
556.94,0.987149911,,,,,,,,,,
556.96,0.9870544284,,,,,,,,,,
556.98,0.986932408,,,,,,,,,,
557,0.9867930758,,,,,,,,,,
557.02,0.9866468433,,,,,,,,,,
557.04,0.986504374,,,,,,,,,,
557.06,0.9863756089,,,,,,,,,,
557.08,0.9862626648,,,,,,,,,,
557.1,0.9861767262,,,,,,,,,,
557.12,0.986121953,,,,,,,,,,
557.14,0.9860983994,,,,,,,,,,
557.16,0.9861030322,,,,,,,,,,
557.18,0.9861299375,,,,,,,,,,
557.2,0.9861706868,,,,,,,,,,
557.22,0.9862148151,,,,,,,,,,
557.24,0.9862503659,,,,,,,,,,
557.26,0.9862594625,,,,,,,,,,
557.28,0.9862317729,,,,,,,,,,
557.3,0.9861567347,,,,,,,,,,
557.32,0.9860224867,,,,,,,,,,
557.34,0.985818625,,,,,,,,,,
557.36,0.9855366304,,,,,,,,,,
557.38,0.9851701694,,,,,,,,,,
557.4,0.9847152624,,,,,,,,,,
557.42,0.9841703219,,,,,,,,,,
557.44,0.9835319184,,,,,,,,,,
557.46,0.9828040735,,,,,,,,,,
557.48,0.9819948319,,,,,,,,,,
557.5,0.9811109582,,,,,,,,,,
557.52,0.9801607565,,,,,,,,,,
557.54,0.9791537509,,,,,,,,,,
557.56,0.9781002915,,,,,,,,,,
557.58,0.9770110951,,,,,,,,,,
557.6,0.9758967334,,,,,,,,,,
557.62,0.9747634458,,,,,,,,,,
557.64,0.9736200503,,,,,,,,,,
557.66,0.9724773635,,,,,,,,,,
557.68,0.9713408272,,,,,,,,,,
557.7,0.9702139918,,,,,,,,,,
557.72,0.969098578,,,,,,,,,,
557.74,0.9679946901,,,,,,,,,,
557.76,0.9669011701,,,,,,,,,,
557.78,0.9658160581,,,,,,,,,,
557.8,0.9647336337,,,,,,,,,,
557.82,0.9636516769,,,,,,,,,,
557.84,0.9625727672,,,,,,,,,,
557.86,0.9614969222,,,,,,,,,,
557.88,0.9604255416,,,,,,,,,,
557.9,0.9593613891,,,,,,,,,,
557.92,0.9583083408,,,,,,,,,,
557.94,0.9572709424,,,,,,,,,,
557.96,0.9562538507,,,,,,,,,,
557.98,0.9552576197,,,,,,,,,,
558,0.9542855978,,,,,,,,,,
558.02,0.9533434067,,,,,,,,,,
558.04,0.9524318391,,,,,,,,,,
558.06,0.9515505735,,,,,,,,,,
558.08,0.9506985199,,,,,,,,,,
558.1,0.9498742822,,,,,,,,,,
558.12,0.9490766761,,,,,,,,,,
558.14,0.9483052347,,,,,,,,,,
558.16,0.9475565227,,,,,,,,,,
558.18,0.9468338475,,,,,,,,,,
558.2,0.9461442767,,,,,,,,,,
558.22,0.9454937006,,,,,,,,,,
558.24,0.9448898141,,,,,,,,,,
558.26,0.944341867,,,,,,,,,,
558.28,0.9438602392,,,,,,,,,,
558.3,0.9434558748,,,,,,,,,,
558.32,0.9431396224,,,,,,,,,,
558.34,0.9429165908,,,,,,,,,,
558.36,0.942798204,,,,,,,,,,
558.38,0.9427935005,,,,,,,,,,
558.4,0.9429070193,,,,,,,,,,
558.42,0.9431408398,,,,,,,,,,
558.44,0.9434945388,,,,,,,,,,
558.46,0.9439652886,,,,,,,,,,
558.48,0.9445480848,,,,,,,,,,
558.5,0.9452360794,,,,,,,,,,
558.52,0.9460148692,,,,,,,,,,
558.54,0.9468803545,,,,,,,,,,
558.56,0.9478240752,,,,,,,,,,
558.58,0.9488365135,,,,,,,,,,
558.6,0.9499085343,,,,,,,,,,
558.62,0.9510315377,,,,,,,,,,
558.64,0.9521974063,,,,,,,,,,
558.66,0.9533982682,,,,,,,,,,
558.68,0.9546257563,,,,,,,,,,
558.7,0.9558647945,,,,,,,,,,
558.72,0.9571129928,,,,,,,,,,
558.74,0.9583599678,,,,,,,,,,
558.76,0.9595942993,,,,,,,,,,
558.78,0.9608037326,,,,,,,,,,
558.8,0.9619755294,,,,,,,,,,
558.82,0.9630969216,,,,,,,,,,
558.84,0.9641556031,,,,,,,,,,
558.86,0.9651380015,,,,,,,,,,
558.88,0.9660310337,,,,,,,,,,
558.9,0.9668314151,,,,,,,,,,
558.92,0.9675323127,,,,,,,,,,
558.94,0.9681284776,,,,,,,,,,
558.96,0.9686159834,,,,,,,,,,
558.98,0.9689918128,,,,,,,,,,
559,0.96925337,,,,,,,,,,
559.02,0.9693980067,,,,,,,,,,
559.04,0.969418324,,,,,,,,,,
559.06,0.9693119404,,,,,,,,,,
559.08,0.9690778827,,,,,,,,,,
559.1,0.9687119247,,,,,,,,,,
559.12,0.9682101781,,,,,,,,,,
559.14,0.9675696299,,,,,,,,,,
559.16,0.9667886337,,,,,,,,,,
559.18,0.9658672727,,,,,,,,,,
559.2,0.9648075426,,,,,,,,,,
559.22,0.9636065705,,,,,,,,,,
559.24,0.9622761811,,,,,,,,,,
559.26,0.9608242914,,,,,,,,,,
559.28,0.9592593991,,,,,,,,,,
559.3,0.9575909186,,,,,,,,,,
559.32,0.9558288693,,,,,,,,,,
559.34,0.9539836211,,,,,,,,,,
559.36,0.9520657313,,,,,,,,,,
559.38,0.9500838066,,,,,,,,,,
559.4,0.9480455125,,,,,,,,,,
559.42,0.9459675302,,,,,,,,,,
559.44,0.9438619443,,,,,,,,,,
559.46,0.9417418113,,,,,,,,,,
559.48,0.9396213399,,,,,,,,,,
559.5,0.9375159289,,,,,,,,,,
559.52,0.9354420538,,,,,,,,,,
559.54,0.9334170188,,,,,,,,,,
559.56,0.9314535346,,,,,,,,,,
559.58,0.9295724055,,,,,,,,,,
559.6,0.9277938287,,,,,,,,,,
559.62,0.9261354194,,,,,,,,,,
559.64,0.9246143079,,,,,,,,,,
559.66,0.9232469785,,,,,,,,,,
559.68,0.9220490872,,,,,,,,,,
559.7,0.9210352397,,,,,,,,,,
559.72,0.9202176742,,,,,,,,,,
559.74,0.9196027909,,,,,,,,,,
559.76,0.9192066907,,,,,,,,,,
559.78,0.9190369994,,,,,,,,,,
559.8,0.9190989104,,,,,,,,,,
559.82,0.9193949656,,,,,,,,,,
559.84,0.9199248398,,,,,,,,,,
559.86,0.9206852357,,,,,,,,,,
559.88,0.9216697278,,,,,,,,,,
559.9,0.9228642694,,,,,,,,,,
559.92,0.9242587721,,,,,,,,,,
559.94,0.9258407192,,,,,,,,,,
559.96,0.9275954875,,,,,,,,,,
559.98,0.9295005418,,,,,,,,,,
560,0.9315492195,,,,,,,,,,
560.02,0.9337333335,,,,,,,,,,
560.04,0.9360194377,,,,,,,,,,
560.06,0.9383813595,,,,,,,,,,
560.08,0.9407952882,,,,,,,,,,
560.1,0.9432488375,,,,,,,,,,
560.12,0.945723465,,,,,,,,,,
560.14,0.9482011375,,,,,,,,,,
560.16,0.9506641313,,,,,,,,,,
560.18,0.9530953687,,,,,,,,,,
560.2,0.9554784263,,,,,,,,,,
560.22,0.9577977578,,,,,,,,,,
560.24,0.9600333719,,,,,,,,,,
560.26,0.9621755793,,,,,,,,,,
560.28,0.9642149802,,,,,,,,,,
560.3,0.9661419908,,,,,,,,,,
560.32,0.9679491858,,,,,,,,,,
560.34,0.9696314007,,,,,,,,,,
560.36,0.9711856759,,,,,,,,,,
560.38,0.9726110515,,,,,,,,,,
560.4,0.9739057124,,,,,,,,,,
560.42,0.9750690685,,,,,,,,,,
560.44,0.976109455,,,,,,,,,,
560.46,0.9770307888,,,,,,,,,,
560.48,0.9778376465,,,,,,,,,,
560.5,0.9785351742,,,,,,,,,,
560.52,0.979129016,,,,,,,,,,
560.54,0.9796252481,,,,,,,,,,
560.56,0.9800303017,,,,,,,,,,
560.58,0.9803433064,,,,,,,,,,
560.6,0.9805786062,,,,,,,,,,
560.62,0.9807436958,,,,,,,,,,
560.64,0.9808460271,,,,,,,,,,
560.66,0.9808932012,,,,,,,,,,
560.68,0.9808928213,,,,,,,,,,
560.7,0.980852271,,,,,,,,,,
560.72,0.9807784449,,,,,,,,,,
560.74,0.9806723807,,,,,,,,,,
560.76,0.9805415938,,,,,,,,,,
560.78,0.9803931768,,,,,,,,,,
560.8,0.9802305111,,,,,,,,,,
560.82,0.9800562793,,,,,,,,,,
560.84,0.9798727026,,,,,,,,,,
560.86,0.9796817888,,,,,,,,,,
560.88,0.9794855678,,,,,,,,,,
560.9,0.9792834633,,,,,,,,,,
560.92,0.979075928,,,,,,,,,,
560.94,0.9788715428,,,,,,,,,,
560.96,0.9786746904,,,,,,,,,,
560.98,0.9784908568,,,,,,,,,,
561,0.9783266986,,,,,,,,,,
561.02,0.9781899598,,,,,,,,,,
561.04,0.9780892378,,,,,,,,,,
561.06,0.978032771,,,,,,,,,,
561.08,0.9780233562,,,,,,,,,,
561.1,0.9780769077,,,,,,,,,,
561.12,0.9782013324,,,,,,,,,,
561.14,0.9784032915,,,,,,,,,,
561.16,0.9786878194,,,,,,,,,,
561.18,0.979057945,,,,,,,,,,
561.2,0.9795143447,,,,,,,,,,
561.22,0.9800550582,,,,,,,,,,
561.24,0.9806681903,,,,,,,,,,
561.26,0.9813525588,,,,,,,,,,
561.28,0.9820991802,,,,,,,,,,
561.3,0.9828961929,,,,,,,,,,
561.32,0.9837304002,,,,,,,,,,
561.34,0.9845879662,,,,,,,,,,
561.36,0.9854551158,,,,,,,,,,
561.38,0.9863187837,,,,,,,,,,
561.4,0.9871614669,,,,,,,,,,
561.42,0.9879765409,,,,,,,,,,
561.44,0.9887586285,,,,,,,,,,
561.46,0.9895024052,,,,,,,,,,
561.48,0.9902050766,,,,,,,,,,
561.5,0.9908662249,,,,,,,,,,
561.52,0.9914874372,,,,,,,,,,
561.54,0.9920717664,,,,,,,,,,
561.56,0.9926185537,,,,,,,,,,
561.58,0.993132936,,,,,,,,,,
561.6,0.9936226018,,,,,,,,,,
561.62,0.9940911844,,,,,,,,,,
561.64,0.9945417893,,,,,,,,,,
561.66,0.9949769787,,,,,,,,,,
561.68,0.9953987965,,,,,,,,,,
561.7,0.9958087925,,,,,,,,,,
561.72,0.9962043725,,,,,,,,,,
561.74,0.9965851686,,,,,,,,,,
561.76,0.9969559274,,,,,,,,,,
561.78,0.9973163332,,,,,,,,,,
561.8,0.9976656312,,,,,,,,,,
561.82,0.9980025917,,,,,,,,,,
561.84,0.9983254344,,,,,,,,,,
561.86,0.9986317457,,,,,,,,,,
561.88,0.9989154405,,,,,,,,,,
561.9,0.9991705187,,,,,,,,,,
561.92,0.9993982509,,,,,,,,,,
561.94,0.999594526,,,,,,,,,,
561.96,0.9997555436,,,,,,,,,,
561.98,0.9998781185,,,,,,,,,,
562,0.9999598355,,,,,,,,,,
562.02,0.9999990255,,,,,,,,,,
562.04,0.9999919683,,,,,,,,,,
562.06,0.9999346649,,,,,,,,,,
562.08,0.9998319962,,,,,,,,,,
562.1,0.9996827923,,,,,,,,,,
562.12,0.999485383,,,,,,,,,,
562.14,0.999237451,,,,,,,,,,
562.16,0.9989359333,,,,,,,,,,
562.18,0.9985769872,,,,,,,,,,
562.2,0.9981535764,,,,,,,,,,
562.22,0.99765715,,,,,,,,,,
562.24,0.9970882944,,,,,,,,,,
562.26,0.9964419421,,,,,,,,,,
562.28,0.9957137558,,,,,,,,,,
562.3,0.9949005638,,,,,,,,,,
562.32,0.9940006646,,,,,,,,,,
562.34,0.9930139712,,,,,,,,,,
562.36,0.9919394176,,,,,,,,,,
562.38,0.990776848,,,,,,,,,,
562.4,0.989536433,,,,,,,,,,
562.42,0.98822381,,,,,,,,,,
562.44,0.9868456334,,,,,,,,,,
562.46,0.9854093019,,,,,,,,,,
562.48,0.9839225898,,,,,,,,,,
562.5,0.9823932023,,,,,,,,,,
562.52,0.9808253354,,,,,,,,,,
562.54,0.9792227684,,,,,,,,,,
562.56,0.9775957399,,,,,,,,,,
562.58,0.9759476635,,,,,,,,,,
562.6,0.974280351,,,,,,,,,,
562.62,0.9725939468,,,,,,,,,,
562.64,0.9708868787,,,,,,,,,,
562.66,0.9691558327,,,,,,,,,,
562.68,0.9673922183,,,,,,,,,,
562.7,0.9655883871,,,,,,,,,,
562.72,0.9637412942,,,,,,,,,,
562.74,0.9618426151,,,,,,,,,,
562.76,0.9598840182,,,,,,,,,,
562.78,0.957857799,,,,,,,,,,
562.8,0.9557574361,,,,,,,,,,
562.82,0.9535780149,,,,,,,,,,
562.84,0.9513120888,,,,,,,,,,
562.86,0.9489592791,,,,,,,,,,
562.88,0.9465242767,,,,,,,,,,
562.9,0.9440099302,,,,,,,,,,
562.92,0.9414206102,,,,,,,,,,
562.94,0.9387616646,,,,,,,,,,
562.96,0.9360386972,,,,,,,,,,
562.98,0.9332567466,,,,,,,,,,
563,0.9304140504,,,,,,,,,,
563.02,0.927515137,,,,,,,,,,
563.04,0.9245618806,,,,,,,,,,
563.06,0.9215511788,,,,,,,,,,
563.08,0.9184776499,,,,,,,,,,
563.1,0.9153339677,,,,,,,,,,
563.12,0.9121113124,,,,,,,,,,
563.14,0.9087998801,,,,,,,,,,
563.16,0.905382818,,,,,,,,,,
563.18,0.9018554716,,,,,,,,,,
563.2,0.8982097722,,,,,,,,,,
563.22,0.8944378262,,,,,,,,,,
563.24,0.8905334786,,,,,,,,,,
563.26,0.8864925002,,,,,,,,,,
563.28,0.8823125637,,,,,,,,,,
563.3,0.8779926755,,,,,,,,,,
563.32,0.8735267834,,,,,,,,,,
563.34,0.8689239344,,,,,,,,,,
563.36,0.8641870205,,,,,,,,,,
563.38,0.8593196984,,,,,,,,,,
563.4,0.8543262288,,,,,,,,,,
563.42,0.8492112854,,,,,,,,,,
563.44,0.8439797378,,,,,,,,,,
563.46,0.8386344281,,,,,,,,,,
563.48,0.8331766857,,,,,,,,,,
563.5,0.8276161568,,,,,,,,,,
563.52,0.8219571466,,,,,,,,,,
563.54,0.8162039462,,,,,,,,,,
563.56,0.8103609799,,,,,,,,,,
563.58,0.8044329317,,,,,,,,,,
563.6,0.798424848,,,,,,,,,,
563.62,0.7923385508,,,,,,,,,,
563.64,0.7861805236,,,,,,,,,,
563.66,0.7799610293,,,,,,,,,,
563.68,0.7736883014,,,,,,,,,,
563.7,0.7673720006,,,,,,,,,,
563.72,0.7610233637,,,,,,,,,,
563.74,0.7546552168,,,,,,,,,,
563.76,0.748281851,,,,,,,,,,
563.78,0.7419134119,,,,,,,,,,
563.8,0.7355705321,,,,,,,,,,
563.82,0.7292718323,,,,,,,,,,
563.84,0.7230353458,,,,,,,,,,
563.86,0.7168794608,,,,,,,,,,
563.88,0.7108226045,,,,,,,,,,
563.9,0.7048828661,,,,,,,,,,
563.92,0.6990767608,,,,,,,,,,
563.94,0.6934157746,,,,,,,,,,
563.96,0.687919949,,,,,,,,,,
563.98,0.6826022134,,,,,,,,,,
564,0.6774734687,,,,,,,,,,
564.02,0.6725423269,,,,,,,,,,
564.04,0.667814823,,,,,,,,,,
564.06,0.6632941211,,,,,,,,,,
564.08,0.6589774587,,,,,,,,,,
564.1,0.6548612297,,,,,,,,,,
564.12,0.6509422105,,,,,,,,,,
564.14,0.6472111221,,,,,,,,,,
564.16,0.6436561167,,,,,,,,,,
564.18,0.6402632298,,,,,,,,,,
564.2,0.6370168657,,,,,,,,,,
564.22,0.6339002868,,,,,,,,,,
564.24,0.6308913354,,,,,,,,,,
564.26,0.6279763196,,,,,,,,,,
564.28,0.6251390588,,,,,,,,,,
564.3,0.6223633139,,,,,,,,,,
564.32,0.6196340342,,,,,,,,,,
564.34,0.6169375255,,,,,,,,,,
564.36,0.6142614397,,,,,,,,,,
564.38,0.6115933293,,,,,,,,,,
564.4,0.6089200653,,,,,,,,,,
564.42,0.6062362983,,,,,,,,,,
564.44,0.6035330756,,,,,,,,,,
564.46,0.6008018301,,,,,,,,,,
564.48,0.598034286,,,,,,,,,,
564.5,0.595222412,,,,,,,,,,
564.52,0.5923584435,,,,,,,,,,
564.54,0.589431551,,,,,,,,,,
564.56,0.5864366475,,,,,,,,,,
564.58,0.5833699408,,,,,,,,,,
564.6,0.5802274634,,,,,,,,,,
564.62,0.57700734,,,,,,,,,,
564.64,0.5737101498,,,,,,,,,,
564.66,0.5703391,,,,,,,,,,
564.68,0.5668994427,,,,,,,,,,
564.7,0.5633953363,,,,,,,,,,
564.72,0.5598414428,,,,,,,,,,
564.74,0.5562495691,,,,,,,,,,
564.76,0.552632605,,,,,,,,,,
564.78,0.5490039401,,,,,,,,,,
564.8,0.5453768332,,,,,,,,,,
564.82,0.5417637783,,,,,,,,,,
564.84,0.5381730811,,,,,,,,,,
564.86,0.5346148459,,,,,,,,,,
564.88,0.5310984024,,,,,,,,,,
564.9,0.527628864,,,,,,,,,,
564.92,0.5242090951,,,,,,,,,,
564.94,0.5208397077,,,,,,,,,,
564.96,0.5175190832,,,,,,,,,,
564.98,0.5142430301,,,,,,,,,,
565,0.5110018102,,,,,,,,,,
565.02,0.5077920365,,,,,,,,,,
565.04,0.5046047596,,,,,,,,,,
565.06,0.5014301759,,,,,,,,,,
565.08,0.4982581822,,,,,,,,,,
565.1,0.4950789169,,,,,,,,,,
565.12,0.4918832497,,,,,,,,,,
565.14,0.4886604776,,,,,,,,,,
565.16,0.4854050529,,,,,,,,,,
565.18,0.4821139911,,,,,,,,,,
565.2,0.4787845068,,,,,,,,,,
565.22,0.4754156624,,,,,,,,,,
565.24,0.4720080858,,,,,,,,,,
565.26,0.4685634765,,,,,,,,,,
565.28,0.465083261,,,,,,,,,,
565.3,0.4615664125,,,,,,,,,,
565.32,0.4580173329,,,,,,,,,,
565.34,0.4544355505,,,,,,,,,,
565.36,0.4508188496,,,,,,,,,,
565.38,0.4471631211,,,,,,,,,,
565.4,0.4434624023,,,,,,,,,,
565.42,0.4397091154,,,,,,,,,,
565.44,0.4358915525,,,,,,,,,,
565.46,0.4320023108,,,,,,,,,,
565.48,0.4280335022,,,,,,,,,,
565.5,0.4239774683,,,,,,,,,,
565.52,0.419828638,,,,,,,,,,
565.54,0.4155842052,,,,,,,,,,
565.56,0.4112445657,,,,,,,,,,
565.58,0.4068121969,,,,,,,,,,
565.6,0.4022929131,,,,,,,,,,
565.62,0.3976991497,,,,,,,,,,
565.64,0.3930435012,,,,,,,,,,
565.66,0.3883404792,,,,,,,,,,
565.68,0.3836057757,,,,,,,,,,
565.7,0.3788554778,,,,,,,,,,
565.72,0.374105313,,,,,,,,,,
565.74,0.3693666334,,,,,,,,,,
565.76,0.3646559696,,,,,,,,,,
565.78,0.3599852145,,,,,,,,,,
565.8,0.3553645882,,,,,,,,,,
565.82,0.3508028348,,,,,,,,,,
565.84,0.3463073673,,,,,,,,,,
565.86,0.3418843985,,,,,,,,,,
565.88,0.3375370271,,,,,,,,,,
565.9,0.3332700039,,,,,,,,,,
565.92,0.3290875358,,,,,,,,,,
565.94,0.3249915769,,,,,,,,,,
565.96,0.3209828999,,,,,,,,,,
565.98,0.3170609437,,,,,,,,,,
566,0.313223658,,,,,,,,,,
566.02,0.3094665256,,,,,,,,,,
566.04,0.3057831309,,,,,,,,,,
566.06,0.302168984,,,,,,,,,,
566.08,0.2986166842,,,,,,,,,,
566.1,0.2951184527,,,,,,,,,,
566.12,0.2916667346,,,,,,,,,,
566.14,0.2882547992,,,,,,,,,,
566.16,0.2848772741,,,,,,,,,,
566.18,0.2815278894,,,,,,,,,,
566.2,0.2782078156,,,,,,,,,,
566.22,0.2749178985,,,,,,,,,,
566.24,0.2716611985,,,,,,,,,,
566.26,0.2684427019,,,,,,,,,,
566.28,0.2652688133,,,,,,,,,,
566.3,0.2621466794,,,,,,,,,,
566.32,0.2590816295,,,,,,,,,,
566.34,0.2560810926,,,,,,,,,,
566.36,0.2531507743,,,,,,,,,,
566.38,0.2502938688,,,,,,,,,,
566.4,0.2475114401,,,,,,,,,,
566.42,0.2448023162,,,,,,,,,,
566.44,0.2421631725,,,,,,,,,,
566.46,0.2395877187,,,,,,,,,,
566.48,0.2370691168,,,,,,,,,,
566.5,0.2346010693,,,,,,,,,,
566.52,0.2321758982,,,,,,,,,,
566.54,0.2297863727,,,,,,,,,,
566.56,0.2274262507,,,,,,,,,,
566.58,0.2250906635,,,,,,,,,,
566.6,0.2227758061,,,,,,,,,,
566.62,0.2204788432,,,,,,,,,,
566.64,0.218201124,,,,,,,,,,
566.66,0.2159436139,,,,,,,,,,
566.68,0.213708061,,,,,,,,,,
566.7,0.2114964875,,,,,,,,,,
566.72,0.2093106249,,,,,,,,,,
566.74,0.2071512934,,,,,,,,,,
566.76,0.2050162207,,,,,,,,,,
566.78,0.2029052404,,,,,,,,,,
566.8,0.2008146482,,,,,,,,,,
566.82,0.1987391604,,,,,,,,,,
566.84,0.1966721999,,,,,,,,,,
566.86,0.1946063152,,,,,,,,,,
566.88,0.1925336886,,,,,,,,,,
566.9,0.1904451417,,,,,,,,,,
566.92,0.1883350197,,,,,,,,,,
566.94,0.1861980129,,,,,,,,,,
566.96,0.1840302388,,,,,,,,,,
566.98,0.1818297641,,,,,,,,,,
567,0.1795966654,,,,,,,,,,
567.02,0.1773329044,,,,,,,,,,
567.04,0.1750408991,,,,,,,,,,
567.06,0.1727260321,,,,,,,,,,
567.08,0.1703944795,,,,,,,,,,
567.1,0.1680523285,,,,,,,,,,
567.12,0.165705682,,,,,,,,,,
567.14,0.163360278,,,,,,,,,,
567.16,0.1610211628,,,,,,,,,,
567.18,0.1586916099,,,,,,,,,,
567.2,0.156374769,,,,,,,,,,
567.22,0.1540733635,,,,,,,,,,
567.24,0.1517885652,,,,,,,,,,
567.26,0.1495209197,,,,,,,,,,
567.28,0.1472706559,,,,,,,,,,
567.3,0.1450380296,,,,,,,,,,
567.32,0.1428230694,,,,,,,,,,
567.34,0.1406268485,,,,,,,,,,
567.36,0.138452439,,,,,,,,,,
567.38,0.1363032685,,,,,,,,,,
567.4,0.1341838972,,,,,,,,,,
567.42,0.1320998335,,,,,,,,,,
567.44,0.1300571635,,,,,,,,,,
567.46,0.1280616059,,,,,,,,,,
567.48,0.1261182779,,,,,,,,,,
567.5,0.1242324127,,,,,,,,,,
567.52,0.1224066904,,,,,,,,,,
567.54,0.120641615,,,,,,,,,,
567.56,0.1189352436,,,,,,,,,,
567.58,0.1172831235,,,,,,,,,,
567.6,0.1156781705,,,,,,,,,,
567.62,0.1141110796,,,,,,,,,,
567.64,0.1125726432,,,,,,,,,,
567.66,0.1110522869,,,,,,,,,,
567.68,0.1095397033,,,,,,,,,,
567.7,0.1080256245,,,,,,,,,,
567.72,0.1065024717,,,,,,,,,,
567.74,0.1049646164,,,,,,,,,,
567.76,0.1034084296,,,,,,,,,,
567.78,0.1018341801,,,,,,,,,,
567.8,0.1002436887,,,,,,,,,,
567.82,0.09864078706,,,,,,,,,,
567.84,0.09703084886,,,,,,,,,,
567.86,0.09542023008,,,,,,,,,,
567.88,0.0938155223,,,,,,,,,,
567.9,0.09222268658,,,,,,,,,,
567.92,0.09064843388,,,,,,,,,,
567.94,0.08909778743,,,,,,,,,,
567.96,0.08757459545,,,,,,,,,,
567.98,0.0860814262,,,,,,,,,,
568,0.08461956518,,,,,,,,,,
568.02,0.08318896922,,,,,,,,,,
568.04,0.08178811376,,,,,,,,,,
568.06,0.08041594099,,,,,,,,,,
568.08,0.07907021077,,,,,,,,,,
568.1,0.07774844378,,,,,,,,,,
568.12,0.0764481672,,,,,,,,,,
568.14,0.07516710551,,,,,,,,,,
568.16,0.07390317882,,,,,,,,,,
568.18,0.07265430381,,,,,,,,,,
568.2,0.07141987991,,,,,,,,,,
568.22,0.0701990589,,,,,,,,,,
568.24,0.06899124473,,,,,,,,,,
568.26,0.06779598059,,,,,,,,,,
568.28,0.06661283406,,,,,,,,,,
568.3,0.06544117821,,,,,,,,,,
568.32,0.06428000562,,,,,,,,,,
568.34,0.06312917317,,,,,,,,,,
568.36,0.06198809776,,,,,,,,,,
568.38,0.06085641815,,,,,,,,,,
568.4,0.05973417339,,,,,,,,,,
568.42,0.05862196634,,,,,,,,,,
568.44,0.05752093873,,,,,,,,,,
568.46,0.05643280673,,,,,,,,,,
568.48,0.05536074731,,,,,,,,,,
568.5,0.0543081435,,,,,,,,,,
568.52,0.05327880636,,,,,,,,,,
568.54,0.05227669758,,,,,,,,,,
568.56,0.05130559316,,,,,,,,,,
568.58,0.05036855701,,,,,,,,,,
568.6,0.0494677243,,,,,,,,,,
568.62,0.04860460645,,,,,,,,,,
568.64,0.04777899935,,,,,,,,,,
568.66,0.04698921547,,,,,,,,,,
568.68,0.04623208293,,,,,,,,,,
568.7,0.04550305523,,,,,,,,,,
568.72,0.04479624517,,,,,,,,,,
568.74,0.04410503067,,,,,,,,,,
568.76,0.04342275592,,,,,,,,,,
568.78,0.04274259815,,,,,,,,,,
568.8,0.04205834068,,,,,,,,,,
568.82,0.04136486429,,,,,,,,,,
568.84,0.0406585731,,,,,,,,,,
568.86,0.03993750584,,,,,,,,,,
568.88,0.03920193862,,,,,,,,,,
568.9,0.03845439673,,,,,,,,,,
568.92,0.03769912645,,,,,,,,,,
568.94,0.03694195369,,,,,,,,,,
568.96,0.03618979932,,,,,,,,,,
568.98,0.03545007972,,,,,,,,,,
569,0.03472981636,,,,,,,,,,
569.02,0.03403556119,,,,,,,,,,
569.04,0.03337255387,,,,,,,,,,
569.06,0.03274414572,,,,,,,,,,
569.08,0.03215167696,,,,,,,,,,
569.1,0.03159442118,,,,,,,,,,
569.12,0.03106971775,,,,,,,,,,
569.14,0.030573014,,,,,,,,,,
569.16,0.03009899834,,,,,,,,,,
569.18,0.02964157044,,,,,,,,,,
569.2,0.02919443129,,,,,,,,,,
569.22,0.02875165308,,,,,,,,,,
569.24,0.02830810484,,,,,,,,,,
569.26,0.02785976607,,,,,,,,,,
569.28,0.02740364116,,,,,,,,,,
569.3,0.0269386277,,,,,,,,,,
569.32,0.02646470481,,,,,,,,,,
569.34,0.02598301723,,,,,,,,,,
569.36,0.02549565838,,,,,,,,,,
569.38,0.02500538862,,,,,,,,,,
569.4,0.02451528663,,,,,,,,,,
569.42,0.02402833527,,,,,,,,,,
569.44,0.02354766243,,,,,,,,,,
569.46,0.0230757211,,,,,,,,,,
569.48,0.02261430869,,,,,,,,,,
569.5,0.02216445199,,,,,,,,,,
569.52,0.0217263642,,,,,,,,,,
569.54,0.02129939767,,,,,,,,,,
569.56,0.02088223825,,,,,,,,,,
569.58,0.02047328336,,,,,,,,,,
569.6,0.02007052189,,,,,,,,,,
569.62,0.01967191703,,,,,,,,,,
569.64,0.01927565167,,,,,,,,,,
569.66,0.01888034793,,,,,,,,,,
569.68,0.01848512799,,,,,,,,,,
569.7,0.0180899843,,,,,,,,,,
569.72,0.01769575971,,,,,,,,,,
569.74,0.01730400488,,,,,,,,,,
569.76,0.01691698713,,,,,,,,,,
569.78,0.01653757053,,,,,,,,,,
569.8,0.01616905928,,,,,,,,,,
569.82,0.01581487434,,,,,,,,,,
569.84,0.01547876974,,,,,,,,,,
569.86,0.01516432617,,,,,,,,,,
569.88,0.014874819,,,,,,,,,,
569.9,0.01461307196,,,,,,,,,,
569.92,0.01438128645,,,,,,,,,,
569.94,0.01418085559,,,,,,,,,,
569.96,0.0140121074,,,,,,,,,,
569.98,0.01387457171,,,,,,,,,,
570,0.01376644099,,,,,,,,,,
570.02,0.01368470958,,,,,,,,,,
570.04,0.01362527519,,,,,,,,,,
570.06,0.01358301206,,,,,,,,,,
570.08,0.01355188422,,,,,,,,,,
570.1,0.01352535659,,,,,,,,,,
570.12,0.01349685194,,,,,,,,,,
570.14,0.01345992516,,,,,,,,,,
570.16,0.01340873388,,,,,,,,,,
570.18,0.01333836827,,,,,,,,,,
570.2,0.01324510173,,,,,,,,,,
570.22,0.01312645136,,,,,,,,,,
570.24,0.0129814126,,,,,,,,,,
570.26,0.01281026604,,,,,,,,,,
570.28,0.01261437177,,,,,,,,,,
570.3,0.01239598528,,,,,,,,,,
570.32,0.01215800454,,,,,,,,,,
570.34,0.01190372198,,,,,,,,,,
570.36,0.01163649522,,,,,,,,,,
570.38,0.01135992174,,,,,,,,,,
570.4,0.01107741943,,,,,,,,,,
570.42,0.0107922782,,,,,,,,,,
570.44,0.01050764812,,,,,,,,,,
570.46,0.01022654078,,,,,,,,,,
570.48,0.009951793185,,,,,,,,,,
570.5,0.009686072051,,,,,,,,,,
570.52,0.009431962413,,,,,,,,,,
570.54,0.009191717687,,,,,,,,,,
570.56,0.008967245184,,,,,,,,,,
570.58,0.008760014312,,,,,,,,,,
570.6,0.008570970757,,,,,,,,,,
570.62,0.00840040585,,,,,,,,,,
570.64,0.008248082617,,,,,,,,,,
570.66,0.008113152104,,,,,,,,,,
570.68,0.007994157763,,,,,,,,,,
570.7,0.007889137328,,,,,,,,,,
570.72,0.007795715837,,,,,,,,,,
570.74,0.007711210493,,,,,,,,,,
570.76,0.007632676709,,,,,,,,,,
570.78,0.007557263832,,,,,,,,,,
570.8,0.007482108961,,,,,,,,,,
570.82,0.007404540842,,,,,,,,,,
570.84,0.007322200886,,,,,,,,,,
570.86,0.007233152615,,,,,,,,,,
570.88,0.007135941822,,,,,,,,,,
570.9,0.007029706085,,,,,,,,,,
570.92,0.00691423835,,,,,,,,,,
570.94,0.006789873455,,,,,,,,,,
570.96,0.006657457062,,,,,,,,,,
570.98,0.006518224752,,,,,,,,,,
571,0.006373641273,,,,,,,,,,
571.02,0.006225165044,,,,,,,,,,
571.04,0.006074210774,,,,,,,,,,
571.06,0.005921881686,,,,,,,,,,
571.08,0.005768880379,,,,,,,,,,
571.1,0.005615477423,,,,,,,,,,
571.12,0.005461537962,,,,,,,,,,
571.14,0.005306599801,,,,,,,,,,
571.16,0.005150011959,,,,,,,,,,
571.18,0.004991199053,,,,,,,,,,
571.2,0.004829731344,,,,,,,,,,
571.22,0.00466551788,,,,,,,,,,
571.24,0.004498914578,,,,,,,,,,
571.26,0.004330771073,,,,,,,,,,
571.28,0.004162378837,,,,,,,,,,
571.3,0.003995470194,,,,,,,,,,
571.32,0.003832048751,,,,,,,,,,
571.34,0.003674214305,,,,,,,,,,
571.36,0.003524008006,,,,,,,,,,
571.38,0.003383253496,,,,,,,,,,
571.4,0.003253421119,,,,,,,,,,
571.42,0.003135520081,,,,,,,,,,
571.44,0.003030156011,,,,,,,,,,
571.46,0.002937452194,,,,,,,,,,
571.48,0.002857149794,,,,,,,,,,
571.5,0.002788715562,,,,,,,,,,
571.52,0.002731475814,,,,,,,,,,
571.54,0.002684738278,,,,,,,,,,
571.56,0.002647980327,,,,,,,,,,
571.58,0.002620939389,,,,,,,,,,
571.6,0.002603658293,,,,,,,,,,
571.62,0.002596512938,,,,,,,,,,
571.64,0.002600165146,,,,,,,,,,
571.66,0.002615452612,,,,,,,,,,
571.68,0.002643211458,,,,,,,,,,
571.7,0.002684169173,,,,,,,,,,
571.72,0.002738650478,,,,,,,,,,
571.74,0.002806421313,,,,,,,,,,
571.76,0.002886539755,,,,,,,,,,
571.78,0.002977266196,,,,,,,,,,
571.8,0.003076028654,,,,,,,,,,
571.82,0.003179532502,,,,,,,,,,
571.84,0.003283876088,,,,,,,,,,
571.86,0.003384735219,,,,,,,,,,
571.88,0.003477620653,,,,,,,,,,
571.9,0.003558138735,,,,,,,,,,
571.92,0.003622241011,,,,,,,,,,
571.94,0.003666433914,,,,,,,,,,
571.96,0.003688022519,,,,,,,,,,
571.98,0.003685170211,,,,,,,,,,
572,0.003657001842,,,,,,,,,,
572.02,0.003603631031,,,,,,,,,,
572.04,0.003526144464,,,,,,,,,,
572.06,0.003426533113,,,,,,,,,,
572.08,0.003307655483,,,,,,,,,,
572.1,0.003173118757,,,,,,,,,,
572.12,0.003027144513,,,,,,,,,,
572.14,0.002874431846,,,,,,,,,,
572.16,0.002719985401,,,,,,,,,,
572.18,0.002568910967,,,,,,,,,,
572.2,0.002426185479,,,,,,,,,,
572.22,0.00229648205,,,,,,,,,,
572.24,0.002183865916,,,,,,,,,,
572.26,0.002091592142,,,,,,,,,,
572.28,0.002021913182,,,,,,,,,,
572.3,0.001975937419,,,,,,,,,,
572.32,0.001953532135,,,,,,,,,,
572.34,0.001953393633,,,,,,,,,,
572.36,0.001973090457,,,,,,,,,,
572.38,0.002009233878,,,,,,,,,,
572.4,0.002057721142,,,,,,,,,,
572.42,0.002114018021,,,,,,,,,,
572.44,0.002173454667,,,,,,,,,,
572.46,0.002231536647,,,,,,,,,,
572.48,0.002284235069,,,,,,,,,,
572.5,0.002328166596,,,,,,,,,,
572.52,0.002360762287,,,,,,,,,,
572.54,0.00238034591,,,,,,,,,,
572.56,0.002386138224,,,,,,,,,,
572.58,0.002378176053,,,,,,,,,,
572.6,0.002357250437,,,,,,,,,,
572.62,0.002324699733,,,,,,,,,,
572.64,0.002282249901,,,,,,,,,,
572.66,0.00223183274,,,,,,,,,,
572.68,0.002175408855,,,,,,,,,,
572.7,0.002114796097,,,,,,,,,,
572.72,0.002051555165,,,,,,,,,,
572.74,0.001986881163,,,,,,,,,,
572.76,0.00192151981,,,,,,,,,,
572.78,0.001855744078,,,,,,,,,,
572.8,0.001789362785,,,,,,,,,,
572.82,0.001721767011,,,,,,,,,,
572.84,0.001652013924,,,,,,,,,,
572.86,0.001578987656,,,,,,,,,,
572.88,0.001501521756,,,,,,,,,,
572.9,0.001418586688,,,,,,,,,,
572.92,0.001329470338,,,,,,,,,,
572.94,0.001233948052,,,,,,,,,,
572.96,0.001132414139,,,,,,,,,,
572.98,0.00102601758,,,,,,,,,,
573,0.0009166914574,,,,,,,,,,
573.02,0.0008071436469,,,,,,,,,,
573.04,0.0007007827809,,,,,,,,,,
573.06,0.0006015778196,,,,,,,,,,
573.08,0.0005138512955,,,,,,,,,,
573.1,0.0004420466386,,,,,,,,,,
573.12,0.0003904505973,,,,,,,,,,
573.14,0.0003628754703,,,,,,,,,,
573.16,0.0003623695464,,,,,,,,,,
573.18,0.0003909447159,,,,,,,,,,
573.2,0.000449348148,,,,,,,,,,
573.22,0.0005369023539,,,,,,,,,,
573.24,0.0006514679824,,,,,,,,,,
573.26,0.0007894345895,,,,,,,,,,
573.28,0.000945876786,,,,,,,,,,
573.3,0.001114800176,,,,,,,,,,
573.32,0.001289478534,,,,,,,,,,
573.34,0.001462849521,,,,,,,,,,
573.36,0.001627986111,,,,,,,,,,
573.38,0.001778499074,,,,,,,,,,
573.4,0.001908941321,,,,,,,,,,
573.42,0.002015124507,,,,,,,,,,
573.44,0.002094323145,,,,,,,,,,
573.46,0.002145344542,,,,,,,,,,
573.48,0.00216848338,,,,,,,,,,
573.5,0.002165334129,,,,,,,,,,
573.52,0.002138508409,,,,,,,,,,
573.54,0.002091298598,,,,,,,,,,
573.56,0.002027312231,,,,,,,,,,
573.58,0.001950119205,,,,,,,,,,
573.6,0.00186295287,,,,,,,,,,
573.62,0.001768510306,,,,,,,,,,
573.64,0.001668809956,,,,,,,,,,
573.66,0.001565172679,,,,,,,,,,
573.68,0.001458280501,,,,,,,,,,
573.7,0.001348301253,,,,,,,,,,
573.72,0.001235041708,,,,,,,,,,
573.74,0.001118164528,,,,,,,,,,
573.76,0.0009973355734,,,,,,,,,,
573.78,0.0008723777511,,,,,,,,,,
573.8,0.0007433764304,,,,,,,,,,
573.82,0.0006107397522,,,,,,,,,,
573.84,0.0004752095577,,,,,,,,,,
573.86,0.000337855165,,,,,,,,,,
573.88,0.0002000263052,,,,,,,,,,
573.9,6.328670841e-05,,,,,,,,,,
573.92,-7.06547973e-05,,,,,,,,,,
573.94,-0.0002000135033,,,,,,,,,,
573.96,-0.0003229930314,,,,,,,,,,
573.98,-0.0004378354612,,,,,,,,,,
574,-0.0005428529123,,,,,,,,,,
574.02,-0.0006364613153,,,,,,,,,,
574.04,-0.000717198361,,,,,,,,,,
574.06,-0.0007837346438,,,,,,,,,,
574.08,-0.0008348815297,,,,,,,,,,
574.1,-0.0008695984575,,,,,,,,,,
574.12,-0.0008869995526,,,,,,,,,,
574.14,-0.000886380619,,,,,,,,,,
574.16,-0.0008672518343,,,,,,,,,,
574.18,-0.000829383644,,,,,,,,,,
574.2,-0.0007728645858,,,,,,,,,,
574.22,-0.0006981665467,,,,,,,,,,
574.24,-0.0006062115943,,,,,,,,,,
574.26,-0.0004984446811,,,,,,,,,,
574.28,-0.0003768803022,,,,,,,,,,
574.3,-0.000244125688,,,,,,,,,,
574.32,-0.0001033678993,,,,,,,,,,
574.34,4.168552618e-05,,,,,,,,,,
574.36,0.0001869093699,,,,,,,,,,
574.38,0.0003279082004,,,,,,,,,,
574.4,0.0004602155394,,,,,,,,,,
574.42,0.0005795199927,,,,,,,,,,
574.44,0.000681904692,,,,,,,,,,
574.46,0.0007640820538,,,,,,,,,,
574.48,0.0008235920676,,,,,,,,,,
574.5,0.0008589560437,,,,,,,,,,
574.52,0.0008697701172,,,,,,,,,,
574.54,0.0008567198275,,,,,,,,,,
574.56,0.0008215177477,,,,,,,,,,
574.58,0.0007667693262,,,,,,,,,,
574.6,0.0006957760926,,,,,,,,,,
574.62,0.0006123037492,,,,,,,,,,
574.64,0.0005203293794,,,,,,,,,,
574.66,0.0004237885977,,,,,,,,,,
574.68,0.0003263447527,,,,,,,,,,
574.7,0.0002311945369,,,,,,,,,,
574.72,0.000140921749,,,,,,,,,,
574.74,5.741475253e-05,,,,,,,,,,
574.76,-1.817073857e-05,,,,,,,,,,
574.78,-8.539319504e-05,,,,,,,,,,
574.8,-0.0001444615137,,,,,,,,,,
574.82,-0.00019613387,,,,,,,,,,
574.84,-0.0002415889832,,,,,,,,,,
574.86,-0.0002822700872,,,,,,,,,,
574.88,-0.0003197259248,,,,,,,,,,
574.9,-0.0003554487695,,,,,,,,,,
574.92,-0.0003907188452,,,,,,,,,,
574.94,-0.0004264636072,,,,,,,,,,
574.96,-0.0004631405848,,,,,,,,,,
574.98,-0.0005006544912,,,,,,,,,,
575,-0.0005383086156,,,,,,,,,,
575.02,-0.0005748103841,,,,,,,,,,
575.04,-0.0006083243657,,,,,,,,,,
575.06,-0.0006365752466,,,,,,,,,,
575.08,-0.0006569958359,,,,,,,,,,
575.1,-0.0006669133961,,,,,,,,,,
575.12,-0.0006637580685,,,,,,,,,,
575.14,-0.0006452788158,,,,,,,,,,
575.16,-0.0006097445344,,,,,,,,,,
575.18,-0.0005561126319,,,,,,,,,,
575.2,-0.0004841496737,,,,,,,,,,
575.22,-0.0003944845461,,,,,,,,,,
575.24,-0.0002886120632,,,,,,,,,,
575.26,-0.0001688179588,,,,,,,,,,
575.28,-3.804796698e-05,,,,,,,,,,
575.3,0.0001002683612,,,,,,,,,,
575.32,0.0002424223184,,,,,,,,,,
575.34,0.0003846505134,,,,,,,,,,
575.36,0.0005233330505,,,,,,,,,,
575.38,0.0006551894839,,,,,,,,,,
575.4,0.0007774399142,,,,,,,,,,
575.42,0.0008879252541,,,,,,,,,,
575.44,0.000985180553,,,,,,,,,,
575.46,0.001068471141,,,,,,,,,,
575.48,0.001137761832,,,,,,,,,,
575.5,0.001193657009,,,,,,,,,,
575.52,0.001237298178,,,,,,,,,,
575.54,0.001270223849,,,,,,,,,,
575.56,0.001294195913,,,,,,,,,,
575.58,0.001311023854,,,,,,,,,,
575.6,0.001322363084,,,,,,,,,,
575.62,0.00132953438,,,,,,,,,,
575.64,0.00133337499,,,,,,,,,,
575.66,0.001334131569,,,,,,,,,,
575.68,0.00133140652,,,,,,,,,,
575.7,0.001324190346,,,,,,,,,,
575.72,0.001310951267,,,,,,,,,,
575.74,0.001289793169,,,,,,,,,,
575.76,0.001258675387,,,,,,,,,,
575.78,0.001215663638,,,,,,,,,,
575.8,0.001159186598,,,,,,,,,,
575.82,0.001088289245,,,,,,,,,,
575.84,0.001002841038,,,,,,,,,,
575.86,0.0009036732513,,,,,,,,,,
575.88,0.0007926480565,,,,,,,,,,
575.9,0.0006726408709,,,,,,,,,,
575.92,0.0005474343257,,,,,,,,,,
575.94,0.0004215513623,,,,,,,,,,
575.96,0.0003000234401,,,,,,,,,,
575.98,0.0001881002256,,,,,,,,,,
576,9.094785259e-05,,,,,,,,,,
576.02,1.333965413e-05,,,,,,,,,,
576.04,-4.064520898e-05,,,,,,,,,,
576.06,-6.786918493e-05,,,,,,,,,,
576.08,-6.635147399e-05,,,,,,,,,,
576.1,-3.543363198e-05,,,,,,,,,,
576.12,2.414496113e-05,,,,,,,,,,
576.14,0.0001102460024,,,,,,,,,,
576.16,0.000219409543,,,,,,,,,,
576.18,0.0003470363783,,,,,,,,,,
576.2,0.0004876233762,,,,,,,,,,
576.22,0.0006350650885,,,,,,,,,,
576.24,0.0007830174213,,,,,,,,,,
576.26,0.0009252796855,,,,,,,,,,
576.28,0.001056170222,,,,,,,,,,
576.3,0.001170882379,,,,,,,,,,
576.32,0.001265758863,,,,,,,,,,
576.34,0.001338487668,,,,,,,,,,
576.36,0.001388200378,,,,,,,,,,
576.38,0.001415453764,,,,,,,,,,
576.4,0.001422095893,,,,,,,,,,
576.42,0.001411044765,,,,,,,,,,
576.44,0.001385974961,,,,,,,,,,
576.46,0.001350959154,,,,,,,,,,
576.48,0.001310100377,,,,,,,,,,
576.5,0.001267179124,,,,,,,,,,
576.52,0.001225342512,,,,,,,,,,
576.54,0.001186888482,,,,,,,,,,
576.56,0.001153123662,,,,,,,,,,
576.58,0.001124321039,,,,,,,,,,
576.6,0.001099784752,,,,,,,,,,
576.62,0.00107799803,,,,,,,,,,
576.64,0.001056833829,,,,,,,,,,
576.66,0.001033838473,,,,,,,,,,
576.68,0.00100651686,,,,,,,,,,
576.7,0.0009726181072,,,,,,,,,,
576.72,0.0009304028031,,,,,,,,,,
576.74,0.0008788594274,,,,,,,,,,
576.76,0.0008178492728,,,,,,,,,,
576.78,0.0007481974943,,,,,,,,,,
576.8,0.000671676845,,,,,,,,,,
576.82,0.0005909114052,,,,,,,,,,
576.84,0.0005092063167,,,,,,,,,,
576.86,0.0004303089958,,,,,,,,,,
576.88,0.0003581142515,,,,,,,,,,
576.9,0.0002963737152,,,,,,,,,,
576.92,0.0002483719709,,,,,,,,,,
576.94,0.000216647152,,,,,,,,,,
576.96,0.0002027697366,,,,,,,,,,
576.98,0.000207198658,,,,,,,,,,
577,0.0002292244456,,,,,,,,,,
577.02,0.0002670486245,,,,,,,,,,
577.04,0.0003179147559,,,,,,,,,,
577.06,0.0003783539157,,,,,,,,,,
577.08,0.0004444887903,,,,,,,,,,
577.1,0.0005123687637,,,,,,,,,,
577.12,0.0005782965976,,,,,,,,,,
577.14,0.0006391444029,,,,,,,,,,
577.16,0.0006925574209,,,,,,,,,,
577.18,0.0007370985354,,,,,,,,,,
577.2,0.000772282228,,,,,,,,,,
577.22,0.0007985054383,,,,,,,,,,
577.24,0.0008168861705,,,,,,,,,,
577.26,0.0008290496323,,,,,,,,,,
577.28,0.0008368478614,,,,,,,,,,
577.3,0.0008420982696,,,,,,,,,,
577.32,0.0008463430837,,,,,,,,,,
577.34,0.0008506615338,,,,,,,,,,
577.36,0.0008555564249,,,,,,,,,,
577.38,0.0008609371052,,,,,,,,,,
577.4,0.0008661607699,,,,,,,,,,
577.42,0.0008701672403,,,,,,,,,,
577.44,0.0008716621704,,,,,,,,,,
577.46,0.000869327441,,,,,,,,,,
577.48,0.0008620407586,,,,,,,,,,
577.5,0.0008490782694,,,,,,,,,,
577.52,0.0008302494779,,,,,,,,,,
577.54,0.0008059853203,,,,,,,,,,
577.56,0.0007773458438,,,,,,,,,,
577.58,0.0007459460344,,,,,,,,,,
577.6,0.0007138243309,,,,,,,,,,
577.62,0.0006832482208,,,,,,,,,,
577.64,0.0006564745075,,,,,,,,,,
577.66,0.0006355140212,,,,,,,,,,
577.68,0.0006219085739,,,,,,,,,,
577.7,0.0006165433551,,,,,,,,,,
577.72,0.0006195423338,,,,,,,,,,
577.74,0.0006302176252,,,,,,,,,,
577.76,0.0006471060002,,,,,,,,,,
577.78,0.0006680913166,,,,,,,,,,
577.8,0.0006905914227,,,,,,,,,,
577.82,0.0007117885147,,,,,,,,,,
577.84,0.0007289073673,,,,,,,,,,
577.86,0.0007394631986,,,,,,,,,,
577.88,0.0007414970055,,,,,,,,,,
577.9,0.0007337577949,,,,,,,,,,
577.92,0.000715812488,,,,,,,,,,
577.94,0.000688067847,,,,,,,,,,
577.96,0.0006517277032,,,,,,,,,,
577.98,0.0006086406939,,,,,,,,,,
578,0.00056110136,,,,,,,,,,
578.02,0.0005116015927,,,,,,,,,,
578.04,0.0004625616284,,,,,,,,,,
578.06,0.0004160673201,,,,,,,,,,
578.08,0.0003736526882,,,,,,,,,,
578.1,0.0003361218533,,,,,,,,,,
578.12,0.0003034542198,,,,,,,,,,
578.14,0.0002747872441,,,,,,,,,,
578.16,0.0002484797211,,,,,,,,,,
578.18,0.0002222484536,,,,,,,,,,
578.2,0.0001933719145,,,,,,,,,,
578.22,0.0001589318299,,,,,,,,,,
578.24,0.0001160764873,,,,,,,,,,
578.26,6.228363657e-05,,,,,,,,,,
578.28,-4.39555159e-06,,,,,,,,,,
578.3,-8.514225283e-05,,,,,,,,,,
578.32,-0.00018021221,,,,,,,,,,
578.34,-0.0002888536674,,,,,,,,,,
578.36,-0.000409300839,,,,,,,,,,
578.38,-0.0005388376857,,,,,,,,,,
578.4,-0.0006739262957,,,,,,,,,,
578.42,-0.0008104099399,,,,,,,,,,
578.44,-0.0009437285103,,,,,,,,,,
578.46,-0.001069186336,,,,,,,,,,
578.48,-0.001182222689,,,,,,,,,,
578.5,-0.001278668527,,,,,,,,,,
578.52,-0.001354972364,,,,,,,,,,
578.54,-0.001408390215,,,,,,,,,,
578.56,-0.00143710643,,,,,,,,,,
578.58,-0.001440314482,,,,,,,,,,
578.6,-0.0014182347,,,,,,,,,,
578.62,-0.001372077232,,,,,,,,,,
578.64,-0.001303957894,,,,,,,,,,
578.66,-0.001216782806,,,,,,,,,,
578.68,-0.00111409046,,,,,,,,,,
578.7,-0.0009998766294,,,,,,,,,,
578.72,-0.0008783986548,,,,,,,,,,
578.74,-0.0007539633946,,,,,,,,,,
578.76,-0.000630722916,,,,,,,,,,
578.78,-0.000512476736,,,,,,,,,,
578.8,-0.0004024788069,,,,,,,,,,
578.82,-0.0003032840941,,,,,,,,,,
578.84,-0.0002166351584,,,,,,,,,,
578.86,-0.0001433949444,,,,,,,,,,
578.88,-8.356867255e-05,,,,,,,,,,
578.9,-3.636122135e-05,,,,,,,,,,
578.92,-3.029888619e-07,,,,,,,,,,
578.94,2.657519527e-05,,,,,,,,,,
578.96,4.653874546e-05,,,,,,,,,,
578.98,6.193963109e-05,,,,,,,,,,
579,7.500736866e-05,,,,,,,,,,
579.02,8.769536329e-05,,,,,,,,,,
579.04,0.0001015683792,,,,,,,,,,
579.06,0.0001177521345,,,,,,,,,,
579.08,0.0001369417203,,,,,,,,,,
579.1,0.0001594633325,,,,,,,,,,
579.12,0.0001853699732,,,,,,,,,,
579.14,0.000214551627,,,,,,,,,,
579.16,0.0002468458373,,,,,,,,,,
579.18,0.0002821255533,,,,,,,,,,
579.2,0.0003203496791,,,,,,,,,,
579.22,0.0003615894709,,,,,,,,,,
579.24,0.0004059965199,,,,,,,,,,
579.26,0.0004537523326,,,,,,,,,,
579.28,0.0005050044057,,,,,,,,,,
579.3,0.0005597986925,,,,,,,,,,
579.32,0.000618017282,,,,,,,,,,
579.34,0.0006793668179,,,,,,,,,,
579.36,0.0007433439436,,,,,,,,,,
579.38,0.0008092657631,,,,,,,,,,
579.4,0.0008763129511,,,,,,,,,,
579.42,0.0009435839839,,,,,,,,,,
579.44,0.001010163512,,,,,,,,,,
579.46,0.001075188427,,,,,,,,,,
579.48,0.001137881812,,,,,,,,,,
579.5,0.00119759941,,,,,,,,,,
579.52,0.001253853529,,,,,,,,,,
579.54,0.001306315559,,,,,,,,,,
579.56,0.001354837769,,,,,,,,,,
579.58,0.00139942941,,,,,,,,,,
579.6,0.001440242323,,,,,,,,,,
579.62,0.001477559405,,,,,,,,,,
579.64,0.001511772221,,,,,,,,,,
579.66,0.001543335803,,,,,,,,,,
579.68,0.001572773253,,,,,,,,,,
579.7,0.001600576699,,,,,,,,,,
579.72,0.001627163355,,,,,,,,,,
579.74,0.001652806146,,,,,,,,,,
579.76,0.001677554861,,,,,,,,,,
579.78,0.001701174332,,,,,,,,,,
579.8,0.00172310211,,,,,,,,,,
579.82,0.001742392804,,,,,,,,,,
579.84,0.001757729528,,,,,,,,,,
579.86,0.001767459506,,,,,,,,,,
579.88,0.001769656726,,,,,,,,,,
579.9,0.001762255266,,,,,,,,,,
579.92,0.001743173457,,,,,,,,,,
579.94,0.001710473099,,,,,,,,,,
579.96,0.001662531472,,,,,,,,,,
579.98,0.001598203238,,,,,,,,,,
580,0.001516954294,,,,,,,,,,
580.02,0.001419006504,,,,,,,,,,
580.04,0.001305393721,,,,,,,,,,
580.06,0.001177996332,,,,,,,,,,
580.08,0.00103951776,,,,,,,,,,
580.1,0.0008934061785,,,,,,,,,,
580.12,0.0007437342582,,,,,,,,,,
580.14,0.0005950422347,,,,,,,,,,
580.16,0.0004521146673,,,,,,,,,,
580.18,0.0003197501955,,,,,,,,,,
580.2,0.000202514008,,,,,,,,,,
580.22,0.0001044803753,,,,,,,,,,
580.24,2.90448186e-05,,,,,,,,,,
580.26,-2.128838166e-05,,,,,,,,,,
580.28,-4.504092758e-05,,,,,,,,,,
580.3,-4.183523284e-05,,,,,,,,,,
580.32,-1.240922891e-05,,,,,,,,,,
580.34,4.143971277e-05,,,,,,,,,,
580.36,0.0001169859031,,,,,,,,,,
580.38,0.0002107066109,,,,,,,,,,
580.4,0.0003184853058,,,,,,,,,,
580.42,0.0004358220462,,,,,,,,,,
580.44,0.0005580413369,,,,,,,,,,
580.46,0.0006805096888,,,,,,,,,,
580.48,0.000798797829,,,,,,,,,,
580.5,0.0009088320699,,,,,,,,,,
580.52,0.001007016746,,,,,,,,,,
580.54,0.001090320207,,,,,,,,,,
580.56,0.001156329255,,,,,,,,,,
580.58,0.001203279285,,,,,,,,,,
580.6,0.001230046787,,,,,,,,,,
580.62,0.001236136154,,,,,,,,,,
580.64,0.001221643499,,,,,,,,,,
580.66,0.001187205049,,,,,,,,,,
580.68,0.001133936223,,,,,,,,,,
580.7,0.001063367818,,,,,,,,,,
580.72,0.0009773774118,,,,,,,,,,
580.74,0.0008781226785,,,,,,,,,,
580.76,0.0007679769273,,,,,,,,,,
580.78,0.000649463437,,,,,,,,,,
580.8,0.0005252136601,,,,,,,,,,
580.82,0.0003979167845,,,,,,,,,,
580.84,0.0002702737198,,,,,,,,,,
580.86,0.0001449505998,,,,,,,,,,
580.88,2.452594392e-05,,,,,,,,,,
580.9,-8.856519816e-05,,,,,,,,,,
580.92,-0.0001920807524,,,,,,,,,,
580.94,-0.0002840479651,,,,,,,,,,
580.96,-0.0003628315416,,,,,,,,,,
580.98,-0.0004271991046,,,,,,,,,,
581,-0.0004763795749,,,,,,,,,,
581.02,-0.0005100843771,,,,,,,,,,
581.04,-0.0005285232221,,,,,,,,,,
581.06,-0.0005323839584,,,,,,,,,,
581.08,-0.0005227804194,,,,,,,,,,
581.1,-0.0005011728356,,,,,,,,,,
581.12,-0.0004692632285,,,,,,,,,,
581.14,-0.0004288791889,,,,,,,,,,
581.16,-0.0003818626661,,,,,,,,,,
581.18,-0.0003299629127,,,,,,,,,,
581.2,-0.0002747504428,,,,,,,,,,
581.22,-0.0002175568769,,,,,,,,,,
581.24,-0.0001594470191,,,,,,,,,,
581.26,-0.0001012274112,,,,,,,,,,
581.28,-4.347605703e-05,,,,,,,,,,
581.3,1.340560468e-05,,,,,,,,,,
581.32,6.912813058e-05,,,,,,,,,,
581.34,0.0001234463871,,,,,,,,,,
581.36,0.0001760869058,,,,,,,,,,
581.38,0.0002266922307,,,,,,,,,,
581.4,0.0002747789332,,,,,,,,,,
581.42,0.0003197114667,,,,,,,,,,
581.44,0.0003606945396,,,,,,,,,,
581.46,0.0003967802176,,,,,,,,,,
581.48,0.0004268949084,,,,,,,,,,
581.5,0.000449888512,,,,,,,,,,
581.52,0.0004646004517,,,,,,,,,,
581.54,0.0004699439696,,,,,,,,,,
581.56,0.0004650055436,,,,,,,,,,
581.58,0.0004491574313,,,,,,,,,,
581.6,0.0004221769355,,,,,,,,,,
581.62,0.0003843568454,,,,,,,,,,
581.64,0.0003365960251,,,,,,,,,,
581.66,0.0002804525158,,,,,,,,,,
581.68,0.0002181524068,,,,,,,,,,
581.7,0.0001525335132,,,,,,,,,,
581.72,8.692009914e-05,,,,,,,,,,
581.74,2.493287993e-05,,,,,,,,,,
581.76,-2.975846344e-05,,,,,,,,,,
581.78,-7.371581985e-05,,,,,,,,,,
581.8,-0.0001040181188,,,,,,,,,,
581.82,-0.0001185398488,,,,,,,,,,
581.84,-0.0001161661414,,,,,,,,,,
581.86,-9.693030968e-05,,,,,,,,,,
581.88,-6.205522736e-05,,,,,,,,,,
581.9,-1.386834449e-05,,,,,,,,,,
581.92,4.436353176e-05,,,,,,,,,,
581.94,0.000108704891,,,,,,,,,,
581.96,0.000174881292,,,,,,,,,,
581.98,0.0002386348754,,,,,,,,,,
582,0.0002960716168,,,,,,,,,,
582.02,0.0003439553895,,,,,,,,,,
582.04,0.0003799243526,,,,,,,,,,
582.06,0.0004026113429,,,,,,,,,,
582.08,0.0004116571047,,,,,,,,,,
582.1,0.0004076247493,,,,,,,,,,
582.12,0.0003918277516,,,,,,,,,,
582.14,0.0003661097332,,,,,,,,,,
582.16,0.0003326000425,,,,,,,,,,
582.18,0.000293480449,,,,,,,,,,
582.2,0.000250790818,,,,,,,,,,
582.22,0.0002062934283,,,,,,,,,,
582.24,0.0001614117594,,,,,,,,,,
582.26,0.0001172346822,,,,,,,,,,
582.28,7.457736864e-05,,,,,,,,,,
582.3,3.407888413e-05,,,,,,,,,,
582.32,-3.689539983e-06,,,,,,,,,,
582.34,-3.811738561e-05,,,,,,,,,,
582.36,-6.849334609e-05,,,,,,,,,,
582.38,-9.398503235e-05,,,,,,,,,,
582.4,-0.0001136721465,,,,,,,,,,
582.42,-0.0001266304053,,,,,,,,,,
582.44,-0.0001320432257,,,,,,,,,,
582.46,-0.0001293402229,,,,,,,,,,
582.48,-0.0001183284307,,,,,,,,,,
582.5,-9.929405756e-05,,,,,,,,,,
582.52,-7.305940344e-05,,,,,,,,,,
582.54,-4.097960725e-05,,,,,,,,,,
582.56,-4.877090497e-06,,,,,,,,,,
582.58,3.307888754e-05,,,,,,,,,,
582.6,7.054267279e-05,,,,,,,,,,
582.62,0.0001051880428,,,,,,,,,,
582.64,0.0001349091109,,,,,,,,,,
582.66,0.0001580005813,,,,,,,,,,
582.68,0.0001732996757,,,,,,,,,,
582.7,0.0001802741204,,,,,,,,,,
582.72,0.0001790464384,,,,,,,,,,
582.74,0.0001703545079,,,,,,,,,,
582.76,0.000155452555,,,,,,,,,,
582.78,0.0001359666442,,,,,,,,,,
582.8,0.0001137223107,,,,,,,,,,
582.82,9.05599542e-05,,,,,,,,,,
582.84,6.815819418e-05,,,,,,,,,,
582.86,4.788093846e-05,,,,,,,,,,
582.88,3.066343597e-05,,,,,,,,,,
582.9,1.694667924e-05,,,,,,,,,,
582.92,6.663058683e-06,,,,,,,,,,
582.94,-7.258171687e-07,,,,,,,,,,
582.96,-6.144429664e-06,,,,,,,,,,
582.98,-1.077993306e-05,,,,,,,,,,
583,-1.593036233e-05,,,,,,,,,,
583.02,-2.284428628e-05,,,,,,,,,,
583.04,-3.256452414e-05,,,,,,,,,,
583.06,-4.579147971e-05,,,,,,,,,,
583.08,-6.278024843e-05,,,,,,,,,,
583.1,-8.327895614e-05,,,,,,,,,,
583.12,-0.0001065183827,,,,,,,,,,
583.14,-0.0001312519681,,,,,,,,,,
583.16,-0.0001558401768,,,,,,,,,,
583.18,-0.0001783714669,,,,,,,,,,
583.2,-0.0001968008556,,,,,,,,,,
583.22,-0.0002091042918,,,,,,,,,,
583.24,-0.0002134212263,,,,,,,,,,
583.26,-0.0002081766987,,,,,,,,,,
583.28,-0.0001921749822,,,,,,,,,,
583.3,-0.0001646457634,,,,,,,,,,
583.32,-0.0001252683391,,,,,,,,,,
583.34,-7.415560119e-05,,,,,,,,,,
583.36,-1.180723543e-05,,,,,,,,,,
583.38,6.095197621e-05,,,,,,,,,,
583.4,0.0001430502897,,,,,,,,,,
583.42,0.0002332428472,,,,,,,,,,
583.44,0.00033016475,,,,,,,,,,
583.46,0.000432392669,,,,,,,,,,
583.48,0.0005384885814,,,,,,,,,,
583.5,0.0006470264505,,,,,,,,,,
583.52,0.0007566394236,,,,,,,,,,
583.54,0.000866005668,,,,,,,,,,
583.56,0.0009738785214,,,,,,,,,,
583.58,0.001079104144,,,,,,,,,,
583.6,0.001180632321,,,,,,,,,,
583.62,0.001277551733,,,,,,,,,,
583.64,0.001369080736,,,,,,,,,,
583.66,0.001454575646,,,,,,,,,,
583.68,0.001533535381,,,,,,,,,,
583.7,0.001605587744,,,,,,,,,,
583.72,0.001670479678,,,,,,,,,,
583.74,0.001728058998,,,,,,,,,,
583.76,0.001778229614,,,,,,,,,,
583.78,0.001820939925,,,,,,,,,,
583.8,0.001856164261,,,,,,,,,,
583.82,0.001883878977,,,,,,,,,,
583.84,0.001904103299,,,,,,,,,,
583.86,0.00191685996,,,,,,,,,,
583.88,0.001922206957,,,,,,,,,,
583.9,0.001920252893,,,,,,,,,,
583.92,0.001911154934,,,,,,,,,,
583.94,0.001895158948,,,,,,,,,,
583.96,0.001872571872,,,,,,,,,,
583.98,0.001843750779,,,,,,,,,,
584,0.001809086622,,,,,,,,,,
584.02,0.001768967937,,,,,,,,,,
584.04,0.001723763494,,,,,,,,,,
584.06,0.001673806206,,,,,,,,,,
584.08,0.001619356697,,,,,,,,,,
584.1,0.001560607228,,,,,,,,,,
584.12,0.001497684728,,,,,,,,,,
584.14,0.00143065944,,,,,,,,,,
584.16,0.001359604952,,,,,,,,,,
584.18,0.001284594557,,,,,,,,,,
584.2,0.001205739108,,,,,,,,,,
584.22,0.001123205808,,,,,,,,,,
584.24,0.001037213759,,,,,,,,,,
584.26,0.0009480644166,,,,,,,,,,
584.28,0.0008561120344,,,,,,,,,,
584.3,0.0007617536625,,,,,,,,,,
584.32,0.000665417162,,,,,,,,,,
584.34,0.0005675487575,,,,,,,,,,
584.36,0.0004686299356,,,,,,,,,,
584.38,0.0003692037259,,,,,,,,,,
584.4,0.0002699021309,,,,,,,,,,
584.42,0.0001714913645,,,,,,,,,,
584.44,7.49129777e-05,,,,,,,,,,
584.46,-1.868139796e-05,,,,,,,,,,
584.48,-0.00010790093,,,,,,,,,,
584.5,-0.0001911408097,,,,,,,,,,
584.52,-0.0002666311699,,,,,,,,,,
584.54,-0.0003325261145,,,,,,,,,,
584.56,-0.000387029273,,,,,,,,,,
584.58,-0.000428526598,,,,,,,,,,
584.6,-0.0004557560142,,,,,,,,,,
584.62,-0.0004679587565,,,,,,,,,,
584.64,-0.0004650098024,,,,,,,,,,
584.66,-0.0004475099334,,,,,,,,,,
584.68,-0.0004168199588,,,,,,,,,,
584.7,-0.000375045275,,,,,,,,,,
584.72,-0.0003249546581,,,,,,,,,,
584.74,-0.0002698444714,,,,,,,,,,
584.76,-0.0002133560578,,,,,,,,,,
584.78,-0.0001592724961,,,,,,,,,,
584.8,-0.000111298627,,,,,,,,,,
584.82,-7.284689882e-05,,,,,,,,,,
584.84,-4.685191942e-05,,,,,,,,,,
584.86,-3.561789035e-05,,,,,,,,,,
584.88,-4.072392399e-05,,,,,,,,,,
584.9,-6.297840258e-05,,,,,,,,,,
584.92,-0.0001024074191,,,,,,,,,,
584.94,-0.0001583084926,,,,,,,,,,
584.96,-0.0002293350489,,,,,,,,,,
584.98,-0.0003136119333,,,,,,,,,,
585,-0.0004088826114,,,,,,,,,,
585.02,-0.0005126180936,,,,,,,,,,
585.04,-0.0006221578086,,,,,,,,,,
585.06,-0.0007348245544,,,,,,,,,,
585.08,-0.0008480098158,,,,,,,,,,
585.1,-0.00095926555,,,,,,,,,,
585.12,-0.001066306107,,,,,,,,,,
585.14,-0.001167035417,,,,,,,,,,
585.16,-0.001259540219,,,,,,,,,,
585.18,-0.001342064736,,,,,,,,,,
585.2,-0.001413001789,,,,,,,,,,
585.22,-0.001470854545,,,,,,,,,,
585.24,-0.001514238908,,,,,,,,,,
585.26,-0.001541901549,,,,,,,,,,
585.28,-0.00155275288,,,,,,,,,,
585.3,-0.001545930511,,,,,,,,,,
585.32,-0.001520867887,,,,,,,,,,
585.34,-0.001477370787,,,,,,,,,,
585.36,-0.001415692463,,,,,,,,,,
585.38,-0.00133658527,,,,,,,,,,
585.4,-0.001241327938,,,,,,,,,,
585.42,-0.001131732119,,,,,,,,,,
585.44,-0.001010093074,,,,,,,,,,
585.46,-0.0008791144711,,,,,,,,,,
585.48,-0.0007417962961,,,,,,,,,,
585.5,-0.0006012942171,,,,,,,,,,
585.52,-0.0004607928511,,,,,,,,,,
585.54,-0.0003233418115,,,,,,,,,,
585.56,-0.0001917112407,,,,,,,,,,
585.58,-6.825799056e-05,,,,,,,,,,
585.6,4.519482009e-05,,,,,,,,,,
585.62,0.000147421071,,,,,,,,,,
585.64,0.0002378537406,,,,,,,,,,
585.66,0.0003166019951,,,,,,,,,,
585.68,0.0003844324884,,,,,,,,,,
585.7,0.0004427136654,,,,,,,,,,
585.72,0.0004933150165,,,,,,,,,,
585.74,0.000538466445,,,,,,,,,,
585.76,0.0005805968714,,,,,,,,,,
585.78,0.0006221458683,,,,,,,,,,
585.8,0.0006653587934,,,,,,,,,,
585.82,0.0007120978714,,,,,,,,,,
585.84,0.0007636463154,,,,,,,,,,
585.86,0.0008205675232,,,,,,,,,,
585.88,0.0008826157049,,,,,,,,,,
585.9,0.000948703966,,,,,,,,,,
585.92,0.001016962389,,,,,,,,,,
585.94,0.001084849531,,,,,,,,,,
585.96,0.001149339858,,,,,,,,,,
585.98,0.00120717364,,,,,,,,,,
586,0.001255132183,,,,,,,,,,
586.02,0.001290331785,,,,,,,,,,
586.04,0.0013104931,,,,,,,,,,
586.06,0.001314152959,,,,,,,,,,
586.08,0.0013008186,,,,,,,,,,
586.1,0.001271023621,,,,,,,,,,
586.12,0.001226288724,,,,,,,,,,
586.14,0.001168998639,,,,,,,,,,
586.16,0.001102171689,,,,,,,,,,
586.18,0.001029190516,,,,,,,,,,
586.2,0.000953495419,,,,,,,,,,
586.22,0.0008782775743,,,,,,,,,,
586.24,0.0008062374316,,,,,,,,,,
586.26,0.0007393663284,,,,,,,,,,
586.28,0.0006788384576,,,,,,,,,,
586.3,0.0006249863093,,,,,,,,,,
586.32,0.0005773546907,,,,,,,,,,
586.34,0.0005348668635,,,,,,,,,,
586.36,0.0004959930793,,,,,,,,,,
586.38,0.0004589710627,,,,,,,,,,
586.4,0.0004220152508,,,,,,,,,,
586.42,0.0003834909153,,,,,,,,,,
586.44,0.0003420679148,,,,,,,,,,
586.46,0.0002967921952,,,,,,,,,,
586.48,0.0002471147207,,,,,,,,,,
586.5,0.0001928721524,,,,,,,,,,
586.52,0.000134232825,,,,,,,,,,
586.54,7.163411771e-05,,,,,,,,,,
586.56,5.719578076e-06,,,,,,,,,,
586.58,-6.271623328e-05,,,,,,,,,,
586.6,-0.0001327598758,,,,,,,,,,
586.62,-0.0002033893816,,,,,,,,,,
586.64,-0.0002734648693,,,,,,,,,,
586.66,-0.0003417016302,,,,,,,,,,
586.68,-0.0004066539888,,,,,,,,,,
586.7,-0.0004667067087,,,,,,,,,,
586.72,-0.000520086102,,,,,,,,,,
586.74,-0.0005648908315,,,,,,,,,,
586.76,-0.000599149381,,,,,,,,,,
586.78,-0.0006209076097,,,,,,,,,,
586.8,-0.0006283301902,,,,,,,,,,
586.82,-0.0006198141587,,,,,,,,,,
586.84,-0.0005940953554,,,,,,,,,,
586.86,-0.0005503618029,,,,,,,,,,
586.88,-0.0004883532443,,,,,,,,,,
586.9,-0.000408435301,,,,,,,,,,
586.92,-0.0003116527975,,,,,,,,,,
586.94,-0.0001997463118,,,,,,,,,,
586.96,-7.515686817e-05,,,,,,,,,,
586.98,5.90106818e-05,,,,,,,,,,
587,0.0001990662534,,,,,,,,,,
587.02,0.0003408463772,,,,,,,,,,
587.04,0.0004798657327,,,,,,,,,,
587.06,0.000611484488,,,,,,,,,,
587.08,0.0007311158879,,,,,,,,,,
587.1,0.0008344514307,,,,,,,,,,
587.12,0.0009176886738,,,,,,,,,,
587.14,0.0009777473576,,,,,,,,,,
587.16,0.001012450865,,,,,,,,,,
587.18,0.001020681458,,,,,,,,,,
587.2,0.001002474904,,,,,,,,,,
587.22,0.0009590514119,,,,,,,,,,
587.24,0.0008927748754,,,,,,,,,,
587.26,0.0008070475384,,,,,,,,,,
587.28,0.0007061442822,,,,,,,,,,
587.3,0.0005949899428,,,,,,,,,,
587.32,0.0004788959517,,,,,,,,,,
587.34,0.0003632700803,,,,,,,,,,
587.36,0.0002533360965,,,,,,,,,,
587.38,0.0001538414997,,,,,,,,,,
587.4,6.880179653e-05,,,,,,,,,,
587.42,1.280870491e-06,,,,,,,,,,
587.44,-4.677726412e-05,,,,,,,,,,
587.46,-7.463058389e-05,,,,,,,,,,
587.48,-8.278722239e-05,,,,,,,,,,
587.5,-7.295825564e-05,,,,,,,,,,
587.52,-4.794506363e-05,,,,,,,,,,
587.54,-1.14605412e-05,,,,,,,,,,
587.56,3.211920816e-05,,,,,,,,,,
587.58,7.802324031e-05,,,,,,,,,,
587.6,0.000121391826,,,,,,,,,,
587.62,0.0001575818554,,,,,,,,,,
587.64,0.0001824547394,,,,,,,,,,
587.66,0.0001926211252,,,,,,,,,,
587.68,0.0001856406123,,,,,,,,,,
587.7,0.0001601445949,,,,,,,,,,
587.72,0.0001158884938,,,,,,,,,,
587.74,5.373133859e-05,,,,,,,,,,
587.76,-2.446354307e-05,,,,,,,,,,
587.78,-0.000115953251,,,,,,,,,,
587.8,-0.0002173050113,,,,,,,,,,
587.82,-0.0003246010644,,,,,,,,,,
587.84,-0.0004336517343,,,,,,,,,,
587.86,-0.0005402060926,,,,,,,,,,
587.88,-0.0006401278112,,,,,,,,,,
587.9,-0.0007295682124,,,,,,,,,,
587.92,-0.0008051062643,,,,,,,,,,
587.94,-0.0008638631181,,,,,,,,,,
587.96,-0.0009035848326,,,,,,,,,,
587.98,-0.0009227062427,,,,,,,,,,
588,-0.0009203936229,,,,,,,,,,
588.02,-0.0008965618262,,,,,,,,,,
588.04,-0.0008518654217,,,,,,,,,,
588.06,-0.0007876601744,,,,,,,,,,
588.08,-0.0007059498044,,,,,,,,,,
588.1,-0.0006092939959,,,,,,,,,,
588.12,-0.0005006905856,,,,,,,,,,
588.14,-0.0003834293649,,,,,,,,,,
588.16,-0.0002609370272,,,,,,,,,,
588.18,-0.0001366156316,,,,,,,,,,
588.2,-1.367311623e-05,,,,,,,,,,
588.22,0.0001050305369,,,,,,,,,,
588.24,0.0002171172184,,,,,,,,,,
588.26,0.0003207736822,,,,,,,,,,
588.28,0.0004147989002,,,,,,,,,,
588.3,0.0004986093567,,,,,,,,,,
588.32,0.0005721932194,,,,,,,,,,
588.34,0.0006360220164,,,,,,,,,,
588.36,0.0006909142094,,,,,,,,,,
588.38,0.0007378785307,,,,,,,,,,
588.4,0.0007779532763,,,,,,,,,,
588.42,0.0008120466742,,,,,,,,,,
588.44,0.0008407983506,,,,,,,,,,
588.46,0.0008644771245,,,,,,,,,,
588.48,0.0008829233829,,,,,,,,,,
588.5,0.0008955567044,,,,,,,,,,
588.52,0.0009014361288,,,,,,,,,,
588.54,0.0008993732177,,,,,,,,,,
588.56,0.0008880999257,,,,,,,,,,
588.58,0.0008664535135,,,,,,,,,,
588.6,0.0008335819945,,,,,,,,,,
588.62,0.0007891337792,,,,,,,,,,
588.64,0.0007334145092,,,,,,,,,,
588.66,0.0006675084513,,,,,,,,,,
588.68,0.0005933098722,,,,,,,,,,
588.7,0.0005134910404,,,,,,,,,,
588.72,0.0004313854551,,,,,,,,,,
588.74,0.0003508007949,,,,,,,,,,
588.76,0.0002757878956,,,,,,,,,,
588.78,0.0002103387545,,,,,,,,,,
588.8,0.0001580911829,,,,,,,,,,
588.82,0.0001220371322,,,,,,,,,,
588.84,0.0001042799047,,,,,,,,,,
588.86,0.0001058627814,,,,,,,,,,
588.88,0.0001266520409,,,,,,,,,,
588.9,0.00016533946,,,,,,,,,,
588.92,0.00021952989,,,,,,,,,,
588.94,0.0002859309275,,,,,,,,,,
588.96,0.0003606102273,,,,,,,,,,
588.98,0.0004392881916,,,,,,,,,,
589,0.0005176734388,,,,,,,,,,
589.02,0.0005917828695,,,,,,,,,,
589.04,0.0006582406941,,,,,,,,,,
589.06,0.0007145058058,,,,,,,,,,
589.08,0.0007590215143,,,,,,,,,,
589.1,0.0007912905537,,,,,,,,,,
589.12,0.0008118539688,,,,,,,,,,
589.14,0.0008222013595,,,,,,,,,,
589.16,0.0008245930212,,,,,,,,,,
589.18,0.000821834586,,,,,,,,,,
589.2,0.0008170290629,,,,,,,,,,
589.22,0.0008133088334,,,,,,,,,,
589.24,0.0008136025709,,,,,,,,,,
589.26,0.0008204011357,,,,,,,,,,
589.28,0.0008355779475,,,,,,,,,,
589.3,0.0008602695326,,,,,,,,,,
589.32,0.0008947977663,,,,,,,,,,
589.34,0.0009386861555,,,,,,,,,,
589.36,0.0009906808406,,,,,,,,,,
589.38,0.001048844683,,,,,,,,,,
589.4,0.001110694563,,,,,,,,,,
589.42,0.001173354096,,,,,,,,,,
589.44,0.001233769875,,,,,,,,,,
589.46,0.001288879408,,,,,,,,,,
589.48,0.001335815886,,,,,,,,,,
589.5,0.001372097963,,,,,,,,,,
589.52,0.001395783207,,,,,,,,,,
589.54,0.001405630183,,,,,,,,,,
589.56,0.001401155977,,,,,,,,,,
589.58,0.001382681889,,,,,,,,,,
589.6,0.001351312239,,,,,,,,,,
589.62,0.001308841082,,,,,,,,,,
589.64,0.001257650189,,,,,,,,,,
589.66,0.001200494693,,,,,,,,,,
589.68,0.001140301618,,,,,,,,,,
589.7,0.001079940194,,,,,,,,,,
589.72,0.001021990925,,,,,,,,,,
589.74,0.0009685821758,,,,,,,,,,
589.76,0.0009212102265,,,,,,,,,,
589.78,0.0008806601147,,,,,,,,,,
589.8,0.00084697863,,,,,,,,,,
589.82,0.000819517062,,,,,,,,,,
589.84,0.0007970644396,,,,,,,,,,
589.86,0.0007779823639,,,,,,,,,,
589.88,0.0007604065977,,,,,,,,,,
589.9,0.0007424467947,,,,,,,,,,
589.92,0.000722385922,,,,,,,,,,
589.94,0.0006988609258,,,,,,,,,,
589.96,0.0006709696208,,,,,,,,,,
589.98,0.0006383450146,,,,,,,,,,
590,0.0006011601317,,,,,,,,,,
590.02,0.0005600894966,,,,,,,,,,
590.04,0.0005162203361,,,,,,,,,,
590.06,0.0004709170806,,,,,,,,,,
590.08,0.0004256808411,,,,,,,,,,
590.1,0.0003819993772,,,,,,,,,,
590.12,0.0003412284574,,,,,,,,,,
590.14,0.0003044887457,,,,,,,,,,
590.16,0.0002725972691,,,,,,,,,,
590.18,0.0002460455167,,,,,,,,,,
590.2,0.0002250072828,,,,,,,,,,
590.22,0.0002094006749,,,,,,,,,,
590.24,0.0001989470301,,,,,,,,,,
590.26,0.0001932492475,,,,,,,,,,
590.28,0.0001918687924,,,,,,,,,,
590.3,0.0001943807811,,,,,,,,,,
590.32,0.0002004304731,,,,,,,,,,
590.34,0.0002097256806,,,,,,,,,,
590.36,0.0002220222046,,,,,,,,,,
590.38,0.0002370800683,,,,,,,,,,
590.4,0.0002546015753,,,,,,,,,,
590.42,0.0002741786581,,,,,,,,,,
590.44,0.0002952251925,,,,,,,,,,
590.46,0.0003169495147,,,,,,,,,,
590.48,0.0003383525931,,,,,,,,,,
590.5,0.0003582642263,,,,,,,,,,
590.52,0.0003754188895,,,,,,,,,,
590.54,0.000388553014,,,,,,,,,,
590.56,0.0003965286858,,,,,,,,,,
590.58,0.0003984555919,,,,,,,,,,
590.6,0.0003937993973,,,,,,,,,,
590.62,0.0003824584854,,,,,,,,,,
590.64,0.000364792121,,,,,,,,,,
590.66,0.0003416005717,,,,,,,,,,
590.68,0.0003140511059,,,,,,,,,,
590.7,0.0002835646846,,,,,,,,,,
590.72,0.0002516727705,,,,,,,,,,
590.74,0.0002198621268,,,,,,,,,,
590.76,0.0001894322314,,,,,,,,,,
590.78,0.0001613777581,,,,,,,,,,
590.8,0.0001363213361,,,,,,,,,,
590.82,0.0001144904697,,,,,,,,,,
590.84,9.574490065e-05,,,,,,,,,,
590.86,7.964768316e-05,,,,,,,,,,
590.88,6.556265471e-05,,,,,,,,,,
590.9,5.277775668e-05,,,,,,,,,,
590.92,4.061377504e-05,,,,,,,,,,
590.94,2.852193999e-05,,,,,,,,,,
590.96,1.615387135e-05,,,,,,,,,,
590.98,3.399446202e-06,,,,,,,,,,
591,-9.598265814e-06,,,,,,,,,,
591.02,-2.246522241e-05,,,,,,,,,,
591.04,-3.463032273e-05,,,,,,,,,,
591.06,-4.536977951e-05,,,,,,,,,,
591.08,-5.38488424e-05,,,,,,,,,,
591.1,-5.915643375e-05,,,,,,,,,,
591.12,-6.034060524e-05,,,,,,,,,,
591.14,-5.642799038e-05,,,,,,,,,,
591.16,-4.644278704e-05,,,,,,,,,,
591.18,-2.941376988e-05,,,,,,,,,,
591.2,-4.400774694e-06,,,,,,,,,,
591.22,2.947044621e-05,,,,,,,,,,
591.24,7.297090332e-05,,,,,,,,,,
591.26,0.0001267120515,,,,,,,,,,
591.28,0.0001911072175,,,,,,,,,,
591.3,0.0002662864209,,,,,,,,,,
591.32,0.0003520415793,,,,,,,,,,
591.34,0.0004477815819,,,,,,,,,,
591.36,0.0005524927721,,,,,,,,,,
591.38,0.0006647540496,,,,,,,,,,
591.4,0.0007827070088,,,,,,,,,,
591.42,0.0009041058767,,,,,,,,,,
591.44,0.001026373113,,,,,,,,,,
591.46,0.001146678019,,,,,,,,,,
591.48,0.00126203656,,,,,,,,,,
591.5,0.001369393343,,,,,,,,,,
591.52,0.001465747518,,,,,,,,,,
591.54,0.001548265418,,,,,,,,,,
591.56,0.001614400619,,,,,,,,,,
591.58,0.001661997255,,,,,,,,,,
591.6,0.001689381965,,,,,,,,,,
591.62,0.001695453863,,,,,,,,,,
591.64,0.001679742657,,,,,,,,,,
591.66,0.001642459324,,,,,,,,,,
591.68,0.001584508564,,,,,,,,,,
591.7,0.001507477635,,,,,,,,,,
591.72,0.001413599703,,,,,,,,,,
591.74,0.001305673063,,,,,,,,,,
591.76,0.001186992441,,,,,,,,,,
591.78,0.001061216608,,,,,,,,,,
591.8,0.0009322338314,,,,,,,,,,
591.82,0.0008040078909,,,,,,,,,,
591.84,0.0006804045758,,,,,,,,,,
591.86,0.0005650651255,,,,,,,,,,
591.88,0.0004612170461,,,,,,,,,,
591.9,0.0003715332519,,,,,,,,,,
591.92,0.0002979937396,,,,,,,,,,
591.94,0.0002417834431,,,,,,,,,,
591.96,0.0002032360463,,,,,,,,,,
591.98,0.0001817762563,,,,,,,,,,
592,0.0001759342693,,,,,,,,,,
592.02,0.0001833931313,,,,,,,,,,
592.04,0.0002011066486,,,,,,,,,,
592.06,0.0002254463221,,,,,,,,,,
592.08,0.0002523882611,,,,,,,,,,
592.1,0.0002777397273,,,,,,,,,,
592.12,0.0002973806169,,,,,,,,,,
592.14,0.0003075159355,,,,,,,,,,
592.16,0.0003049108177,,,,,,,,,,
592.18,0.0002870943816,,,,,,,,,,
592.2,0.0002525176105,,,,,,,,,,
592.22,0.0002006505014,,,,,,,,,,
592.24,0.0001320090481,,,,,,,,,,
592.26,4.812782878e-05,,,,,,,,,,
592.28,-4.855209634e-05,,,,,,,,,,
592.3,-0.0001548458769,,,,,,,,,,
592.32,-0.0002670397125,,,,,,,,,,
592.34,-0.0003811157649,,,,,,,,,,
592.36,-0.000492989029,,,,,,,,,,
592.38,-0.0005987399274,,,,,,,,,,
592.4,-0.0006948135458,,,,,,,,,,
592.42,-0.0007781794443,,,,,,,,,,
592.44,-0.000846426694,,,,,,,,,,
592.46,-0.0008978215696,,,,,,,,,,
592.48,-0.0009313103453,,,,,,,,,,
592.5,-0.0009464774925,,,,,,,,,,
592.52,-0.0009434626595,,,,,,,,,,
592.54,-0.0009228665179,,,,,,,,,,
592.56,-0.0008856472673,,,,,,,,,,
592.58,-0.0008330198756,,,,,,,,,,
592.6,-0.0007663648305,,,,,,,,,,
592.62,-0.0006871666275,,,,,,,,,,
592.64,-0.000596979976,,,,,,,,,,
592.66,-0.0004974135833,,,,,,,,,,
592.68,-0.000390133974,,,,,,,,,,
592.7,-0.0002768816606,,,,,,,,,,
592.72,-0.0001595117849,,,,,,,,,,
592.74,-4.001304464e-05,,,,,,,,,,
592.76,7.948415625e-05,,,,,,,,,,
592.78,0.0001967236441,,,,,,,,,,
592.8,0.0003093488748,,,,,,,,,,
592.82,0.0004149568639,,,,,,,,,,
592.84,0.0005111864573,,,,,,,,,,
592.86,0.0005958195149,,,,,,,,,,
592.88,0.0006668922761,,,,,,,,,,
592.9,0.000722787105,,,,,,,,,,
592.92,0.0007623323516,,,,,,,,,,
592.94,0.0007848731711,,,,,,,,,,
592.96,0.0007903119721,,,,,,,,,,
592.98,0.0007791086035,,,,,,,,,,
593,0.0007522479516,,,,,,,,,,
593.02,0.000711182093,,,,,,,,,,
593.04,0.0006577417701,,,,,,,,,,
593.06,0.000594029414,,,,,,,,,,
593.08,0.0005223052679,,,,,,,,,,
593.1,0.0004448828848,,,,,,,,,,
593.12,0.0003640266525,,,,,,,,,,
593.14,0.0002818637369,,,,,,,,,,
593.16,0.0002003080748,,,,,,,,,,
593.18,0.0001210179666,,,,,,,,,,
593.2,4.535815158e-05,,,,,,,,,,
593.22,-2.562332283e-05,,,,,,,,,,
593.24,-9.120764478e-05,,,,,,,,,,
593.26,-0.0001510065081,,,,,,,,,,
593.28,-0.0002049413111,,,,,,,,,,
593.3,-0.0002532272839,,,,,,,,,,
593.32,-0.000296344234,,,,,,,,,,
593.34,-0.0003349969359,,,,,,,,,,
593.36,-0.0003700654765,,,,,,,,,,
593.38,-0.0004025365118,,,,,,,,,,
593.4,-0.0004334417762,,,,,,,,,,
593.42,-0.0004637909893,,,,,,,,,,
593.44,-0.0004945070708,,,,,,,,,,
593.46,-0.0005263758228,,,,,,,,,,
593.48,-0.0005599883749,,,,,,,,,,
593.5,-0.0005957214341,,,,,,,,,,
593.52,-0.0006337246043,,,,,,,,,,
593.54,-0.000673938791,,,,,,,,,,
593.56,-0.000716114218,,,,,,,,,,
593.58,-0.0007598387222,,,,,,,,,,
593.6,-0.0008045849188,,,,,,,,,,
593.62,-0.0008497432356,,,,,,,,,,
593.64,-0.0008946827464,,,,,,,,,,
593.66,-0.0009387518884,,,,,,,,,,
593.68,-0.0009813032657,,,,,,,,,,
593.7,-0.001021699567,,,,,,,,,,
593.72,-0.001059308109,,,,,,,,,,
593.74,-0.001093505535,,,,,,,,,,
593.76,-0.001123640611,,,,,,,,,,
593.78,-0.001149033546,,,,,,,,,,
593.8,-0.001168962847,,,,,,,,,,
593.82,-0.001182676167,,,,,,,,,,
593.84,-0.001189395435,,,,,,,,,,
593.86,-0.001188332734,,,,,,,,,,
593.88,-0.001178725431,,,,,,,,,,
593.9,-0.001159864708,,,,,,,,,,
593.92,-0.001131160551,,,,,,,,,,
593.94,-0.001092174304,,,,,,,,,,
593.96,-0.001042672739,,,,,,,,,,
593.98,-0.0009826705416,,,,,,,,,,
594,-0.0009124629529,,,,,,,,,,
594.02,-0.0008326673493,,,,,,,,,,
594.04,-0.0007442242316,,,,,,,,,,
594.06,-0.0006483912749,,,,,,,,,,
594.08,-0.0005467069142,,,,,,,,,,
594.1,-0.0004409446785,,,,,,,,,,
594.12,-0.0003330501447,,,,,,,,,,
594.14,-0.000225047495,,,,,,,,,,
594.16,-0.0001189425173,,,,,,,,,,
594.18,-1.661568842e-05,,,,,,,,,,
594.2,8.024678307e-05,,,,,,,,,,
594.22,0.0001702300453,,,,,,,,,,
594.24,0.0002522354476,,,,,,,,,,
594.26,0.0003254958944,,,,,,,,,,
594.28,0.0003895542729,,,,,,,,,,
594.3,0.0004441981632,,,,,,,,,,
594.32,0.0004893930766,,,,,,,,,,
594.34,0.0005251945625,,,,,,,,,,
594.36,0.0005516636412,,,,,,,,,,
594.38,0.0005687813053,,,,,,,,,,
594.4,0.0005764033159,,,,,,,,,,
594.42,0.0005742472034,,,,,,,,,,
594.44,0.0005619139372,,,,,,,,,,
594.46,0.0005389423658,,,,,,,,,,
594.48,0.000504891954,,,,,,,,,,
594.5,0.0004594572529,,,,,,,,,,
594.52,0.0004025742419,,,,,,,,,,
594.54,0.0003345188773,,,,,,,,,,
594.56,0.0002559747383,,,,,,,,,,
594.58,0.0001680865312,,,,,,,,,,
594.6,7.245902029e-05,,,,,,,,,,
594.62,-2.888775484e-05,,,,,,,,,,
594.64,-0.0001336029241,,,,,,,,,,
594.66,-0.0002391181906,,,,,,,,,,
594.68,-0.0003427705212,,,,,,,,,,
594.7,-0.0004419538582,,,,,,,,,,
594.72,-0.0005342623026,,,,,,,,,,
594.74,-0.0006176243361,,,,,,,,,,
594.76,-0.0006903991355,,,,,,,,,,
594.78,-0.0007514563518,,,,,,,,,,
594.8,-0.0008002257099,,,,,,,,,,
594.82,-0.0008367075945,,,,,,,,,,
594.84,-0.0008614563821,,,,,,,,,,
594.86,-0.0008755140362,,,,,,,,,,
594.88,-0.0008803341201,,,,,,,,,,
594.9,-0.0008776764491,,,,,,,,,,
594.92,-0.0008694860951,,,,,,,,,,
594.94,-0.0008577675207,,,,,,,,,,
594.96,-0.0008444417018,,,,,,,,,,
594.98,-0.0008312282037,,,,,,,,,,
595,-0.0008195286184,,,,,,,,,,
619,,0.0002000526,,,,,,,,,
619.02,,0.0002293261066,,,,,,,,,
619.04,,0.0002656966549,,,,,,,,,
619.06,,0.000309133538,,,,,,,,,
619.08,,0.000359256424,,,,,,,,,
619.1,,0.0004153263213,,,,,,,,,
619.12,,0.0004762148256,,,,,,,,,
619.14,,0.0005404215883,,,,,,,,,
619.16,,0.0006061133735,,,,,,,,,
619.18,,0.0006711944513,,,,,,,,,
619.2,,0.0007333702624,,,,,,,,,
619.22,,0.000790259438,,,,,,,,,
619.24,,0.0008395134291,,,,,,,,,
619.26,,0.0008789300753,,,,,,,,,
619.28,,0.0009065722734,,,,,,,,,
619.3,,0.0009208734383,,,,,,,,,
619.32,,0.0009207275381,,,,,,,,,
619.34,,0.0009055474439,,,,,,,,,
619.36,,0.0008752989105,,,,,,,,,
619.38,,0.0008304956288,,,,,,,,,
619.4,,0.0007721776001,,,,,,,,,
619.42,,0.000701855265,,,,,,,,,
619.44,,0.0006214255322,,,,,,,,,
619.46,,0.0005330808219,,,,,,,,,
619.48,,0.0004392196882,,,,,,,,,
619.5,,0.0003423389488,,,,,,,,,
619.52,,0.0002449256498,,,,,,,,,
619.54,,0.0001493910212,,,,,,,,,
619.56,,5.798782892e-05,,,,,,,,,
619.58,,-2.726179728e-05,,,,,,,,,
619.6,,-0.0001046125375,,,,,,,,,
619.62,,-0.0001726208035,,,,,,,,,
619.64,,-0.0002301855435,,,,,,,,,
619.66,,-0.0002765806165,,,,,,,,,
619.68,,-0.0003114414806,,,,,,,,,
619.7,,-0.0003347867001,,,,,,,,,
619.72,,-0.0003470205185,,,,,,,,,
619.74,,-0.0003489225816,,,,,,,,,
619.76,,-0.0003416180288,,,,,,,,,
619.78,,-0.0003265551144,,,,,,,,,
619.8,,-0.0003054612194,,,,,,,,,
619.82,,-0.0002802805078,,,,,,,,,
619.84,,-0.0002530997012,,,,,,,,,
619.86,,-0.0002260664047,,,,,,,,,
619.88,,-0.0002012994143,,,,,,,,,
619.9,,-0.0001807957438,,,,,,,,,
619.92,,-0.0001663307592,,,,,,,,,
619.94,,-0.0001593713179,,,,,,,,,
619.96,,-0.0001610175304,,,,,,,,,
619.98,,-0.0001719301541,,,,,,,,,
620,,-0.000192294582,,,,,,,,,
620.02,,-0.0002218058244,,,,,,,,,
620.04,,-0.0002596868437,,,,,,,,,
620.06,,-0.0003046948909,,,,,,,,,
620.08,,-0.0003551726691,,,,,,,,,
620.1,,-0.0004091190506,,,,,,,,,
620.12,,-0.0004642529858,,,,,,,,,
620.14,,-0.0005180976741,,,,,,,,,
620.16,,-0.0005680710747,,,,,,,,,
620.18,,-0.0006115831049,,,,,,,,,
620.2,,-0.000646125725,,,,,,,,,
620.22,,-0.0006693714979,,,,,,,,,
620.24,,-0.0006792578685,,,,,,,,,
620.26,,-0.000674077283,,,,,,,,,
620.28,,-0.000652559096,,,,,,,,,
620.3,,-0.000613934357,,,,,,,,,
620.32,,-0.0005579741759,,,,,,,,,
620.34,,-0.0004850516572,,,,,,,,,
620.36,,-0.000396148194,,,,,,,,,
620.38,,-0.0002928304288,,,,,,,,,
620.4,,-0.0001772320631,,,,,,,,,
620.42,,-5.199917701e-05,,,,,,,,,
620.44,,7.980921799e-05,,,,,,,,,
620.46,,0.0002148416862,,,,,,,,,
620.48,,0.0003495567091,,,,,,,,,
620.5,,0.0004803839352,,,,,,,,,
620.52,,0.0006038907933,,,,,,,,,
620.54,,0.0007169142895,,,,,,,,,
620.56,,0.0008167032828,,,,,,,,,
620.58,,0.0009010552555,,,,,,,,,
620.6,,0.000968414921,,,,,,,,,
620.62,,0.001017921421,,,,,,,,,
620.64,,0.001049449176,,,,,,,,,
620.66,,0.001063603252,,,,,,,,,
620.68,,0.001061662214,,,,,,,,,
620.7,,0.001045491908,,,,,,,,,
620.72,,0.001017436268,,,,,,,,,
620.74,,0.0009801875938,,,,,,,,,
620.76,,0.0009366271412,,,,,,,,,
620.78,,0.0008896734791,,,,,,,,,
620.8,,0.0008421270416,,,,,,,,,
620.82,,0.0007965593278,,,,,,,,,
620.84,,0.0007551739112,,,,,,,,,
620.86,,0.0007197225833,,,,,,,,,
620.88,,0.0006914638784,,,,,,,,,
620.9,,0.0006711391405,,,,,,,,,
620.92,,0.0006589704296,,,,,,,,,
620.94,,0.0006546836758,,,,,,,,,
620.96,,0.0006576186807,,,,,,,,,
620.98,,0.0006667594411,,,,,,,,,
621,,0.0006808296901,,,,,,,,,
621.02,,0.0006983962925,,,,,,,,,
621.04,,0.0007179627598,,,,,,,,,
621.06,,0.0007380335602,,,,,,,,,
621.08,,0.0007571758649,,,,,,,,,
621.1,,0.0007741127292,,,,,,,,,
621.12,,0.0007877268154,,,,,,,,,
621.14,,0.000797091832,,,,,,,,,
621.16,,0.0008014907906,,,,,,,,,
621.18,,0.0008004266513,,,,,,,,,
621.2,,0.0007936060082,,,,,,,,,
621.22,,0.0007809290933,,,,,,,,,
621.24,,0.0007625084176,,,,,,,,,
621.26,,0.0007386458279,,,,,,,,,
621.28,,0.0007098317996,,,,,,,,,
621.3,,0.0006767474513,,,,,,,,,
621.32,,0.0006402785812,,,,,,,,,
621.34,,0.0006014971492,,,,,,,,,
621.36,,0.0005616461013,,,,,,,,,
621.38,,0.0005221500216,,,,,,,,,
621.4,,0.0004845628594,,,,,,,,,
621.42,,0.0004505201069,,,,,,,,,
621.44,,0.0004216816346,,,,,,,,,
621.46,,0.0003996760201,,,,,,,,,
621.48,,0.0003859871362,,,,,,,,,
621.5,,0.0003818593557,,,,,,,,,
621.52,,0.0003882405955,,,,,,,,,
621.54,,0.0004056656139,,,,,,,,,
621.56,,0.0004341863675,,,,,,,,,
621.58,,0.0004733300826,,,,,,,,,
621.6,,0.0005220969661,,,,,,,,,
621.62,,0.0005789427549,,,,,,,,,
621.64,,0.0006418316506,,,,,,,,,
621.66,,0.000708345259,,,,,,,,,
621.68,,0.0007757683906,,,,,,,,,
621.7,,0.0008412297526,,,,,,,,,
621.72,,0.0009018599801,,,,,,,,,
621.74,,0.0009549631167,,,,,,,,,
621.76,,0.0009981515303,,,,,,,,,
621.78,,0.001029490779,,,,,,,,,
621.8,,0.001047628545,,,,,,,,,
621.82,,0.001051861831,,,,,,,,,
621.84,,0.00104217918,,,,,,,,,
621.86,,0.001019258683,,,,,,,,,
621.88,,0.0009844380991,,,,,,,,,
621.9,,0.0009396151984,,,,,,,,,
621.92,,0.0008871303556,,,,,,,,,
621.94,,0.0008296399076,,,,,,,,,
621.96,,0.0007699509309,,,,,,,,,
621.98,,0.000710855437,,,,,,,,,
622,,0.0006549698881,,,,,,,,,
622.02,,0.0006046256334,,,,,,,,,
622.04,,0.0005617271958,,,,,,,,,
622.06,,0.0005276676474,,,,,,,,,
622.08,,0.0005033050115,,,,,,,,,
622.1,,0.0004889400812,,,,,,,,,
622.12,,0.0004843303656,,,,,,,,,
622.14,,0.0004887378559,,,,,,,,,
622.16,,0.0005010409125,,,,,,,,,
622.18,,0.0005197909165,,,,,,,,,
622.2,,0.0005433163142,,,,,,,,,
622.22,,0.0005698510215,,,,,,,,,
622.24,,0.0005976212034,,,,,,,,,
622.26,,0.0006249289164,,,,,,,,,
622.28,,0.0006502292593,,,,,,,,,
622.3,,0.0006722174501,,,,,,,,,
622.32,,0.00068984687,,,,,,,,,
622.34,,0.0007023642341,,,,,,,,,
622.36,,0.0007093452981,,,,,,,,,
622.38,,0.0007106880915,,,,,,,,,
622.4,,0.0007066040949,,,,,,,,,
622.42,,0.000697603779,,,,,,,,,
622.44,,0.0006844921267,,,,,,,,,
622.46,,0.0006683109544,,,,,,,,,
622.48,,0.0006502984707,,,,,,,,,
622.5,,0.0006318582269,,,,,,,,,
622.52,,0.0006144821503,,,,,,,,,
622.54,,0.0005996769757,,,,,,,,,
622.56,,0.0005888885167,,,,,,,,,
622.58,,0.0005834460879,,,,,,,,,
622.6,,0.0005844491813,,,,,,,,,
622.62,,0.0005926958175,,,,,,,,,
622.64,,0.0006086465613,,,,,,,,,
622.66,,0.0006323526647,,,,,,,,,
622.68,,0.0006634273471,,,,,,,,,
622.7,,0.000701048234,,,,,,,,,
622.72,,0.0007440075565,,,,,,,,,
622.74,,0.0007907327104,,,,,,,,,
622.76,,0.0008393722193,,,,,,,,,
622.78,,0.0008879252093,,,,,,,,,
622.8,,0.0009343335107,,,,,,,,,
622.82,,0.00097660614,,,,,,,,,
622.84,,0.001012946152,,,,,,,,,
622.86,,0.001041880042,,,,,,,,,
622.88,,0.001062324803,,,,,,,,,
622.9,,0.001073659141,,,,,,,,,
622.92,,0.001075788797,,,,,,,,,
622.94,,0.001069130431,,,,,,,,,
622.96,,0.001054587817,,,,,,,,,
622.98,,0.001033504483,,,,,,,,,
623,,0.001007606723,,,,,,,,,
623.02,,0.0009788822793,,,,,,,,,
623.04,,0.0009494744421,,,,,,,,,
623.06,,0.000921614495,,,,,,,,,
623.08,,0.0008974795701,,,,,,,,,
623.1,,0.0008790940686,,,,,,,,,
623.12,,0.0008682533817,,,,,,,,,
623.14,,0.0008664721822,,,,,,,,,
623.16,,0.0008748885186,,,,,,,,,
623.18,,0.0008942209597,,,,,,,,,
623.2,,0.0009248077487,,,,,,,,,
623.22,,0.0009665379225,,,,,,,,,
623.24,,0.001018868676,,,,,,,,,
623.26,,0.001080873412,,,,,,,,,
623.28,,0.00115129253,,,,,,,,,
623.3,,0.001228549456,,,,,,,,,
623.32,,0.001310818565,,,,,,,,,
623.34,,0.001396172716,,,,,,,,,
623.36,,0.00148258783,,,,,,,,,
623.38,,0.00156804851,,,,,,,,,
623.4,,0.00165066235,,,,,,,,,
623.42,,0.001728732619,,,,,,,,,
623.44,,0.001800800449,,,,,,,,,
623.46,,0.001865697038,,,,,,,,,
623.48,,0.001922649003,,,,,,,,,
623.5,,0.001971208306,,,,,,,,,
623.52,,0.002011268733,,,,,,,,,
623.54,,0.002043068614,,,,,,,,,
623.56,,0.002067131924,,,,,,,,,
623.58,,0.002084192094,,,,,,,,,
623.6,,0.002095117127,,,,,,,,,
623.62,,0.002100917354,,,,,,,,,
623.64,,0.002102590431,,,,,,,,,
623.66,,0.002101080669,,,,,,,,,
623.68,,0.002097265007,,,,,,,,,
623.7,,0.002091897262,,,,,,,,,
623.72,,0.002085565403,,,,,,,,,
623.74,,0.002078670287,,,,,,,,,
623.76,,0.002071502823,,,,,,,,,
623.78,,0.002064168279,,,,,,,,,
623.8,,0.002056610298,,,,,,,,,
623.82,,0.002048678392,,,,,,,,,
623.84,,0.002040121002,,,,,,,,,
623.86,,0.002030590148,,,,,,,,,
623.88,,0.002019658258,,,,,,,,,
623.9,,0.002006906703,,,,,,,,,
623.92,,0.001991876766,,,,,,,,,
623.94,,0.001974093722,,,,,,,,,
623.96,,0.001953154896,,,,,,,,,
623.98,,0.001928721291,,,,,,,,,
624,,0.001900539142,,,,,,,,,
624.02,,0.001868475858,,,,,,,,,
624.04,,0.00183260125,,,,,,,,,
624.06,,0.001793155844,,,,,,,,,
624.08,,0.001750556872,,,,,,,,,
624.1,,0.001705477214,,,,,,,,,
624.12,,0.001658780169,,,,,,,,,
624.14,,0.001611489207,,,,,,,,,
624.16,,0.001564759614,,,,,,,,,
624.18,,0.001519852513,,,,,,,,,
624.2,,0.001478019384,,,,,,,,,
624.22,,0.001440406733,,,,,,,,,
624.24,,0.001408065976,,,,,,,,,
624.26,,0.001381798161,,,,,,,,,
624.28,,0.00136209478,,,,,,,,,
624.3,,0.001349112996,,,,,,,,,
624.32,,0.001342654088,,,,,,,,,
624.34,,0.001342126513,,,,,,,,,
624.36,,0.00134655238,,,,,,,,,
624.38,,0.001354692793,,,,,,,,,
624.4,,0.001365040932,,,,,,,,,
624.42,,0.001375919196,,,,,,,,,
624.44,,0.001385612754,,,,,,,,,
624.46,,0.001392466469,,,,,,,,,
624.48,,0.001394973291,,,,,,,,,
624.5,,0.001391867833,,,,,,,,,
624.52,,0.001382258305,,,,,,,,,
624.54,,0.001365636234,,,,,,,,,
624.56,,0.001341911058,,,,,,,,,
624.58,,0.001311457521,,,,,,,,,
624.6,,0.001275071155,,,,,,,,,
624.62,,0.001233913118,,,,,,,,,
624.64,,0.001189446481,,,,,,,,,
624.66,,0.001143383961,,,,,,,,,
624.68,,0.001097553439,,,,,,,,,
624.7,,0.001053789457,,,,,,,,,
624.72,,0.001013893843,,,,,,,,,
624.74,,0.0009794976967,,,,,,,,,
624.76,,0.0009519833338,,,,,,,,,
624.78,,0.0009324412322,,,,,,,,,
624.8,,0.0009216403122,,,,,,,,,
624.82,,0.0009199728343,,,,,,,,,
624.84,,0.0009274359662,,,,,,,,,
624.86,,0.0009437250974,,,,,,,,,
624.88,,0.0009681832249,,,,,,,,,
624.9,,0.000999859054,,,,,,,,,
624.92,,0.001037597062,,,,,,,,,
624.94,,0.001080085504,,,,,,,,,
624.96,,0.001125908501,,,,,,,,,
624.98,,0.001173622353,,,,,,,,,
625,,0.001221875949,,,,,,,,,
625.02,,0.001269414406,,,,,,,,,
625.04,,0.00131514716,,,,,,,,,
625.06,,0.001358240402,,,,,,,,,
625.08,,0.001398103013,,,,,,,,,
625.1,,0.001434397232,,,,,,,,,
625.12,,0.001467046474,,,,,,,,,
625.14,,0.001496225505,,,,,,,,,
625.16,,0.00152227506,,,,,,,,,
625.18,,0.001545643098,,,,,,,,,
625.2,,0.00156687138,,,,,,,,,
625.22,,0.001586457807,,,,,,,,,
625.24,,0.001604794447,,,,,,,,,
625.26,,0.001622124248,,,,,,,,,
625.28,,0.001638489177,,,,,,,,,
625.3,,0.00165367862,,,,,,,,,
625.32,,0.00166721436,,,,,,,,,
625.34,,0.00167843241,,,,,,,,,
625.36,,0.001686459628,,,,,,,,,
625.38,,0.001690289124,,,,,,,,,
625.4,,0.001688891167,,,,,,,,,
625.42,,0.001681291572,,,,,,,,,
625.44,,0.001666652439,,,,,,,,,
625.46,,0.001644358429,,,,,,,,,
625.48,,0.001614140588,,,,,,,,,
625.5,,0.001576087069,,,,,,,,,
625.52,,0.001530670393,,,,,,,,,
625.54,,0.001478806327,,,,,,,,,
625.56,,0.001421797979,,,,,,,,,
625.58,,0.001361279343,,,,,,,,,
625.6,,0.001299156274,,,,,,,,,
625.62,,0.001237545681,,,,,,,,,
625.64,,0.001178636663,,,,,,,,,
625.66,,0.001124566814,,,,,,,,,
625.68,,0.001077410073,,,,,,,,,
625.7,,0.001039002361,,,,,,,,,
625.72,,0.001010871034,,,,,,,,,
625.74,,0.0009942162551,,,,,,,,,
625.76,,0.0009898607759,,,,,,,,,
625.78,,0.0009982059427,,,,,,,,,
625.8,,0.001019238123,,,,,,,,,
625.82,,0.001052614291,,,,,,,,,
625.84,,0.001097616623,,,,,,,,,
625.86,,0.001153204034,,,,,,,,,
625.88,,0.001218133268,,,,,,,,,
625.9,,0.001290945064,,,,,,,,,
625.92,,0.00137001635,,,,,,,,,
625.94,,0.001453639865,,,,,,,,,
625.96,,0.001540079802,,,,,,,,,
625.98,,0.001627570595,,,,,,,,,
626,,0.001714358513,,,,,,,,,
626.02,,0.001798821194,,,,,,,,,
626.04,,0.001879405562,,,,,,,,,
626.06,,0.001954687878,,,,,,,,,
626.08,,0.002023445909,,,,,,,,,
626.1,,0.002084654634,,,,,,,,,
626.12,,0.002137496558,,,,,,,,,
626.14,,0.002181386341,,,,,,,,,
626.16,,0.002216021078,,,,,,,,,
626.18,,0.002241312549,,,,,,,,,
626.2,,0.002257382339,,,,,,,,,
626.22,,0.002264594255,,,,,,,,,
626.24,,0.002263466536,,,,,,,,,
626.26,,0.002254634405,,,,,,,,,
626.28,,0.002238824838,,,,,,,,,
626.3,,0.002216834208,,,,,,,,,
626.32,,0.002189453526,,,,,,,,,
626.34,,0.002157419732,,,,,,,,,
626.36,,0.002121493211,,,,,,,,,
626.38,,0.002082358002,,,,,,,,,
626.4,,0.002040634807,,,,,,,,,
626.42,,0.001996932554,,,,,,,,,
626.44,,0.001951855598,,,,,,,,,
626.46,,0.001905996681,,,,,,,,,
626.48,,0.001859952327,,,,,,,,,
626.5,,0.001814406006,,,,,,,,,
626.52,,0.00177005965,,,,,,,,,
626.54,,0.001727617152,,,,,,,,,
626.56,,0.001687851399,,,,,,,,,
626.58,,0.001651512495,,,,,,,,,
626.6,,0.0016192846,,,,,,,,,
626.62,,0.001591773538,,,,,,,,,
626.64,,0.001569487114,,,,,,,,,
626.66,,0.001552752948,,,,,,,,,
626.68,,0.001541677704,,,,,,,,,
626.7,,0.001536229666,,,,,,,,,
626.72,,0.001536139774,,,,,,,,,
626.74,,0.001540923331,,,,,,,,,
626.76,,0.001549967037,,,,,,,,,
626.78,,0.001562531693,,,,,,,,,
626.8,,0.001577784393,,,,,,,,,
626.82,,0.001594870054,,,,,,,,,
626.84,,0.001613007334,,,,,,,,,
626.86,,0.001631483146,,,,,,,,,
626.88,,0.001649691623,,,,,,,,,
626.9,,0.001667262535,,,,,,,,,
626.92,,0.001683992558,,,,,,,,,
626.94,,0.00169986511,,,,,,,,,
626.96,,0.001715088114,,,,,,,,,
626.98,,0.001730053747,,,,,,,,,
627,,0.001745277469,,,,,,,,,
627.02,,0.001761361196,,,,,,,,,
627.04,,0.00177900049,,,,,,,,,
627.06,,0.001798846959,,,,,,,,,
627.08,,0.001821455914,,,,,,,,,
627.1,,0.001847309777,,,,,,,,,
627.12,,0.00187669166,,,,,,,,,
627.14,,0.001909649417,,,,,,,,,
627.16,,0.001946003333,,,,,,,,,
627.18,,0.001985334701,,,,,,,,,
627.2,,0.002026948753,,,,,,,,,
627.22,,0.002069889956,,,,,,,,,
627.24,,0.002113063263,,,,,,,,,
627.26,,0.002155181613,,,,,,,,,
627.28,,0.002194840987,,,,,,,,,
627.3,,0.002230647927,,,,,,,,,
627.32,,0.002261242042,,,,,,,,,
627.34,,0.002285358808,,,,,,,,,
627.36,,0.002301915583,,,,,,,,,
627.38,,0.002310100999,,,,,,,,,
627.4,,0.002309372681,,,,,,,,,
627.42,,0.002299475758,,,,,,,,,
627.44,,0.002280555019,,,,,,,,,
627.46,,0.002253057699,,,,,,,,,
627.48,,0.002217722306,,,,,,,,,
627.5,,0.0021755805,,,,,,,,,
627.52,,0.002127885291,,,,,,,,,
627.54,,0.0020760184,,,,,,,,,
627.56,,0.002021415882,,,,,,,,,
627.58,,0.001965546927,,,,,,,,,
627.6,,0.00190977321,,,,,,,,,
627.62,,0.001855262978,,,,,,,,,
627.64,,0.001803022206,,,,,,,,,
627.66,,0.001753780579,,,,,,,,,
627.68,,0.001707964216,,,,,,,,,
627.7,,0.001665725101,,,,,,,,,
627.72,,0.001626967098,,,,,,,,,
627.74,,0.001591345905,,,,,,,,,
627.76,,0.001558315542,,,,,,,,,
627.78,,0.001527269039,,,,,,,,,
627.8,,0.001497539763,,,,,,,,,
627.82,,0.001468465605,,,,,,,,,
627.84,,0.001439533682,,,,,,,,,
627.86,,0.001410386666,,,,,,,,,
627.88,,0.001380856841,,,,,,,,,
627.9,,0.001351018823,,,,,,,,,
627.92,,0.001321208888,,,,,,,,,
627.94,,0.001291969589,,,,,,,,,
627.96,,0.001264008012,,,,,,,,,
627.98,,0.00123821384,,,,,,,,,
628,,0.001215520338,,,,,,,,,
628.02,,0.001196831202,,,,,,,,,
628.04,,0.001183010789,,,,,,,,,
628.06,,0.001174767419,,,,,,,,,
628.08,,0.00117259019,,,,,,,,,
628.1,,0.00117673793,,,,,,,,,
628.12,,0.00118723117,,,,,,,,,
628.14,,0.001203817956,,,,,,,,,
628.16,,0.001225996982,,,,,,,,,
628.18,,0.00125313294,,,,,,,,,
628.2,,0.00128443291,,,,,,,,,
628.22,,0.001319021686,,,,,,,,,
628.24,,0.001356072417,,,,,,,,,
628.26,,0.001394815649,,,,,,,,,
628.28,,0.001434588744,,,,,,,,,
628.3,,0.001474907368,,,,,,,,,
628.32,,0.001515491173,,,,,,,,,
628.34,,0.001556226378,,,,,,,,,
628.36,,0.001597152906,,,,,,,,,
628.38,,0.001638508082,,,,,,,,,
628.4,,0.001680587931,,,,,,,,,
628.42,,0.001723713932,,,,,,,,,
628.44,,0.001768245473,,,,,,,,,
628.46,,0.001814464065,,,,,,,,,
628.48,,0.001862528891,,,,,,,,,
628.5,,0.001912479869,,,,,,,,,
628.52,,0.001964220042,,,,,,,,,
628.54,,0.002017465259,,,,,,,,,
628.56,,0.002071752162,,,,,,,,,
628.58,,0.002126541703,,,,,,,,,
628.6,,0.002181137428,,,,,,,,,
628.62,,0.002234737764,,,,,,,,,
628.64,,0.002286541377,,,,,,,,,
628.66,,0.002335716585,,,,,,,,,
628.68,,0.002381433265,,,,,,,,,
628.7,,0.002422928866,,,,,,,,,
628.72,,0.002459546721,,,,,,,,,
628.74,,0.002490712185,,,,,,,,,
628.76,,0.002515946677,,,,,,,,,
628.78,,0.00253497113,,,,,,,,,
628.8,,0.002547603874,,,,,,,,,
628.82,,0.002553769652,,,,,,,,,
628.84,,0.002553556002,,,,,,,,,
628.86,,0.002547136963,,,,,,,,,
628.88,,0.002534737981,,,,,,,,,
628.9,,0.00251663087,,,,,,,,,
628.92,,0.002493124543,,,,,,,,,
628.94,,0.002464487435,,,,,,,,,
628.96,,0.002430908949,,,,,,,,,
628.98,,0.002392578139,,,,,,,,,
629,,0.002349587742,,,,,,,,,
629.02,,0.002301940285,,,,,,,,,
629.04,,0.002249639562,,,,,,,,,
629.06,,0.002192685727,,,,,,,,,
629.08,,0.00213110302,,,,,,,,,
629.1,,0.002065015405,,,,,,,,,
629.12,,0.001994737795,,,,,,,,,
629.14,,0.001920777472,,,,,,,,,
629.16,,0.001843859882,,,,,,,,,
629.18,,0.001765054231,,,,,,,,,
629.2,,0.00168569102,,,,,,,,,
629.22,,0.001607331701,,,,,,,,,
629.24,,0.001531811961,,,,,,,,,
629.26,,0.001461117726,,,,,,,,,
629.28,,0.001397279019,,,,,,,,,
629.3,,0.001342308078,,,,,,,,,
629.32,,0.001298105479,,,,,,,,,
629.34,,0.001266299954,,,,,,,,,
629.36,,0.001248151218,,,,,,,,,
629.38,,0.001244551443,,,,,,,,,
629.4,,0.00125586798,,,,,,,,,
629.42,,0.001281907412,,,,,,,,,
629.44,,0.001322012115,,,,,,,,,
629.46,,0.001374990387,,,,,,,,,
629.48,,0.001439173111,,,,,,,,,
629.5,,0.001512547458,,,,,,,,,
629.52,,0.001592830243,,,,,,,,,
629.54,,0.001677546146,,,,,,,,,
629.56,,0.00176416742,,,,,,,,,
629.58,,0.001850273207,,,,,,,,,
629.6,,0.00193358236,,,,,,,,,
629.62,,0.002012052138,,,,,,,,,
629.64,,0.002084042048,,,,,,,,,
629.66,,0.002148262242,,,,,,,,,
629.68,,0.002203820978,,,,,,,,,
629.7,,0.002250281685,,,,,,,,,
629.72,,0.002287600126,,,,,,,,,
629.74,,0.002316072067,,,,,,,,,
629.76,,0.002336303518,,,,,,,,,
629.78,,0.002349165318,,,,,,,,,
629.8,,0.002355667137,,,,,,,,,
629.82,,0.002356874174,,,,,,,,,
629.84,,0.002353929272,,,,,,,,,
629.86,,0.002347877154,,,,,,,,,
629.88,,0.002339621193,,,,,,,,,
629.9,,0.002329938458,,,,,,,,,
629.92,,0.002319396478,,,,,,,,,
629.94,,0.002308321229,,,,,,,,,
629.96,,0.002296820219,,,,,,,,,
629.98,,0.002284815539,,,,,,,,,
630,,0.002272020096,,,,,,,,,
630.02,,0.002257965071,,,,,,,,,
630.04,,0.002242136379,,,,,,,,,
630.06,,0.002223936326,,,,,,,,,
630.08,,0.002202737726,,,,,,,,,
630.1,,0.002178021338,,,,,,,,,
630.12,,0.002149366961,,,,,,,,,
630.14,,0.002116487689,,,,,,,,,
630.16,,0.002079303776,,,,,,,,,
630.18,,0.002037977647,,,,,,,,,
630.2,,0.001992882445,,,,,,,,,
630.22,,0.001944601101,,,,,,,,,
630.24,,0.001893981924,,,,,,,,,
630.26,,0.001842033088,,,,,,,,,
630.28,,0.001789863436,,,,,,,,,
630.3,,0.001738735802,,,,,,,,,
630.32,,0.001689918426,,,,,,,,,
630.34,,0.001644621019,,,,,,,,,
630.36,,0.001603989757,,,,,,,,,
630.38,,0.001569028516,,,,,,,,,
630.4,,0.001540518149,,,,,,,,,
630.42,,0.001518998242,,,,,,,,,
630.44,,0.001504781027,,,,,,,,,
630.46,,0.001497877383,,,,,,,,,
630.48,,0.001497988624,,,,,,,,,
630.5,,0.001504620678,,,,,,,,,
630.52,,0.001517012169,,,,,,,,,
630.54,,0.001534178867,,,,,,,,,
630.56,,0.001555034656,,,,,,,,,
630.58,,0.001578387153,,,,,,,,,
630.6,,0.001602985558,,,,,,,,,
630.62,,0.001627616861,,,,,,,,,
630.64,,0.001651162164,,,,,,,,,
630.66,,0.001672611352,,,,,,,,,
630.68,,0.001691118014,,,,,,,,,
630.7,,0.001706087434,,,,,,,,,
630.72,,0.001717133933,,,,,,,,,
630.74,,0.001724089594,,,,,,,,,
630.76,,0.001727086355,,,,,,,,,
630.78,,0.001726459258,,,,,,,,,
630.8,,0.001722727145,,,,,,,,,
630.82,,0.001716606112,,,,,,,,,
630.84,,0.00170893273,,,,,,,,,
630.86,,0.001700594274,,,,,,,,,
630.88,,0.001692500096,,,,,,,,,
630.9,,0.001685550825,,,,,,,,,
630.92,,0.001680541119,,,,,,,,,
630.94,,0.001678116189,,,,,,,,,
630.96,,0.001678820727,,,,,,,,,
630.98,,0.001682987719,,,,,,,,,
631,,0.001690734232,,,,,,,,,
631.02,,0.001702043657,,,,,,,,,
631.04,,0.001716709366,,,,,,,,,
631.06,,0.001734355972,,,,,,,,,
631.08,,0.001754520249,,,,,,,,,
631.1,,0.001776675165,,,,,,,,,
631.12,,0.001800237405,,,,,,,,,
631.14,,0.001824628244,,,,,,,,,
631.16,,0.00184935575,,,,,,,,,
631.18,,0.001873978051,,,,,,,,,
631.2,,0.001898118428,,,,,,,,,
631.22,,0.001921586476,,,,,,,,,
631.24,,0.001944263112,,,,,,,,,
631.26,,0.001966108771,,,,,,,,,
631.28,,0.001987213185,,,,,,,,,
631.3,,0.00200770633,,,,,,,,,
631.32,,0.002027713616,,,,,,,,,
631.34,,0.002047359022,,,,,,,,,
631.36,,0.002066727098,,,,,,,,,
631.38,,0.002085788523,,,,,,,,,
631.4,,0.002104387299,,,,,,,,,
631.42,,0.002122288229,,,,,,,,,
631.44,,0.002139097897,,,,,,,,,
631.46,,0.00215427492,,,,,,,,,
631.48,,0.002167256408,,,,,,,,,
631.5,,0.002177401004,,,,,,,,,
631.52,,0.002184046456,,,,,,,,,
631.54,,0.002186624665,,,,,,,,,
631.56,,0.002184680683,,,,,,,,,
631.58,,0.002177902216,,,,,,,,,
631.6,,0.002166189729,,,,,,,,,
631.62,,0.002149705352,,,,,,,,,
631.64,,0.002128829187,,,,,,,,,
631.66,,0.002104146918,,,,,,,,,
631.68,,0.002076498151,,,,,,,,,
631.7,,0.002046838806,,,,,,,,,
631.72,,0.002016168884,,,,,,,,,
631.74,,0.001985550903,,,,,,,,,
631.76,,0.001955947694,,,,,,,,,
631.78,,0.001928143137,,,,,,,,,
631.8,,0.001902729876,,,,,,,,,
631.82,,0.001880039439,,,,,,,,,
631.84,,0.001860084566,,,,,,,,,
631.86,,0.001842576922,,,,,,,,,
631.88,,0.001826985882,,,,,,,,,
631.9,,0.001812529878,,,,,,,,,
631.92,,0.001798237148,,,,,,,,,
631.94,,0.001783115543,,,,,,,,,
631.96,,0.001766162938,,,,,,,,,
631.98,,0.001746454267,,,,,,,,,
632,,0.001723315577,,,,,,,,,
632.02,,0.001696333815,,,,,,,,,
632.04,,0.001665404408,,,,,,,,,
632.06,,0.001630814569,,,,,,,,,
632.08,,0.001593237224,,,,,,,,,
632.1,,0.001553679233,,,,,,,,,
632.12,,0.001513460276,,,,,,,,,
632.14,,0.001474179949,,,,,,,,,
632.16,,0.00143757642,,,,,,,,,
632.18,,0.001405429657,,,,,,,,,
632.2,,0.00137954492,,,,,,,,,
632.22,,0.001361560688,,,,,,,,,
632.24,,0.001352855042,,,,,,,,,
632.26,,0.001354561388,,,,,,,,,
632.28,,0.001367414251,,,,,,,,,
632.3,,0.001391706909,,,,,,,,,
632.32,,0.001427334572,,,,,,,,,
632.34,,0.001473753514,,,,,,,,,
632.36,,0.001529976962,,,,,,,,,
632.38,,0.001594654137,,,,,,,,,
632.4,,0.001666137865,,,,,,,,,
632.42,,0.001742497844,,,,,,,,,
632.44,,0.001821613216,,,,,,,,,
632.46,,0.001901321186,,,,,,,,,
632.48,,0.001979410939,,,,,,,,,
632.5,,0.002053716232,,,,,,,,,
632.52,,0.002122277082,,,,,,,,,
632.54,,0.002183315355,,,,,,,,,
632.56,,0.002235307429,,,,,,,,,
632.58,,0.002277085303,,,,,,,,,
632.6,,0.002307825992,,,,,,,,,
632.62,,0.002327058079,,,,,,,,,
632.64,,0.002334695263,,,,,,,,,
632.66,,0.002331029408,,,,,,,,,
632.68,,0.002316665865,,,,,,,,,
632.7,,0.002292489718,,,,,,,,,
632.72,,0.00225967076,,,,,,,,,
632.74,,0.002219538575,,,,,,,,,
632.76,,0.002173507147,,,,,,,,,
632.78,,0.00212310427,,,,,,,,,
632.8,,0.002069822922,,,,,,,,,
632.82,,0.00201506513,,,,,,,,,
632.84,,0.001960159697,,,,,,,,,
632.86,,0.001906292686,,,,,,,,,
632.88,,0.001854463025,,,,,,,,,
632.9,,0.001805513583,,,,,,,,,
632.92,,0.001760154923,,,,,,,,,
632.94,,0.001718932824,,,,,,,,,
632.96,,0.001682265385,,,,,,,,,
632.98,,0.001650543827,,,,,,,,,
633,,0.001624085106,,,,,,,,,
633.02,,0.001603147063,,,,,,,,,
633.04,,0.001588077531,,,,,,,,,
633.06,,0.001579208043,,,,,,,,,
633.08,,0.001576864098,,,,,,,,,
633.1,,0.001581460499,,,,,,,,,
633.12,,0.001593401374,,,,,,,,,
633.14,,0.001613045112,,,,,,,,,
633.16,,0.001640745825,,,,,,,,,
633.18,,0.001676785118,,,,,,,,,
633.2,,0.001721297261,,,,,,,,,
633.22,,0.001774282624,,,,,,,,,
633.24,,0.001835600615,,,,,,,,,
633.26,,0.001904874044,,,,,,,,,
633.28,,0.001981498898,,,,,,,,,
633.3,,0.00206473011,,,,,,,,,
633.32,,0.002153570292,,,,,,,,,
633.34,,0.00224680796,,,,,,,,,
633.36,,0.002343169591,,,,,,,,,
633.38,,0.002441222074,,,,,,,,,
633.4,,0.00253944436,,,,,,,,,
633.42,,0.002636370376,,,,,,,,,
633.44,,0.002730557541,,,,,,,,,
633.46,,0.002820629574,,,,,,,,,
633.48,,0.002905388342,,,,,,,,,
633.5,,0.002983828072,,,,,,,,,
633.52,,0.003055115608,,,,,,,,,
633.54,,0.003118642709,,,,,,,,,
633.56,,0.003174074287,,,,,,,,,
633.58,,0.003221247012,,,,,,,,,
633.6,,0.003260151918,,,,,,,,,
633.62,,0.00329102606,,,,,,,,,
633.64,,0.003314168174,,,,,,,,,
633.66,,0.003329915212,,,,,,,,,
633.68,,0.003338710181,,,,,,,,,
633.7,,0.003340958234,,,,,,,,,
633.72,,0.003336993359,,,,,,,,,
633.74,,0.003327133142,,,,,,,,,
633.76,,0.003311633372,,,,,,,,,
633.78,,0.003290651157,,,,,,,,,
633.8,,0.003264297775,,,,,,,,,
633.82,,0.003232697807,,,,,,,,,
633.84,,0.0031959413,,,,,,,,,
633.86,,0.003154118616,,,,,,,,,
633.88,,0.003107458687,,,,,,,,,
633.9,,0.003056243598,,,,,,,,,
633.92,,0.003000802087,,,,,,,,,
633.94,,0.002941684857,,,,,,,,,
633.96,,0.002879518056,,,,,,,,,
633.98,,0.002814991268,,,,,,,,,
634,,0.00274894799,,,,,,,,,
634.02,,0.002682289007,,,,,,,,,
634.04,,0.002615908496,,,,,,,,,
634.06,,0.002550729581,,,,,,,,,
634.08,,0.002487671823,,,,,,,,,
634.1,,0.002427560112,,,,,,,,,
634.12,,0.00237113202,,,,,,,,,
634.14,,0.00231908147,,,,,,,,,
634.16,,0.00227195576,,,,,,,,,
634.18,,0.002230147887,,,,,,,,,
634.2,,0.002194012518,,,,,,,,,
634.22,,0.002163746075,,,,,,,,,
634.24,,0.00213937052,,,,,,,,,
634.26,,0.002120889547,,,,,,,,,
634.28,,0.002108151938,,,,,,,,,
634.3,,0.002100855886,,,,,,,,,
634.32,,0.002098655191,,,,,,,,,
634.34,,0.002101090607,,,,,,,,,
634.36,,0.002107572811,,,,,,,,,
634.38,,0.002117460138,,,,,,,,,
634.4,,0.002130057248,,,,,,,,,
634.42,,0.002144585112,,,,,,,,,
634.44,,0.002160241175,,,,,,,,,
634.46,,0.002176261133,,,,,,,,,
634.48,,0.002191874083,,,,,,,,,
634.5,,0.002206342323,,,,,,,,,
634.52,,0.002219071294,,,,,,,,,
634.54,,0.002229534577,,,,,,,,,
634.56,,0.002237283931,,,,,,,,,
634.58,,0.002242081094,,,,,,,,,
634.6,,0.002243779129,,,,,,,,,
634.62,,0.002242326468,,,,,,,,,
634.64,,0.002237840043,,,,,,,,,
634.66,,0.002230518011,,,,,,,,,
634.68,,0.002220604256,,,,,,,,,
634.7,,0.002208423994,,,,,,,,,
634.72,,0.002194339828,,,,,,,,,
634.74,,0.002178693915,,,,,,,,,
634.76,,0.002161825627,,,,,,,,,
634.78,,0.002144086528,,,,,,,,,
634.8,,0.002125773587,,,,,,,,,
634.82,,0.00210714007,,,,,,,,,
634.84,,0.002088473946,,,,,,,,,
634.86,,0.002070020482,,,,,,,,,
634.88,,0.002051981767,,,,,,,,,
634.9,,0.00203464895,,,,,,,,,
634.92,,0.00201829241,,,,,,,,,
634.94,,0.002003170512,,,,,,,,,
634.96,,0.001989632337,,,,,,,,,
634.98,,0.001978027949,,,,,,,,,
635,,0.001968688281,,,,,,,,,
635.02,,0.001961985164,,,,,,,,,
635.04,,0.001958271769,,,,,,,,,
635.06,,0.001957827561,,,,,,,,,
635.08,,0.001960884222,,,,,,,,,
635.1,,0.001967605267,,,,,,,,,
635.12,,0.001978007527,,,,,,,,,
635.14,,0.001991969061,,,,,,,,,
635.16,,0.002009263676,,,,,,,,,
635.18,,0.002029474368,,,,,,,,,
635.2,,0.002052000451,,,,,,,,,
635.22,,0.00207616059,,,,,,,,,
635.24,,0.002101107563,,,,,,,,,
635.26,,0.002125858084,,,,,,,,,
635.28,,0.002149440477,,,,,,,,,
635.3,,0.002170833342,,,,,,,,,
635.32,,0.002189022514,,,,,,,,,
635.34,,0.002203134831,,,,,,,,,
635.36,,0.002212430308,,,,,,,,,
635.38,,0.002216336068,,,,,,,,,
635.4,,0.002214544678,,,,,,,,,
635.42,,0.002207024939,,,,,,,,,
635.44,,0.002194000317,,,,,,,,,
635.46,,0.002175983436,,,,,,,,,
635.48,,0.002153779536,,,,,,,,,
635.5,,0.002128391459,,,,,,,,,
635.52,,0.002100984056,,,,,,,,,
635.54,,0.002072886201,,,,,,,,,
635.56,,0.002045436491,,,,,,,,,
635.58,,0.002019904566,,,,,,,,,
635.6,,0.001997530361,,,,,,,,,
635.62,,0.001979344702,,,,,,,,,
635.64,,0.001966115785,,,,,,,,,
635.66,,0.001958421189,,,,,,,,,
635.68,,0.001956523962,,,,,,,,,
635.7,,0.001960363846,,,,,,,,,
635.72,,0.001969653596,,,,,,,,,
635.74,,0.00198384708,,,,,,,,,
635.76,,0.00200215378,,,,,,,,,
635.78,,0.002023646369,,,,,,,,,
635.8,,0.002047296713,,,,,,,,,
635.82,,0.002071984329,,,,,,,,,
635.84,,0.00209658577,,,,,,,,,
635.86,,0.002120046791,,,,,,,,,
635.88,,0.002141359067,,,,,,,,,
635.9,,0.002159612423,,,,,,,,,
635.92,,0.002174085864,,,,,,,,,
635.94,,0.002184184935,,,,,,,,,
635.96,,0.002189455262,,,,,,,,,
635.98,,0.002189692171,,,,,,,,,
636,,0.002184838856,,,,,,,,,
636.02,,0.002174987005,,,,,,,,,
636.04,,0.002160469699,,,,,,,,,
636.06,,0.002141761067,,,,,,,,,
636.08,,0.002119457736,,,,,,,,,
636.1,,0.002094336271,,,,,,,,,
636.12,,0.002067276639,,,,,,,,,
636.14,,0.002039210729,,,,,,,,,
636.16,,0.002011147699,,,,,,,,,
636.18,,0.001984122597,,,,,,,,,
636.2,,0.001959115471,,,,,,,,,
636.22,,0.001937052671,,,,,,,,,
636.24,,0.001918792845,,,,,,,,,
636.26,,0.00190502909,,,,,,,,,
636.28,,0.001896282805,,,,,,,,,
636.3,,0.001892945941,,,,,,,,,
636.32,,0.001895181326,,,,,,,,,
636.34,,0.001902924681,,,,,,,,,
636.36,,0.001915996488,,,,,,,,,
636.38,,0.001934004273,,,,,,,,,
636.4,,0.00195636652,,,,,,,,,
636.42,,0.001982470823,,,,,,,,,
636.44,,0.00201158469,,,,,,,,,
636.46,,0.002042903055,,,,,,,,,
636.48,,0.002075687228,,,,,,,,,
636.5,,0.002109214419,,,,,,,,,
636.52,,0.002142800429,,,,,,,,,
636.54,,0.002175904529,,,,,,,,,
636.56,,0.002208096363,,,,,,,,,
636.58,,0.002239034997,,,,,,,,,
636.6,,0.002268527389,,,,,,,,,
636.62,,0.002296504518,,,,,,,,,
636.64,,0.002322952392,,,,,,,,,
636.66,,0.002347927708,,,,,,,,,
636.68,,0.002371554435,,,,,,,,,
636.7,,0.002393920055,,,,,,,,,
636.72,,0.002415067744,,,,,,,,,
636.74,,0.002435038826,,,,,,,,,
636.76,,0.002453757818,,,,,,,,,
636.78,,0.002471025247,,,,,,,,,
636.8,,0.002486629799,,,,,,,,,
636.82,,0.002500235707,,,,,,,,,
636.84,,0.002511408667,,,,,,,,,
636.86,,0.002519760591,,,,,,,,,
636.88,,0.00252487486,,,,,,,,,
636.9,,0.002526346021,,,,,,,,,
636.92,,0.002523912872,,,,,,,,,
636.94,,0.002517423758,,,,,,,,,
636.96,,0.002506845491,,,,,,,,,
636.98,,0.002492355114,,,,,,,,,
637,,0.002474314591,,,,,,,,,
637.02,,0.002453222384,,,,,,,,,
637.04,,0.002429744185,,,,,,,,,
637.06,,0.002404686008,,,,,,,,,
637.08,,0.002378887844,,,,,,,,,
637.1,,0.002353203477,,,,,,,,,
637.12,,0.002328491507,,,,,,,,,
637.14,,0.00230547943,,,,,,,,,
637.16,,0.002284727237,,,,,,,,,
637.18,,0.002266672722,,,,,,,,,
637.2,,0.002251503828,,,,,,,,,
637.22,,0.00223914112,,,,,,,,,
637.24,,0.002229363034,,,,,,,,,
637.26,,0.002221704584,,,,,,,,,
637.28,,0.002215485268,,,,,,,,,
637.3,,0.002209980036,,,,,,,,,
637.32,,0.002204362711,,,,,,,,,
637.34,,0.00219776099,,,,,,,,,
637.36,,0.002189414747,,,,,,,,,
637.38,,0.002178663552,,,,,,,,,
637.4,,0.002164975984,,,,,,,,,
637.42,,0.002148064837,,,,,,,,,
637.44,,0.002127879763,,,,,,,,,
637.46,,0.002104581619,,,,,,,,,
637.48,,0.002078593115,,,,,,,,,
637.5,,0.002050576319,,,,,,,,,
637.52,,0.002021344744,,,,,,,,,
637.54,,0.001991852959,,,,,,,,,
637.56,,0.001963167656,,,,,,,,,
637.58,,0.001936336211,,,,,,,,,
637.6,,0.001912343079,,,,,,,,,
637.62,,0.001892106285,,,,,,,,,
637.64,,0.00187633742,,,,,,,,,
637.66,,0.001865502798,,,,,,,,,
637.68,,0.001859880962,,,,,,,,,
637.7,,0.001859445743,,,,,,,,,
637.72,,0.001863859269,,,,,,,,,
637.74,,0.00187260723,,,,,,,,,
637.76,,0.001884910652,,,,,,,,,
637.78,,0.001899772867,,,,,,,,,
637.8,,0.001916136717,,,,,,,,,
637.82,,0.001932850499,,,,,,,,,
637.84,,0.001948725852,,,,,,,,,
637.86,,0.001962681024,,,,,,,,,
637.88,,0.001973736252,,,,,,,,,
637.9,,0.001981043981,,,,,,,,,
637.92,,0.00198399015,,,,,,,,,
637.94,,0.001982188707,,,,,,,,,
637.96,,0.001975463577,,,,,,,,,
637.98,,0.00196389604,,,,,,,,,
638,,0.001947808747,,,,,,,,,
638.02,,0.001927699868,,,,,,,,,
638.04,,0.001904245081,,,,,,,,,
638.06,,0.00187828193,,,,,,,,,
638.08,,0.001850711727,,,,,,,,,
638.1,,0.001822475861,,,,,,,,,
638.12,,0.001794560372,,,,,,,,,
638.14,,0.001767884081,,,,,,,,,
638.16,,0.001743268122,,,,,,,,,
638.18,,0.001721477506,,,,,,,,,
638.2,,0.001703108282,,,,,,,,,
638.22,,0.001688562072,,,,,,,,,
638.24,,0.001678132671,,,,,,,,,
638.26,,0.001671896214,,,,,,,,,
638.28,,0.001669706464,,,,,,,,,
638.3,,0.00167130538,,,,,,,,,
638.32,,0.00167623787,,,,,,,,,
638.34,,0.001683869048,,,,,,,,,
638.36,,0.001693494379,,,,,,,,,
638.38,,0.001704301082,,,,,,,,,
638.4,,0.001715391046,,,,,,,,,
638.42,,0.001725887739,,,,,,,,,
638.44,,0.001734934487,,,,,,,,,
638.46,,0.001741712753,,,,,,,,,
638.48,,0.00174553422,,,,,,,,,
638.5,,0.001745857761,,,,,,,,,
638.52,,0.001742286037,,,,,,,,,
638.54,,0.001734626148,,,,,,,,,
638.56,,0.001722904632,,,,,,,,,
638.58,,0.001707325824,,,,,,,,,
638.6,,0.001688289072,,,,,,,,,
638.62,,0.001666391475,,,,,,,,,
638.64,,0.001642344357,,,,,,,,,
638.66,,0.001616951393,,,,,,,,,
638.68,,0.001591109043,,,,,,,,,
638.7,,0.001565696608,,,,,,,,,
638.72,,0.001541537541,,,,,,,,,
638.74,,0.001519423535,,,,,,,,,
638.76,,0.001500004013,,,,,,,,,
638.78,,0.001483757619,,,,,,,,,
638.8,,0.001471064269,,,,,,,,,
638.82,,0.001462111068,,,,,,,,,
638.84,,0.001456892579,,,,,,,,,
638.86,,0.001455326356,,,,,,,,,
638.88,,0.00145718042,,,,,,,,,
638.9,,0.001462102449,,,,,,,,,
638.92,,0.001469737511,,,,,,,,,
638.94,,0.001479683955,,,,,,,,,
638.96,,0.001491515482,,,,,,,,,
638.98,,0.001504879815,,,,,,,,,
639,,0.001519459308,,,,,,,,,
639.02,,0.001534965273,,,,,,,,,
639.04,,0.001551201158,,,,,,,,,
639.06,,0.001568016139,,,,,,,,,
639.08,,0.001585266341,,,,,,,,,
639.1,,0.001602843768,,,,,,,,,
639.12,,0.001620630653,,,,,,,,,
639.14,,0.001638441093,,,,,,,,,
639.16,,0.001656034326,,,,,,,,,
639.18,,0.001673092708,,,,,,,,,
639.2,,0.001689168611,,,,,,,,,
639.22,,0.001703706962,,,,,,,,,
639.24,,0.001716070103,,,,,,,,,
639.26,,0.001725510078,,,,,,,,,
639.28,,0.001731214677,,,,,,,,,
639.3,,0.001732385118,,,,,,,,,
639.32,,0.00172823318,,,,,,,,,
639.34,,0.001718041404,,,,,,,,,
639.36,,0.001701273616,,,,,,,,,
639.38,,0.001677571415,,,,,,,,,
639.4,,0.001646797503,,,,,,,,,
639.42,,0.001609142358,,,,,,,,,
639.44,,0.001565082876,,,,,,,,,
639.46,,0.001515374775,,,,,,,,,
639.48,,0.001461125365,,,,,,,,,
639.5,,0.001403687051,,,,,,,,,
639.52,,0.001344597937,,,,,,,,,
639.54,,0.001285595268,,,,,,,,,
639.56,,0.001228473431,,,,,,,,,
639.58,,0.001174983965,,,,,,,,,
639.6,,0.001126819308,,,,,,,,,
639.62,,0.001085476107,,,,,,,,,
639.64,,0.001052158619,,,,,,,,,
639.66,,0.001027779147,,,,,,,,,
639.68,,0.001012873604,,,,,,,,,
639.7,,0.001007551121,,,,,,,,,
639.72,,0.001011545194,,,,,,,,,
639.74,,0.001024207217,,,,,,,,,
639.76,,0.001044516274,,,,,,,,,
639.78,,0.00107118103,,,,,,,,,
639.8,,0.001102698512,,,,,,,,,
639.82,,0.001137400863,,,,,,,,,
639.84,,0.001173573772,,,,,,,,,
639.86,,0.001209537451,,,,,,,,,
639.88,,0.001243686057,,,,,,,,,
639.9,,0.001274576781,,,,,,,,,
639.92,,0.001300987884,,,,,,,,,
639.94,,0.001321915594,,,,,,,,,
639.96,,0.001336605827,,,,,,,,,
639.98,,0.001344570392,,,,,,,,,
640,,0.001345538677,,,,,,,,,
640.02,,0.001339437807,,,,,,,,,
640.04,,0.001326379752,,,,,,,,,
640.06,,0.001306592219,,,,,,,,,
640.08,,0.001280382533,,,,,,,,,
640.1,,0.001248134339,,,,,,,,,
640.12,,0.001210247288,,,,,,,,,
640.14,,0.001167109581,,,,,,,,,
640.16,,0.001119129221,,,,,,,,,
640.18,,0.00106670273,,,,,,,,,
640.2,,0.001010206254,,,,,,,,,
640.22,,0.0009500575152,,,,,,,,,
640.24,,0.0008867036018,,,,,,,,,
640.26,,0.0008206210693,,,,,,,,,
640.28,,0.000752377909,,,,,,,,,
640.3,,0.0006826245241,,,,,,,,,
640.32,,0.0006120783463,,,,,,,,,
640.34,,0.0005415624453,,,,,,,,,
640.36,,0.0004719831945,,,,,,,,,
640.38,,0.0004042887231,,,,,,,,,
640.4,,0.0003394798832,,,,,,,,,
640.42,,0.0002785736341,,,,,,,,,
640.44,,0.0002225452704,,,,,,,,,
640.46,,0.000172326142,,,,,,,,,
640.48,,0.0001287672327,,,,,,,,,
640.5,,9.258607945e-05,,,,,,,,,
640.52,,6.437278504e-05,,,,,,,,,
640.54,,4.45701441e-05,,,,,,,,,
640.56,,3.344201557e-05,,,,,,,,,
640.58,,3.110138357e-05,,,,,,,,,
640.6,,3.751239379e-05,,,,,,,,,
640.62,,5.248212906e-05,,,,,,,,,
640.64,,7.570882569e-05,,,,,,,,,
640.66,,0.0001067965059,,,,,,,,,
640.68,,0.0001452571231,,,,,,,,,
640.7,,0.0001905644148,,,,,,,,,
640.72,,0.0002421640276,,,,,,,,,
640.74,,0.0002994675196,,,,,,,,,
640.76,,0.000361895914,,,,,,,,,
640.78,,0.0004288733422,,,,,,,,,
640.8,,0.0004998021037,,,,,,,,,
640.82,,0.0005740908415,,,,,,,,,
640.84,,0.0006511353713,,,,,,,,,
640.86,,0.000730279779,,,,,,,,,
640.88,,0.0008108394434,,,,,,,,,
640.9,,0.0008920881537,,,,,,,,,
640.92,,0.0009732218634,,,,,,,,,
640.94,,0.001053393845,,,,,,,,,
640.96,,0.001131729793,,,,,,,,,
640.98,,0.001207307458,,,,,,,,,
641,,0.00127921215,,,,,,,,,
641.02,,0.001346587461,,,,,,,,,
641.04,,0.001408625959,,,,,,,,,
641.06,,0.001464633327,,,,,,,,,
641.08,,0.001514101888,,,,,,,,,
641.1,,0.001556688264,,,,,,,,,
641.12,,0.001592259596,,,,,,,,,
641.14,,0.001620967287,,,,,,,,,
641.16,,0.001643182323,,,,,,,,,
641.18,,0.00165950447,,,,,,,,,
641.2,,0.001670815682,,,,,,,,,
641.22,,0.001678166173,,,,,,,,,
641.24,,0.001682745697,,,,,,,,,
641.26,,0.001685915313,,,,,,,,,
641.28,,0.001689064643,,,,,,,,,
641.3,,0.001693560842,,,,,,,,,
641.32,,0.001700781989,,,,,,,,,
641.34,,0.001711973187,,,,,,,,,
641.36,,0.001728200071,,,,,,,,,
641.38,,0.001750407177,,,,,,,,,
641.4,,0.001779297241,,,,,,,,,
641.42,,0.001815306751,,,,,,,,,
641.44,,0.001858698816,,,,,,,,,
641.46,,0.001909474633,,,,,,,,,
641.48,,0.00196737156,,,,,,,,,
641.5,,0.002031983076,,,,,,,,,
641.52,,0.00210269655,,,,,,,,,
641.54,,0.002178701733,,,,,,,,,
641.56,,0.002259121559,,,,,,,,,
641.58,,0.002342964868,,,,,,,,,
641.6,,0.00242913127,,,,,,,,,
641.62,,0.002516538524,,,,,,,,,
641.64,,0.002604083023,,,,,,,,,
641.66,,0.002690632745,,,,,,,,,
641.68,,0.002775144641,,,,,,,,,
641.7,,0.002856632778,,,,,,,,,
641.72,,0.002934147067,,,,,,,,,
641.74,,0.003006879649,,,,,,,,,
641.76,,0.003074143597,,,,,,,,,
641.78,,0.003135335884,,,,,,,,,
641.8,,0.003190031397,,,,,,,,,
641.82,,0.003237972655,,,,,,,,,
641.84,,0.003279012056,,,,,,,,,
641.86,,0.003313189137,,,,,,,,,
641.88,,0.003340728547,,,,,,,,,
641.9,,0.003361955149,,,,,,,,,
641.92,,0.003377350542,,,,,,,,,
641.94,,0.003387558246,,,,,,,,,
641.96,,0.003393269763,,,,,,,,,
641.98,,0.003395262398,,,,,,,,,
642,,0.003394416885,,,,,,,,,
642.02,,0.00339158032,,,,,,,,,
642.04,,0.003387594133,,,,,,,,,
642.06,,0.00338333405,,,,,,,,,
642.08,,0.003379559978,,,,,,,,,
642.1,,0.003376944198,,,,,,,,,
642.12,,0.003376141519,,,,,,,,,
642.14,,0.003377633694,,,,,,,,,
642.16,,0.003381762885,,,,,,,,,
642.18,,0.003388833346,,,,,,,,,
642.2,,0.003398952782,,,,,,,,,
642.22,,0.003412070757,,,,,,,,,
642.24,,0.003428108665,,,,,,,,,
642.26,,0.003446798565,,,,,,,,,
642.28,,0.003467725047,,,,,,,,,
642.3,,0.00349048054,,,,,,,,,
642.32,,0.00351450353,,,,,,,,,
642.34,,0.003539123538,,,,,,,,,
642.36,,0.003563739907,,,,,,,,,
642.38,,0.003587660721,,,,,,,,,
642.4,,0.00361014853,,,,,,,,,
642.42,,0.003630618015,,,,,,,,,
642.44,,0.003648471298,,,,,,,,,
642.46,,0.00366313627,,,,,,,,,
642.48,,0.003674273304,,,,,,,,,
642.5,,0.00368159635,,,,,,,,,
642.52,,0.003684891835,,,,,,,,,
642.54,,0.003684223574,,,,,,,,,
642.56,,0.003679729052,,,,,,,,,
642.58,,0.003671610872,,,,,,,,,
642.6,,0.003660336023,,,,,,,,,
642.62,,0.003646403198,,,,,,,,,
642.64,,0.003630319349,,,,,,,,,
642.66,,0.003612781735,,,,,,,,,
642.68,,0.003594444226,,,,,,,,,
642.7,,0.003575883934,,,,,,,,,
642.72,,0.003557781298,,,,,,,,,
642.74,,0.003540702126,,,,,,,,,
642.76,,0.00352506909,,,,,,,,,
642.78,,0.003511354176,,,,,,,,,
642.8,,0.003499886296,,,,,,,,,
642.82,,0.003490836197,,,,,,,,,
642.84,,0.003484424723,,,,,,,,,
642.86,,0.003480754072,,,,,,,,,
642.88,,0.003479802099,,,,,,,,,
642.9,,0.003481637231,,,,,,,,,
642.92,,0.003486260471,,,,,,,,,
642.94,,0.003493596199,,,,,,,,,
642.96,,0.003503698687,,,,,,,,,
642.98,,0.003516589901,,,,,,,,,
643,,0.003532235191,,,,,,,,,
643.02,,0.003550731522,,,,,,,,,
643.04,,0.003572134992,,,,,,,,,
643.06,,0.003596420298,,,,,,,,,
643.08,,0.003623653376,,,,,,,,,
643.1,,0.00365381595,,,,,,,,,
643.12,,0.003686759343,,,,,,,,,
643.14,,0.003722374762,,,,,,,,,
643.16,,0.003760430186,,,,,,,,,
643.18,,0.003800532903,,,,,,,,,
643.2,,0.00384231153,,,,,,,,,
643.22,,0.003885277365,,,,,,,,,
643.24,,0.003928803217,,,,,,,,,
643.26,,0.003972322409,,,,,,,,,
643.28,,0.004015214993,,,,,,,,,
643.3,,0.004056798094,,,,,,,,,
643.32,,0.004096535385,,,,,,,,,
643.34,,0.004133936253,,,,,,,,,
643.36,,0.004168543052,,,,,,,,,
643.38,,0.004200137318,,,,,,,,,
643.4,,0.004228633838,,,,,,,,,
643.42,,0.004254047892,,,,,,,,,
643.44,,0.004276685026,,,,,,,,,
643.46,,0.004297014172,,,,,,,,,
643.48,,0.004315603545,,,,,,,,,
643.5,,0.004333288235,,,,,,,,,
643.52,,0.004351015733,,,,,,,,,
643.54,,0.004369750428,,,,,,,,,
643.56,,0.00439062493,,,,,,,,,
643.58,,0.004414764436,,,,,,,,,
643.6,,0.004443172951,,,,,,,,,
643.62,,0.00447688574,,,,,,,,,
643.64,,0.004516790451,,,,,,,,,
643.66,,0.004563517168,,,,,,,,,
643.68,,0.004617614164,,,,,,,,,
643.7,,0.004679386522,,,,,,,,,
643.72,,0.004748810233,,,,,,,,,
643.74,,0.004825746449,,,,,,,,,
643.76,,0.00490980866,,,,,,,,,
643.78,,0.005000307325,,,,,,,,,
643.8,,0.00509650108,,,,,,,,,
643.82,,0.005197486425,,,,,,,,,
643.84,,0.005302161543,,,,,,,,,
643.86,,0.005409496679,,,,,,,,,
643.88,,0.00551842718,,,,,,,,,
643.9,,0.005627814894,,,,,,,,,
643.92,,0.005736714775,,,,,,,,,
643.94,,0.005844251634,,,,,,,,,
643.96,,0.005949560644,,,,,,,,,
643.98,,0.006052035497,,,,,,,,,
644,,0.006151180426,,,,,,,,,
644.02,,0.006246523953,,,,,,,,,
644.04,,0.00633784906,,,,,,,,,
644.06,,0.00642502647,,,,,,,,,
644.08,,0.006507909077,,,,,,,,,
644.1,,0.006586557235,,,,,,,,,
644.12,,0.006661068309,,,,,,,,,
644.14,,0.006731465747,,,,,,,,,
644.16,,0.0067979365,,,,,,,,,
644.18,,0.006860670671,,,,,,,,,
644.2,,0.006919755906,,,,,,,,,
644.22,,0.006975437402,,,,,,,,,
644.24,,0.007027970511,,,,,,,,,
644.26,,0.007077519983,,,,,,,,,
644.28,,0.007124439822,,,,,,,,,
644.3,,0.007169127229,,,,,,,,,
644.32,,0.007211914695,,,,,,,,,
644.34,,0.007253356369,,,,,,,,,
644.36,,0.007294064209,,,,,,,,,
644.38,,0.007334579002,,,,,,,,,
644.4,,0.007375651169,,,,,,,,,
644.42,,0.007418046826,,,,,,,,,
644.44,,0.007462395326,,,,,,,,,
644.46,,0.007509466027,,,,,,,,,
644.48,,0.007559949034,,,,,,,,,
644.5,,0.007614293852,,,,,,,,,
644.52,,0.00767299833,,,,,,,,,
644.54,,0.00773638242,,,,,,,,,
644.56,,0.007804440599,,,,,,,,,
644.58,,0.007877161846,,,,,,,,,
644.6,,0.007954313399,,,,,,,,,
644.62,,0.008035321856,,,,,,,,,
644.64,,0.008119631006,,,,,,,,,
644.66,,0.008206498566,,,,,,,,,
644.68,,0.008294904014,,,,,,,,,
644.7,,0.008383935078,,,,,,,,,
644.72,,0.008472586213,,,,,,,,,
644.74,,0.008559678864,,,,,,,,,
644.76,,0.008644259977,,,,,,,,,
644.78,,0.008725386897,,,,,,,,,
644.8,,0.008802044974,,,,,,,,,
644.82,,0.008873545861,,,,,,,,,
644.84,,0.008939288659,,,,,,,,,
644.86,,0.008998666686,,,,,,,,,
644.88,,0.009051462415,,,,,,,,,
644.9,,0.009097580889,,,,,,,,,
644.92,,0.009136943513,,,,,,,,,
644.94,,0.009169882128,,,,,,,,,
644.96,,0.009196842136,,,,,,,,,
644.98,,0.009218262928,,,,,,,,,
645,,0.009234974497,,,,,,,,,
645.02,,0.009247866494,,,,,,,,,
645.04,,0.009257756142,,,,,,,,,
645.06,,0.009265792005,,,,,,,,,
645.08,,0.009273087283,,,,,,,,,
645.1,,0.009280581537,,,,,,,,,
645.12,,0.009289461311,,,,,,,,,
645.14,,0.009300762854,,,,,,,,,
645.16,,0.009315242058,,,,,,,,,
645.18,,0.009333826987,,,,,,,,,
645.2,,0.00935720067,,,,,,,,,
645.22,,0.00938569646,,,,,,,,,
645.24,,0.009419795504,,,,,,,,,
645.26,,0.009459696584,,,,,,,,,
645.28,,0.009505246139,,,,,,,,,
645.3,,0.009556481773,,,,,,,,,
645.32,,0.009613183932,,,,,,,,,
645.34,,0.009674835363,,,,,,,,,
645.36,,0.009741197877,,,,,,,,,
645.38,,0.009811829924,,,,,,,,,
645.4,,0.009886061114,,,,,,,,,
645.42,,0.009963585339,,,,,,,,,
645.44,,0.01004392913,,,,,,,,,
645.46,,0.0101264306,,,,,,,,,
645.48,,0.01021084153,,,,,,,,,
645.5,,0.01029674292,,,,,,,,,
645.52,,0.01038353,,,,,,,,,
645.54,,0.01047103025,,,,,,,,,
645.56,,0.01055887396,,,,,,,,,
645.58,,0.01064649544,,,,,,,,,
645.6,,0.01073378124,,,,,,,,,
645.62,,0.01082040053,,,,,,,,,
645.64,,0.01090584588,,,,,,,,,
645.66,,0.01099008978,,,,,,,,,
645.68,,0.01107289915,,,,,,,,,
645.7,,0.01115391845,,,,,,,,,
645.72,,0.01123329426,,,,,,,,,
645.74,,0.01131100048,,,,,,,,,
645.76,,0.01138693556,,,,,,,,,
645.78,,0.0114615051,,,,,,,,,
645.8,,0.01153494586,,,,,,,,,
645.82,,0.01160742865,,,,,,,,,
645.84,,0.01167958955,,,,,,,,,
645.86,,0.01175184964,,,,,,,,,
645.88,,0.01182452664,,,,,,,,,
645.9,,0.01189831709,,,,,,,,,
645.92,,0.01197362288,,,,,,,,,
645.94,,0.01205068726,,,,,,,,,
645.96,,0.01213004046,,,,,,,,,
645.98,,0.01221185204,,,,,,,,,
646,,0.01229611049,,,,,,,,,
646.02,,0.01238304355,,,,,,,,,
646.04,,0.01247250987,,,,,,,,,
646.06,,0.01256423203,,,,,,,,,
646.08,,0.01265818916,,,,,,,,,
646.1,,0.01275404609,,,,,,,,,
646.12,,0.01285143365,,,,,,,,,
646.14,,0.01295029592,,,,,,,,,
646.16,,0.01305034201,,,,,,,,,
646.18,,0.01315135897,,,,,,,,,
646.2,,0.01325349139,,,,,,,,,
646.22,,0.01335670117,,,,,,,,,
646.24,,0.01346110464,,,,,,,,,
646.26,,0.01356717075,,,,,,,,,
646.28,,0.01367518627,,,,,,,,,
646.3,,0.01378562255,,,,,,,,,
646.32,,0.01389925048,,,,,,,,,
646.34,,0.01401661951,,,,,,,,,
646.36,,0.0141384679,,,,,,,,,
646.38,,0.01426575574,,,,,,,,,
646.4,,0.01439916702,,,,,,,,,
646.42,,0.0145395752,,,,,,,,,
646.44,,0.01468798887,,,,,,,,,
646.46,,0.01484508161,,,,,,,,,
646.48,,0.01501171875,,,,,,,,,
646.5,,0.01518880542,,,,,,,,,
646.52,,0.01537684791,,,,,,,,,
646.54,,0.0155765483,,,,,,,,,
646.56,,0.01578854691,,,,,,,,,
646.58,,0.01601302528,,,,,,,,,
646.6,,0.01625037995,,,,,,,,,
646.62,,0.0165008571,,,,,,,,,
646.64,,0.01676421075,,,,,,,,,
646.66,,0.01704046794,,,,,,,,,
646.68,,0.01732945141,,,,,,,,,
646.7,,0.0176305019,,,,,,,,,
646.72,,0.01794333916,,,,,,,,,
646.74,,0.01826746052,,,,,,,,,
646.76,,0.01860192607,,,,,,,,,
646.78,,0.01894631307,,,,,,,,,
646.8,,0.0192999717,,,,,,,,,
646.82,,0.01966186838,,,,,,,,,
646.84,,0.02003163201,,,,,,,,,
646.86,,0.02040865026,,,,,,,,,
646.88,,0.02079196986,,,,,,,,,
646.9,,0.02118144119,,,,,,,,,
646.92,,0.02157664159,,,,,,,,,
646.94,,0.02197683561,,,,,,,,,
646.96,,0.02238222884,,,,,,,,,
646.98,,0.02279270157,,,,,,,,,
647,,0.02320783016,,,,,,,,,
647.02,,0.02362825902,,,,,,,,,
647.04,,0.0240542202,,,,,,,,,
647.06,,0.02448561496,,,,,,,,,
647.08,,0.02492351082,,,,,,,,,
647.1,,0.02536839029,,,,,,,,,
647.12,,0.02582045666,,,,,,,,,
647.14,,0.0262809517,,,,,,,,,
647.16,,0.02675043327,,,,,,,,,
647.18,,0.02722918137,,,,,,,,,
647.2,,0.02771836055,,,,,,,,,
647.22,,0.02821835185,,,,,,,,,
647.24,,0.02872928819,,,,,,,,,
647.26,,0.02925205873,,,,,,,,,
647.28,,0.02978672123,,,,,,,,,
647.3,,0.03033319098,,,,,,,,,
647.32,,0.03089207198,,,,,,,,,
647.34,,0.03146316149,,,,,,,,,
647.36,,0.03204630162,,,,,,,,,
647.38,,0.03264200125,,,,,,,,,
647.4,,0.03325002889,,,,,,,,,
647.42,,0.03387042213,,,,,,,,,
647.44,,0.03450385163,,,,,,,,,
647.46,,0.03515029275,,,,,,,,,
647.48,,0.03581018881,,,,,,,,,
647.5,,0.03648451023,,,,,,,,,
647.52,,0.03717350593,,,,,,,,,
647.54,,0.03787803004,,,,,,,,,
647.56,,0.03859926349,,,,,,,,,
647.58,,0.03933756419,,,,,,,,,
647.6,,0.04009398537,,,,,,,,,
647.62,,0.04086964144,,,,,,,,,
647.64,,0.04166469055,,,,,,,,,
647.66,,0.0424800849,,,,,,,,,
647.68,,0.04331656771,,,,,,,,,
647.7,,0.04417382439,,,,,,,,,
647.72,,0.04505250487,,,,,,,,,
647.74,,0.04595282955,,,,,,,,,
647.76,,0.04687393541,,,,,,,,,
647.78,,0.04781619884,,,,,,,,,
647.8,,0.04877941028,,,,,,,,,
647.82,,0.04976232466,,,,,,,,,
647.84,,0.0507652997,,,,,,,,,
647.86,,0.05178797999,,,,,,,,,
647.88,,0.05282904921,,,,,,,,,
647.9,,0.05388919291,,,,,,,,,
647.92,,0.05496822367,,,,,,,,,
647.94,,0.05606503276,,,,,,,,,
647.96,,0.05718089454,,,,,,,,,
647.98,,0.05831596754,,,,,,,,,
648,,0.05946945552,,,,,,,,,
648.02,,0.06064328918,,,,,,,,,
648.04,,0.0618378518,,,,,,,,,
648.06,,0.06305285109,,,,,,,,,
648.08,,0.06429048263,,,,,,,,,
648.1,,0.06555125748,,,,,,,,,
648.12,,0.06683524659,,,,,,,,,
648.14,,0.06814468439,,,,,,,,,
648.16,,0.06948002526,,,,,,,,,
648.18,,0.07084156104,,,,,,,,,
648.2,,0.07223141794,,,,,,,,,
648.22,,0.07364987862,,,,,,,,,
648.24,,0.07509740749,,,,,,,,,
648.26,,0.07657596945,,,,,,,,,
648.28,,0.07808564589,,,,,,,,,
648.3,,0.0796270975,,,,,,,,,
648.32,,0.08120212236,,,,,,,,,
648.34,,0.08281059312,,,,,,,,,
648.36,,0.08445339122,,,,,,,,,
648.38,,0.08613212139,,,,,,,,,
648.4,,0.08784640459,,,,,,,,,
648.42,,0.08959732999,,,,,,,,,
648.44,,0.09138624762,,,,,,,,,
648.46,,0.09321246079,,,,,,,,,
648.48,,0.09507725433,,,,,,,,,
648.5,,0.09698168641,,,,,,,,,
648.52,,0.098924725,,,,,,,,,
648.54,,0.1009079141,,,,,,,,,
648.56,,0.1029320727,,,,,,,,,
648.58,,0.1049959112,,,,,,,,,
648.6,,0.1071013919,,,,,,,,,
648.62,,0.1092492244,,,,,,,,,
648.64,,0.1114379857,,,,,,,,,
648.66,,0.1136702314,,,,,,,,,
648.68,,0.1159466611,,,,,,,,,
648.7,,0.1182657672,,,,,,,,,
648.72,,0.1206307652,,,,,,,,,
648.74,,0.1230423014,,,,,,,,,
648.76,,0.1254986715,,,,,,,,,
648.78,,0.1280036603,,,,,,,,,
648.8,,0.1305574287,,,,,,,,,
648.82,,0.133158576,,,,,,,,,
648.84,,0.1358105711,,,,,,,,,
648.86,,0.1385130836,,,,,,,,,
648.88,,0.1412649541,,,,,,,,,
648.9,,0.1440691541,,,,,,,,,
648.92,,0.1469248134,,,,,,,,,
648.94,,0.1498310842,,,,,,,,,
648.96,,0.1527905059,,,,,,,,,
648.98,,0.1558017976,,,,,,,,,
649,,0.1588646723,,,,,,,,,
649.02,,0.1619814441,,,,,,,,,
649.04,,0.1651506383,,,,,,,,,
649.06,,0.1683728131,,,,,,,,,
649.08,,0.1716502376,,,,,,,,,
649.1,,0.1749813722,,,,,,,,,
649.12,,0.178367775,,,,,,,,,
649.14,,0.1818116859,,,,,,,,,
649.16,,0.1853114396,,,,,,,,,
649.18,,0.1888695686,,,,,,,,,
649.2,,0.19248813,,,,,,,,,
649.22,,0.1961651289,,,,,,,,,
649.24,,0.1999039524,,,,,,,,,
649.26,,0.20370627,,,,,,,,,
649.28,,0.2075695428,,,,,,,,,
649.3,,0.2114979374,,,,,,,,,
649.32,,0.2154926038,,,,,,,,,
649.34,,0.2195503374,,,,,,,,,
649.36,,0.2236761239,,,,,,,,,
649.38,,0.2278705684,,,,,,,,,
649.4,,0.2321297663,,,,,,,,,
649.42,,0.2364596404,,,,,,,,,
649.44,,0.2408598709,,,,,,,,,
649.46,,0.2453270007,,,,,,,,,
649.48,,0.2498668142,,,,,,,,,
649.5,,0.2544782287,,,,,,,,,
649.52,,0.2591587024,,,,,,,,,
649.54,,0.2639133366,,,,,,,,,
649.56,,0.2687402993,,,,,,,,,
649.58,,0.2736379285,,,,,,,,,
649.6,,0.2786104684,,,,,,,,,
649.62,,0.2836551646,,,,,,,,,
649.64,,0.288771186,,,,,,,,,
649.66,,0.2939617656,,,,,,,,,
649.68,,0.2992230887,,,,,,,,,
649.7,,0.3045551743,,,,,,,,,
649.72,,0.3099601806,,,,,,,,,
649.74,,0.3154331857,,,,,,,,,
649.76,,0.3209751864,,,,,,,,,
649.78,,0.3265873134,,,,,,,,,
649.8,,0.33226358,,,,,,,,,
649.82,,0.3380061861,,,,,,,,,
649.84,,0.3438153542,,,,,,,,,
649.86,,0.3496841227,,,,,,,,,
649.88,,0.3556161715,,,,,,,,,
649.9,,0.3616109363,,,,,,,,,
649.92,,0.3676605636,,,,,,,,,
649.94,,0.3737705179,,,,,,,,,
649.96,,0.379939474,,,,,,,,,
649.98,,0.386158701,,,,,,,,,
650,,0.3924360617,,,,,,,,,
650.02,,0.3987692767,,,,,,,,,
650.04,,0.4051503397,,,,,,,,,
650.06,,0.4115864249,,,,,,,,,
650.08,,0.4180740118,,,,,,,,,
650.1,,0.4246074655,,,,,,,,,
650.12,,0.4311932688,,,,,,,,,
650.14,,0.4378270148,,,,,,,,,
650.16,,0.4445050165,,,,,,,,,
650.18,,0.4512325916,,,,,,,,,
650.2,,0.4580041669,,,,,,,,,
650.22,,0.4648178802,,,,,,,,,
650.24,,0.4716776134,,,,,,,,,
650.26,,0.4785763182,,,,,,,,,
650.28,,0.485513841,,,,,,,,,
650.3,,0.4924924111,,,,,,,,,
650.32,,0.4995032587,,,,,,,,,
650.34,,0.5065479467,,,,,,,,,
650.36,,0.5136269876,,,,,,,,,
650.38,,0.5207297984,,,,,,,,,
650.4,,0.5278598629,,,,,,,,,
650.42,,0.5350161027,,,,,,,,,
650.44,,0.5421861891,,,,,,,,,
650.46,,0.549375905,,,,,,,,,
650.48,,0.5565828278,,,,,,,,,
650.5,,0.5637930186,,,,,,,,,
650.52,,0.5710149927,,,,,,,,,
650.54,,0.5782443996,,,,,,,,,
650.56,,0.5854681834,,,,,,,,,
650.58,,0.5926955168,,,,,,,,,
650.6,,0.5999202349,,,,,,,,,
650.62,,0.6071323944,,,,,,,,,
650.64,,0.6143397071,,,,,,,,,
650.66,,0.6215347838,,,,,,,,,
650.68,,0.6287107933,,,,,,,,,
650.7,,0.6358738395,,,,,,,,,
650.72,,0.6430150894,,,,,,,,,
650.74,,0.6501307643,,,,,,,,,
650.76,,0.6572252125,,,,,,,,,
650.78,,0.6642879266,,,,,,,,,
650.8,,0.6713181808,,,,,,,,,
650.82,,0.6783185109,,,,,,,,,
650.84,,0.685276577,,,,,,,,,
650.86,,0.6921948394,,,,,,,,,
650.88,,0.699074091,,,,,,,,,
650.9,,0.7059000947,,,,,,,,,
650.92,,0.7126787676,,,,,,,,,
650.94,,0.7194093224,,,,,,,,,
650.96,,0.7260756181,,,,,,,,,
650.98,,0.7326873871,,,,,,,,,
651,,0.7392423795,,,,,,,,,
651.02,,0.7457227449,,,,,,,,,
651.04,,0.7521422064,,,,,,,,,
651.06,,0.7584951996,,,,,,,,,
651.08,,0.7647682597,,,,,,,,,
651.1,,0.7709732875,,,,,,,,,
651.12,,0.7771034046,,,,,,,,,
651.14,,0.7831496373,,,,,,,,,
651.16,,0.7891221023,,,,,,,,,
651.18,,0.7950125206,,,,,,,,,
651.2,,0.8008164369,,,,,,,,,
651.22,,0.806542171,,,,,,,,,
651.24,,0.8121798483,,,,,,,,,
651.26,,0.8177295169,,,,,,,,,
651.28,,0.8231976514,,,,,,,,,
651.3,,0.8285725116,,,,,,,,,
651.32,,0.8338586406,,,,,,,,,
651.34,,0.8390606065,,,,,,,,,
651.36,,0.8441645051,,,,,,,,,
651.38,,0.849179417,,,,,,,,,
651.4,,0.8541079586,,,,,,,,,
651.42,,0.8589337799,,,,,,,,,
651.44,,0.8636706321,,,,,,,,,
651.46,,0.8683189971,,,,,,,,,
651.48,,0.8728603696,,,,,,,,,
651.5,,0.877312899,,,,,,,,,
651.52,,0.8816726748,,,,,,,,,
651.54,,0.8859262623,,,,,,,,,
651.56,,0.8900891797,,,,,,,,,
651.58,,0.8941555621,,,,,,,,,
651.6,,0.8981171685,,,,,,,,,
651.62,,0.9019870835,,,,,,,,,
651.64,,0.90575751,,,,,,,,,
651.66,,0.9094255373,,,,,,,,,
651.68,,0.91300201,,,,,,,,,
651.7,,0.9164771254,,,,,,,,,
651.72,,0.9198534038,,,,,,,,,
651.74,,0.92313956,,,,,,,,,
651.76,,0.9263235707,,,,,,,,,
651.78,,0.9294134257,,,,,,,,,
651.8,,0.9324156994,,,,,,,,,
651.82,,0.9353158032,,,,,,,,,
651.84,,0.9381271969,,,,,,,,,
651.86,,0.9408542078,,,,,,,,,
651.88,,0.9434792812,,,,,,,,,
651.9,,0.9460213769,,,,,,,,,
651.92,,0.9484808191,,,,,,,,,
651.94,,0.9508415819,,,,,,,,,
651.96,,0.9531233958,,,,,,,,,
651.98,,0.9553226646,,,,,,,,,
652,,0.9574289022,,,,,,,,,
652.02,,0.9594585878,,,,,,,,,
652.04,,0.9614055012,,,,,,,,,
652.06,,0.963264705,,,,,,,,,
652.08,,0.9650496215,,,,,,,,,
652.1,,0.9667513481,,,,,,,,,
652.12,,0.9683706073,,,,,,,,,
652.14,,0.9699180193,,,,,,,,,
652.16,,0.9713819412,,,,,,,,,
652.18,,0.9727689621,,,,,,,,,
652.2,,0.9740871757,,,,,,,,,
652.22,,0.9753221336,,,,,,,,,
652.24,,0.9764865752,,,,,,,,,
652.26,,0.9775863092,,,,,,,,,
652.28,,0.9786039868,,,,,,,,,
652.3,,0.9795587943,,,,,,,,,
652.32,,0.9804531238,,,,,,,,,
652.34,,0.9812703076,,,,,,,,,
652.36,,0.9820324288,,,,,,,,,
652.38,,0.9827375894,,,,,,,,,
652.4,,0.9833756123,,,,,,,,,
652.42,,0.9839654177,,,,,,,,,
652.44,,0.9845025127,,,,,,,,,
652.46,,0.9849828801,,,,,,,,,
652.48,,0.9854221432,,,,,,,,,
652.5,,0.9858127608,,,,,,,,,
652.52,,0.9861565647,,,,,,,,,
652.54,,0.9864657725,,,,,,,,,
652.56,,0.9867293686,,,,,,,,,
652.58,,0.9869549135,,,,,,,,,
652.6,,0.9871512581,,,,,,,,,
652.62,,0.9873036524,,,,,,,,,
652.64,,0.9874255475,,,,,,,,,
652.66,,0.9875226353,,,,,,,,,
652.68,,0.987576361,,,,,,,,,
652.7,,0.9876064515,,,,,,,,,
652.72,,0.9876138193,,,,,,,,,
652.74,,0.9875818049,,,,,,,,,
652.76,,0.9875311801,,,,,,,,,
652.78,,0.9874585478,,,,,,,,,
652.8,,0.9873539084,,,,,,,,,
652.82,,0.9872346478,,,,,,,,,
652.84,,0.9870945898,,,,,,,,,
652.86,,0.9869303277,,,,,,,,,
652.88,,0.9867559981,,,,,,,,,
652.9,,0.9865623875,,,,,,,,,
652.92,,0.9863525436,,,,,,,,,
652.94,,0.98613738,,,,,,,,,
652.96,,0.9859042668,,,,,,,,,
652.98,,0.9856626073,,,,,,,,,
653,,0.9854200845,,,,,,,,,
653.02,,0.9851602784,,,,,,,,,
653.04,,0.9848989776,,,,,,,,,
653.06,,0.9846406448,,,,,,,,,
653.08,,0.9843647856,,,,,,,,,
653.1,,0.9840937505,,,,,,,,,
653.12,,0.9838252419,,,,,,,,,
653.14,,0.983545208,,,,,,,,,
653.16,,0.9832721459,,,,,,,,,
653.18,,0.9830004857,,,,,,,,,
653.2,,0.9827227388,,,,,,,,,
653.22,,0.9824536418,,,,,,,,,
653.24,,0.982184327,,,,,,,,,
653.26,,0.9819138636,,,,,,,,,
653.28,,0.9816534617,,,,,,,,,
653.3,,0.9813907729,,,,,,,,,
653.32,,0.9811314528,,,,,,,,,
653.34,,0.9808833549,,,,,,,,,
653.36,,0.9806303911,,,,,,,,,
653.38,,0.9803848904,,,,,,,,,
653.4,,0.9801514566,,,,,,,,,
653.42,,0.9799099991,,,,,,,,,
653.44,,0.9796797045,,,,,,,,,
653.46,,0.9794595008,,,,,,,,,
653.48,,0.9792326153,,,,,,,,,
653.5,,0.979017892,,,,,,,,,
653.52,,0.9788098891,,,,,,,,,
653.54,,0.9785988565,,,,,,,,,
653.56,,0.9783999158,,,,,,,,,
653.58,,0.9782045145,,,,,,,,,
653.6,,0.9780099814,,,,,,,,,
653.62,,0.9778280544,,,,,,,,,
653.64,,0.9776469621,,,,,,,,,
653.66,,0.9774711701,,,,,,,,,
653.68,,0.977309243,,,,,,,,,
653.7,,0.9771459024,,,,,,,,,
653.72,,0.9769927631,,,,,,,,,
653.74,,0.9768552392,,,,,,,,,
653.76,,0.9767141172,,,,,,,,,
653.78,,0.9765881629,,,,,,,,,
653.8,,0.9764773227,,,,,,,,,
653.82,,0.9763646139,,,,,,,,,
653.84,,0.9762694402,,,,,,,,,
653.86,,0.9761866437,,,,,,,,,
653.88,,0.9761062382,,,,,,,,,
653.9,,0.9760434507,,,,,,,,,
653.92,,0.9759895734,,,,,,,,,
653.94,,0.975941581,,,,,,,,,
653.96,,0.9759108459,,,,,,,,,
653.98,,0.9758850137,,,,,,,,,
654,,0.9758681441,,,,,,,,,
654.02,,0.9758680962,,,,,,,,,
654.04,,0.9758687174,,,,,,,,,
654.06,,0.9758813531,,,,,,,,,
654.08,,0.9759105813,,,,,,,,,
654.1,,0.9759362133,,,,,,,,,
654.12,,0.9759770992,,,,,,,,,
654.14,,0.9760319543,,,,,,,,,
654.16,,0.9760842272,,,,,,,,,
654.18,,0.9761525513,,,,,,,,,
654.2,,0.976231002,,,,,,,,,
654.22,,0.976310507,,,,,,,,,
654.24,,0.9764056706,,,,,,,,,
654.26,,0.9765071144,,,,,,,,,
654.28,,0.976613157,,,,,,,,,
654.3,,0.9767346307,,,,,,,,,
654.32,,0.9768584827,,,,,,,,,
654.34,,0.976990457,,,,,,,,,
654.36,,0.9771378572,,,,,,,,,
654.38,,0.97728368,,,,,,,,,
654.4,,0.977441238,,,,,,,,,
654.42,,0.9776144614,,,,,,,,,
654.44,,0.9777820869,,,,,,,,,
654.46,,0.9779652062,,,,,,,,,
654.48,,0.9781605373,,,,,,,,,
654.5,,0.97835383,,,,,,,,,
654.52,,0.9785626193,,,,,,,,,
654.54,,0.9787798576,,,,,,,,,
654.56,,0.9789989163,,,,,,,,,
654.58,,0.9792331602,,,,,,,,,
654.6,,0.9794718009,,,,,,,,,
654.62,,0.979715706,,,,,,,,,
654.64,,0.9799742716,,,,,,,,,
654.66,,0.9802326329,,,,,,,,,
654.68,,0.9804991565,,,,,,,,,
654.7,,0.9807794419,,,,,,,,,
654.72,,0.98105419,,,,,,,,,
654.74,,0.9813394286,,,,,,,,,
654.76,,0.9816355285,,,,,,,,,
654.78,,0.9819231359,,,,,,,,,
654.8,,0.9822215949,,,,,,,,,
654.82,,0.9825249658,,,,,,,,,
654.84,,0.9828218485,,,,,,,,,
654.86,,0.9831272107,,,,,,,,,
654.88,,0.9834315406,,,,,,,,,
654.9,,0.9837314546,,,,,,,,,
654.92,,0.9840380348,,,,,,,,,
654.94,,0.9843381506,,,,,,,,,
654.96,,0.9846366193,,,,,,,,,
654.98,,0.9849410727,,,,,,,,,
655,,0.9852345681,,,,,,,,,
655.02,,0.985530341,,,,,,,,,
655.04,,0.9858327874,,,,,,,,,
655.06,,0.9861207703,,,,,,,,,
655.08,,0.9864160912,,,,,,,,,
655.1,,0.9867156488,,,,,,,,,
655.12,,0.9870060271,,,,,,,,,
655.14,,0.9873051812,,,,,,,,,
655.16,,0.9876059884,,,,,,,,,
655.18,,0.9879030005,,,,,,,,,
655.2,,0.9882095307,,,,,,,,,
655.22,,0.9885141528,,,,,,,,,
655.24,,0.9888190496,,,,,,,,,
655.26,,0.9891329817,,,,,,,,,
655.28,,0.9894397638,,,,,,,,,
655.3,,0.9897492541,,,,,,,,,
655.32,,0.9900659512,,,,,,,,,
655.34,,0.9903686966,,,,,,,,,
655.36,,0.9906754967,,,,,,,,,
655.38,,0.990984051,,,,,,,,,
655.4,,0.9912771724,,,,,,,,,
655.42,,0.9915728476,,,,,,,,,
655.44,,0.9918637419,,,,,,,,,
655.46,,0.9921415256,,,,,,,,,
655.48,,0.9924201436,,,,,,,,,
655.5,,0.9926888816,,,,,,,,,
655.52,,0.9929483567,,,,,,,,,
655.54,,0.9932088887,,,,,,,,,
655.56,,0.9934560408,,,,,,,,,
655.58,,0.9936992981,,,,,,,,,
655.6,,0.9939453963,,,,,,,,,
655.62,,0.9941754788,,,,,,,,,
655.64,,0.9944077391,,,,,,,,,
655.66,,0.9946427777,,,,,,,,,
655.68,,0.9948634005,,,,,,,,,
655.7,,0.9950895757,,,,,,,,,
655.72,,0.9953153009,,,,,,,,,
655.74,,0.9955316389,,,,,,,,,
655.76,,0.9957533469,,,,,,,,,
655.78,,0.9959699006,,,,,,,,,
655.8,,0.9961804745,,,,,,,,,
655.82,,0.996395041,,,,,,,,,
655.84,,0.9965983841,,,,,,,,,
655.86,,0.9967980458,,,,,,,,,
655.88,,0.9969997815,,,,,,,,,
655.9,,0.9971835842,,,,,,,,,
655.92,,0.9973658864,,,,,,,,,
655.94,,0.9975465819,,,,,,,,,
655.96,,0.9977071147,,,,,,,,,
655.98,,0.9978670395,,,,,,,,,
656,,0.9980200095,,,,,,,,,
656.02,,0.998156806,,,,,,,,,
656.04,,0.9982925391,,,,,,,,,
656.06,,0.9984171307,,,,,,,,,
656.08,,0.998530531,,,,,,,,,
656.1,,0.998643703,,,,,,,,,
656.12,,0.9987423797,,,,,,,,,
656.14,,0.9988355667,,,,,,,,,
656.16,,0.9989302201,,,,,,,,,
656.18,,0.9990072789,,,,,,,,,
656.2,,0.9990848412,,,,,,,,,
656.22,,0.9991633874,,,,,,,,,
656.24,,0.9992258584,,,,,,,,,
656.26,,0.9992922842,,,,,,,,,
656.28,,0.999356517,,,,,,,,,
656.3,,0.9994104718,,,,,,,,,
656.32,,0.9994690707,,,,,,,,,
656.34,,0.9995217256,,,,,,,,,
656.36,,0.9995691683,,,,,,,,,
656.38,,0.9996216004,,,,,,,,,
656.4,,0.9996636453,,,,,,,,,
656.42,,0.9997049485,,,,,,,,,
656.44,,0.9997513588,,,,,,,,,
656.46,,0.9997823401,,,,,,,,,
656.48,,0.9998167902,,,,,,,,,
656.5,,0.9998531415,,,,,,,,,
656.52,,0.9998753185,,,,,,,,,
656.54,,0.9999020336,,,,,,,,,
656.56,,0.9999259399,,,,,,,,,
656.58,,0.9999403799,,,,,,,,,
656.6,,0.9999592386,,,,,,,,,
656.62,,0.9999709053,,,,,,,,,
656.64,,0.9999780645,,,,,,,,,
656.66,,0.9999901745,,,,,,,,,
656.68,,0.9999909224,,,,,,,,,
656.7,,0.9999923752,,,,,,,,,
656.72,,0.9999997708,,,,,,,,,
656.74,,0.9999915206,,,,,,,,,
656.76,,0.999989253,,,,,,,,,
656.78,,0.9999892948,,,,,,,,,
656.8,,0.9999782845,,,,,,,,,
656.82,,0.9999737102,,,,,,,,,
656.84,,0.9999670126,,,,,,,,,
656.86,,0.99995413,,,,,,,,,
656.88,,0.9999474697,,,,,,,,,
656.9,,0.9999337397,,,,,,,,,
656.92,,0.999918164,,,,,,,,,
656.94,,0.9999085253,,,,,,,,,
656.96,,0.9998864166,,,,,,,,,
656.98,,0.9998665967,,,,,,,,,
657,,0.9998512329,,,,,,,,,
657.02,,0.9998203461,,,,,,,,,
657.04,,0.9997946929,,,,,,,,,
657.06,,0.9997683054,,,,,,,,,
657.08,,0.9997310223,,,,,,,,,
657.1,,0.9996983312,,,,,,,,,
657.12,,0.9996598477,,,,,,,,,
657.14,,0.9996150435,,,,,,,,,
657.16,,0.9995745925,,,,,,,,,
657.18,,0.9995233103,,,,,,,,,
657.2,,0.9994703489,,,,,,,,,
657.22,,0.9994219622,,,,,,,,,
657.24,,0.9993577053,,,,,,,,,
657.26,,0.9992967237,,,,,,,,,
657.28,,0.9992374875,,,,,,,,,
657.3,,0.9991646762,,,,,,,,,
657.32,,0.9990971336,,,,,,,,,
657.34,,0.9990273977,,,,,,,,,
657.36,,0.9989502076,,,,,,,,,
657.38,,0.9988794254,,,,,,,,,
657.4,,0.9988030986,,,,,,,,,
657.42,,0.9987259136,,,,,,,,,
657.44,,0.9986571515,,,,,,,,,
657.46,,0.9985798186,,,,,,,,,
657.48,,0.9985085894,,,,,,,,,
657.5,,0.9984473596,,,,,,,,,
657.52,,0.9983762845,,,,,,,,,
657.54,,0.9983173317,,,,,,,,,
657.56,,0.9982653613,,,,,,,,,
657.58,,0.9982104549,,,,,,,,,
657.6,,0.9981687698,,,,,,,,,
657.62,,0.998130218,,,,,,,,,
657.64,,0.9980944543,,,,,,,,,
657.66,,0.9980722086,,,,,,,,,
657.68,,0.9980479733,,,,,,,,,
657.7,,0.9980310044,,,,,,,,,
657.72,,0.9980270469,,,,,,,,,
657.74,,0.998014744,,,,,,,,,
657.76,,0.9980133902,,,,,,,,,
657.78,,0.9980199624,,,,,,,,,
657.8,,0.9980194282,,,,,,,,,
657.82,,0.998029367,,,,,,,,,
657.84,,0.9980409004,,,,,,,,,
657.86,,0.9980493238,,,,,,,,,
657.88,,0.9980670883,,,,,,,,,
657.9,,0.9980806132,,,,,,,,,
657.92,,0.9980955148,,,,,,,,,
657.94,,0.9981195872,,,,,,,,,
657.96,,0.9981339655,,,,,,,,,
657.98,,0.9981546605,,,,,,,,,
658,,0.9981826815,,,,,,,,,
658.02,,0.9981998069,,,,,,,,,
658.04,,0.9982259372,,,,,,,,,
658.06,,0.9982539106,,,,,,,,,
658.08,,0.998275666,,,,,,,,,
658.1,,0.9983052031,,,,,,,,,
658.12,,0.9983301749,,,,,,,,,
658.14,,0.9983524618,,,,,,,,,
658.16,,0.9983807141,,,,,,,,,
658.18,,0.9983970204,,,,,,,,,
658.2,,0.9984135134,,,,,,,,,
658.22,,0.9984334989,,,,,,,,,
658.24,,0.9984351172,,,,,,,,,
658.26,,0.998439613,,,,,,,,,
658.28,,0.9984409534,,,,,,,,,
658.3,,0.9984284366,,,,,,,,,
658.32,,0.9984180447,,,,,,,,,
658.34,,0.9983995352,,,,,,,,,
658.36,,0.9983733148,,,,,,,,,
658.38,,0.9983507565,,,,,,,,,
658.4,,0.9983169599,,,,,,,,,
658.42,,0.9982834005,,,,,,,,,
658.44,,0.9982570965,,,,,,,,,
658.46,,0.9982176345,,,,,,,,,
658.48,,0.9981875643,,,,,,,,,
658.5,,0.9981641991,,,,,,,,,
658.52,,0.9981360379,,,,,,,,,
658.54,,0.9981214126,,,,,,,,,
658.56,,0.9981118014,,,,,,,,,
658.58,,0.9981059034,,,,,,,,,
658.6,,0.9981160295,,,,,,,,,
658.62,,0.9981277506,,,,,,,,,
658.64,,0.9981497007,,,,,,,,,
658.66,,0.998188477,,,,,,,,,
658.68,,0.9982230467,,,,,,,,,
658.7,,0.9982722458,,,,,,,,,
658.72,,0.9983329851,,,,,,,,,
658.74,,0.9983898751,,,,,,,,,
658.76,,0.9984598842,,,,,,,,,
658.78,,0.9985329222,,,,,,,,,
658.8,,0.9986040542,,,,,,,,,
658.82,,0.9986841237,,,,,,,,,
658.84,,0.9987575724,,,,,,,,,
658.86,,0.9988305856,,,,,,,,,
658.88,,0.9989074264,,,,,,,,,
658.9,,0.9989668188,,,,,,,,,
658.92,,0.9990301538,,,,,,,,,
658.94,,0.9990863046,,,,,,,,,
658.96,,0.9991176049,,,,,,,,,
658.98,,0.9991632882,,,,,,,,,
659,,0.9991608234,,,,,,,,,
659.02,,0.9990176418,,,,,,,,,
659.04,,0.9988012468,,,,,,,,,
659.06,,0.9985907945,,,,,,,,,
659.08,,0.9983754371,,,,,,,,,
659.1,,0.9981404943,,,,,,,,,
659.12,,0.9978830002,,,,,,,,,
659.14,,0.9976200248,,,,,,,,,
659.16,,0.9973458368,,,,,,,,,
659.18,,0.9970478777,,,,,,,,,
659.2,,0.9967460072,,,,,,,,,
659.22,,0.996431979,,,,,,,,,
659.24,,0.9961021594,,,,,,,,,
659.26,,0.9957707198,,,,,,,,,
659.28,,0.9954250743,,,,,,,,,
659.3,,0.9950724152,,,,,,,,,
659.32,,0.9947216402,,,,,,,,,
659.34,,0.9943541873,,,,,,,,,
659.36,,0.9939883718,,,,,,,,,
659.38,,0.9936245008,,,,,,,,,
659.4,,0.9932474004,,,,,,,,,
659.42,,0.992876608,,,,,,,,,
659.44,,0.9925043944,,,,,,,,,
659.46,,0.9921264901,,,,,,,,,
659.48,,0.9917561889,,,,,,,,,
659.5,,0.9913799676,,,,,,,,,
659.52,,0.9910043543,,,,,,,,,
659.54,,0.9906370073,,,,,,,,,
659.56,,0.9902580078,,,,,,,,,
659.58,,0.9898850202,,,,,,,,,
659.6,,0.9895166755,,,,,,,,,
659.62,,0.9891374302,,,,,,,,,
659.64,,0.9887654073,,,,,,,,,
659.66,,0.988391613,,,,,,,,,
659.68,,0.9880117462,,,,,,,,,
659.7,,0.9876379604,,,,,,,,,
659.72,,0.9872556928,,,,,,,,,
659.74,,0.986871899,,,,,,,,,
659.76,,0.9864934202,,,,,,,,,
659.78,,0.9860995218,,,,,,,,,
659.8,,0.9857088605,,,,,,,,,
659.82,,0.9853187745,,,,,,,,,
659.84,,0.9849150047,,,,,,,,,
659.86,,0.9845155563,,,,,,,,,
659.88,,0.9841105028,,,,,,,,,
659.9,,0.9836969143,,,,,,,,,
659.92,,0.9832880359,,,,,,,,,
659.94,,0.9828679044,,,,,,,,,
659.96,,0.9824430474,,,,,,,,,
659.98,,0.9820265658,,,,,,,,,
660,,0.9816342793,,,,,,,,,
660.02,,0.9813356613,,,,,,,,,
660.04,,0.9811042406,,,,,,,,,
660.06,,0.9808577057,,,,,,,,,
660.08,,0.9806029899,,,,,,,,,
660.1,,0.9803517924,,,,,,,,,
660.12,,0.980097918,,,,,,,,,
660.14,,0.979847906,,,,,,,,,
660.16,,0.9795909968,,,,,,,,,
660.18,,0.9793378359,,,,,,,,,
660.2,,0.9790930596,,,,,,,,,
660.22,,0.9788361472,,,,,,,,,
660.24,,0.9785893203,,,,,,,,,
660.26,,0.9783467637,,,,,,,,,
660.28,,0.9780988979,,,,,,,,,
660.3,,0.9778612172,,,,,,,,,
660.32,,0.9776222936,,,,,,,,,
660.34,,0.9773836866,,,,,,,,,
660.36,,0.9771547526,,,,,,,,,
660.38,,0.9769176828,,,,,,,,,
660.4,,0.9766853554,,,,,,,,,
660.42,,0.9764597472,,,,,,,,,
660.44,,0.9762213327,,,,,,,,,
660.46,,0.9759895928,,,,,,,,,
660.48,,0.9757564867,,,,,,,,,
660.5,,0.97551424,,,,,,,,,
660.52,,0.9752759419,,,,,,,,,
660.54,,0.9750279787,,,,,,,,,
660.56,,0.9747743014,,,,,,,,,
660.58,,0.9745224881,,,,,,,,,
660.6,,0.9742528452,,,,,,,,,
660.62,,0.9739814612,,,,,,,,,
660.64,,0.9737073985,,,,,,,,,
660.66,,0.9734149862,,,,,,,,,
660.68,,0.9731224799,,,,,,,,,
660.7,,0.9728211391,,,,,,,,,
660.72,,0.9725075899,,,,,,,,,
660.74,,0.9721943541,,,,,,,,,
660.76,,0.9718673118,,,,,,,,,
660.78,,0.9715352825,,,,,,,,,
660.8,,0.9712056499,,,,,,,,,
660.82,,0.9708580708,,,,,,,,,
660.84,,0.9705138185,,,,,,,,,
660.86,,0.9701696152,,,,,,,,,
660.88,,0.9698149336,,,,,,,,,
660.9,,0.9694670569,,,,,,,,,
660.92,,0.9691163679,,,,,,,,,
660.94,,0.9687641677,,,,,,,,,
660.96,,0.9684216187,,,,,,,,,
660.98,,0.9680727764,,,,,,,,,
661,,0.9677306108,,,,,,,,,
661.02,,0.967399074,,,,,,,,,
661.04,,0.9670591994,,,,,,,,,
661.06,,0.966731718,,,,,,,,,
661.08,,0.9664096524,,,,,,,,,
661.1,,0.9660857872,,,,,,,,,
661.12,,0.9657739197,,,,,,,,,
661.14,,0.9654609681,,,,,,,,,
661.16,,0.9651513393,,,,,,,,,
661.18,,0.9648527825,,,,,,,,,
661.2,,0.9645455725,,,,,,,,,
661.22,,0.9642462261,,,,,,,,,
661.24,,0.9639530882,,,,,,,,,
661.26,,0.9636513263,,,,,,,,,
661.28,,0.9633584293,,,,,,,,,
661.3,,0.9630649031,,,,,,,,,
661.32,,0.9627683726,,,,,,,,,
661.34,,0.9624804418,,,,,,,,,
661.36,,0.9621859802,,,,,,,,,
661.38,,0.9618951179,,,,,,,,,
661.4,,0.9616140486,,,,,,,,,
661.42,,0.9613217758,,,,,,,,,
661.44,,0.9610406766,,,,,,,,,
661.46,,0.9607653169,,,,,,,,,
661.48,,0.9604873457,,,,,,,,,
661.5,,0.960222449,,,,,,,,,
661.52,,0.9599594356,,,,,,,,,
661.54,,0.9597019561,,,,,,,,,
661.56,,0.9594594613,,,,,,,,,
661.58,,0.9592139673,,,,,,,,,
661.6,,0.9589810276,,,,,,,,,
661.62,,0.9587608006,,,,,,,,,
661.64,,0.9585373977,,,,,,,,,
661.66,,0.9583288822,,,,,,,,,
661.68,,0.9581259051,,,,,,,,,
661.7,,0.9579244413,,,,,,,,,
661.72,,0.9577356704,,,,,,,,,
661.74,,0.9575438051,,,,,,,,,
661.76,,0.9573568087,,,,,,,,,
661.78,,0.957179947,,,,,,,,,
661.8,,0.956990457,,,,,,,,,
661.82,,0.9568090329,,,,,,,,,
661.84,,0.9566289156,,,,,,,,,
661.86,,0.9564399178,,,,,,,,,
661.88,,0.9562564688,,,,,,,,,
661.9,,0.9560662462,,,,,,,,,
661.92,,0.9558717791,,,,,,,,,
661.94,,0.9556817961,,,,,,,,,
661.96,,0.9554778275,,,,,,,,,
661.98,,0.9552752951,,,,,,,,,
662,,0.9550742136,,,,,,,,,
662.02,,0.9548594506,,,,,,,,,
662.04,,0.9546494434,,,,,,,,,
662.06,,0.9544354404,,,,,,,,,
662.08,,0.9542150393,,,,,,,,,
662.1,,0.9540003212,,,,,,,,,
662.12,,0.9537764473,,,,,,,,,
662.14,,0.9535535696,,,,,,,,,
662.16,,0.9533375961,,,,,,,,,
662.18,,0.9531079951,,,,,,,,,
662.2,,0.9528865669,,,,,,,,,
662.22,,0.9526672215,,,,,,,,,
662.24,,0.9524423009,,,,,,,,,
662.26,,0.9522266899,,,,,,,,,
662.28,,0.9520083601,,,,,,,,,
662.3,,0.9517921795,,,,,,,,,
662.32,,0.9515869187,,,,,,,,,
662.34,,0.9513737694,,,,,,,,,
662.36,,0.9511703575,,,,,,,,,
662.38,,0.9509752332,,,,,,,,,
662.4,,0.9507755048,,,,,,,,,
662.42,,0.9505886503,,,,,,,,,
662.44,,0.9504049487,,,,,,,,,
662.46,,0.9502241225,,,,,,,,,
662.48,,0.9500570866,,,,,,,,,
662.5,,0.9498875624,,,,,,,,,
662.52,,0.9497278689,,,,,,,,,
662.54,,0.9495810918,,,,,,,,,
662.56,,0.9494290724,,,,,,,,,
662.58,,0.9492915986,,,,,,,,,
662.6,,0.9491607183,,,,,,,,,
662.62,,0.949030986,,,,,,,,,
662.64,,0.9489150696,,,,,,,,,
662.66,,0.948798539,,,,,,,,,
662.68,,0.9486883844,,,,,,,,,
662.7,,0.9485909236,,,,,,,,,
662.72,,0.9484843416,,,,,,,,,
662.74,,0.9483884949,,,,,,,,,
662.76,,0.9482973003,,,,,,,,,
662.78,,0.9482002046,,,,,,,,,
662.8,,0.9481115392,,,,,,,,,
662.82,,0.9480185811,,,,,,,,,
662.84,,0.9479236726,,,,,,,,,
662.86,,0.9478349584,,,,,,,,,
662.88,,0.9477331355,,,,,,,,,
662.9,,0.9476339028,,,,,,,,,
662.92,,0.9475358108,,,,,,,,,
662.94,,0.9474247827,,,,,,,,,
662.96,,0.9473181907,,,,,,,,,
662.98,,0.9472062091,,,,,,,,,
663,,0.9470881861,,,,,,,,,
663.02,,0.9469752031,,,,,,,,,
663.04,,0.9468511456,,,,,,,,,
663.06,,0.9467285664,,,,,,,,,
663.08,,0.946610639,,,,,,,,,
663.1,,0.9464798996,,,,,,,,,
663.12,,0.9463562248,,,,,,,,,
663.14,,0.9462316637,,,,,,,,,
663.16,,0.9461017345,,,,,,,,,
663.18,,0.9459790428,,,,,,,,,
663.2,,0.9458489431,,,,,,,,,
663.22,,0.9457196787,,,,,,,,,
663.24,,0.9455973302,,,,,,,,,
663.26,,0.9454600118,,,,,,,,,
663.28,,0.9453289931,,,,,,,,,
663.3,,0.9451973206,,,,,,,,,
663.32,,0.9450566108,,,,,,,,,
663.34,,0.9449209496,,,,,,,,,
663.36,,0.9447773394,,,,,,,,,
663.38,,0.9446307662,,,,,,,,,
663.4,,0.9444892568,,,,,,,,,
663.42,,0.9443330114,,,,,,,,,
663.44,,0.9441808004,,,,,,,,,
663.46,,0.9440295034,,,,,,,,,
663.48,,0.9438683166,,,,,,,,,
663.5,,0.9437137697,,,,,,,,,
663.52,,0.9435551278,,,,,,,,,
663.54,,0.94339496,,,,,,,,,
663.56,,0.9432432447,,,,,,,,,
663.58,,0.9430822743,,,,,,,,,
663.6,,0.9429279307,,,,,,,,,
663.62,,0.942780057,,,,,,,,,
663.64,,0.9426247845,,,,,,,,,
663.66,,0.9424799162,,,,,,,,,
663.68,,0.9423356281,,,,,,,,,
663.7,,0.9421911609,,,,,,,,,
663.72,,0.9420571664,,,,,,,,,
663.74,,0.941916729,,,,,,,,,
663.76,,0.9417822023,,,,,,,,,
663.78,,0.9416552924,,,,,,,,,
663.8,,0.9415186898,,,,,,,,,
663.82,,0.9413908908,,,,,,,,,
663.84,,0.9412625295,,,,,,,,,
663.86,,0.9411296742,,,,,,,,,
663.88,,0.9410035608,,,,,,,,,
663.9,,0.9408680257,,,,,,,,,
663.92,,0.9407324701,,,,,,,,,
663.94,,0.940600554,,,,,,,,,
663.96,,0.9404522671,,,,,,,,,
663.98,,0.9403072331,,,,,,,,,
664,,0.940157063,,,,,,,,,
664.02,,0.939995701,,,,,,,,,
664.04,,0.9398357365,,,,,,,,,
664.06,,0.9396625674,,,,,,,,,
664.08,,0.9394840364,,,,,,,,,
664.1,,0.9393066596,,,,,,,,,
664.12,,0.9391092342,,,,,,,,,
664.14,,0.9389136279,,,,,,,,,
664.16,,0.9387135125,,,,,,,,,
664.18,,0.9385021231,,,,,,,,,
664.2,,0.9382942761,,,,,,,,,
664.22,,0.9380775393,,,,,,,,,
664.24,,0.9378590036,,,,,,,,,
664.26,,0.9376471497,,,,,,,,,
664.28,,0.9374221151,,,,,,,,,
664.3,,0.9372049048,,,,,,,,,
664.32,,0.9369910085,,,,,,,,,
664.34,,0.9367719645,,,,,,,,,
664.36,,0.9365631181,,,,,,,,,
664.38,,0.9363522345,,,,,,,,,
664.4,,0.9361439645,,,,,,,,,
664.42,,0.9359464199,,,,,,,,,
664.44,,0.9357393669,,,,,,,,,
664.46,,0.935540872,,,,,,,,,
664.48,,0.9353464444,,,,,,,,,
664.5,,0.9351448355,,,,,,,,,
664.52,,0.9349507879,,,,,,,,,
664.54,,0.9347515492,,,,,,,,,
664.56,,0.9345495036,,,,,,,,,
664.58,,0.9343526247,,,,,,,,,
664.6,,0.9341409464,,,,,,,,,
664.62,,0.933931112,,,,,,,,,
664.64,,0.9337199421,,,,,,,,,
664.66,,0.9334955348,,,,,,,,,
664.68,,0.9332739322,,,,,,,,,
664.7,,0.933043859,,,,,,,,,
664.72,,0.9328078448,,,,,,,,,
664.74,,0.932575621,,,,,,,,,
664.76,,0.9323291378,,,,,,,,,
664.78,,0.9320854347,,,,,,,,,
664.8,,0.9318435214,,,,,,,,,
664.82,,0.9315918564,,,,,,,,,
664.84,,0.9313479178,,,,,,,,,
664.86,,0.9311015751,,,,,,,,,
664.88,,0.9308551276,,,,,,,,,
664.9,,0.9306188575,,,,,,,,,
664.92,,0.9303750119,,,,,,,,,
664.94,,0.9301395553,,,,,,,,,
664.96,,0.9299114327,,,,,,,,,
664.98,,0.9296776438,,,,,,,,,
665,,0.9294548417,,,,,,,,,
665.02,,0.9292318804,,,,,,,,,
665.04,,0.9290092638,,,,,,,,,
665.06,,0.9287961326,,,,,,,,,
665.08,,0.9285736641,,,,,,,,,
665.1,,0.9283562212,,,,,,,,,
665.12,,0.9281420411,,,,,,,,,
665.14,,0.927917025,,,,,,,,,
665.16,,0.9276973624,,,,,,,,,
665.18,,0.9274716766,,,,,,,,,
665.2,,0.927240206,,,,,,,,,
665.22,,0.927012352,,,,,,,,,
665.24,,0.9267697928,,,,,,,,,
665.26,,0.9265273895,,,,,,,,,
665.28,,0.92628423,,,,,,,,,
665.3,,0.9260271447,,,,,,,,,
665.32,,0.9257733015,,,,,,,,,
665.34,,0.9255123303,,,,,,,,,
665.36,,0.9252455678,,,,,,,,,
665.38,,0.9249833381,,,,,,,,,
665.4,,0.9247081346,,,,,,,,,
665.42,,0.9244357497,,,,,,,,,
665.44,,0.924165708,,,,,,,,,
665.46,,0.923885631,,,,,,,,,
665.48,,0.9236128842,,,,,,,,,
665.5,,0.9233371581,,,,,,,,,
665.52,,0.9230602101,,,,,,,,,
665.54,,0.9227921339,,,,,,,,,
665.56,,0.9225150153,,,,,,,,,
665.58,,0.9222447863,,,,,,,,,
665.6,,0.921980095,,,,,,,,,
665.62,,0.9217086345,,,,,,,,,
665.64,,0.9214468969,,,,,,,,,
665.66,,0.9211836602,,,,,,,,,
665.68,,0.9209206185,,,,,,,,,
665.7,,0.9206668588,,,,,,,,,
665.72,,0.9204033704,,,,,,,,,
665.74,,0.9201460818,,,,,,,,,
665.76,,0.9198922144,,,,,,,,,
665.78,,0.9196296672,,,,,,,,,
665.8,,0.9193739379,,,,,,,,,
665.82,,0.919112958,,,,,,,,,
665.84,,0.9188489986,,,,,,,,,
665.86,,0.9185905748,,,,,,,,,
665.88,,0.9183181594,,,,,,,,,
665.9,,0.9180488447,,,,,,,,,
665.92,,0.9177791828,,,,,,,,,
665.94,,0.9174986576,,,,,,,,,
665.96,,0.9172227948,,,,,,,,,
665.98,,0.9169396951,,,,,,,,,
666,,0.9166535514,,,,,,,,,
666.02,,0.9163731464,,,,,,,,,
666.04,,0.9160790528,,,,,,,,,
666.06,,0.9157903587,,,,,,,,,
666.08,,0.9155029762,,,,,,,,,
666.1,,0.9152082461,,,,,,,,,
666.12,,0.9149213286,,,,,,,,,
666.14,,0.9146298231,,,,,,,,,
666.16,,0.9143393419,,,,,,,,,
666.18,,0.9140578688,,,,,,,,,
666.2,,0.9137648265,,,,,,,,,
666.22,,0.9134804284,,,,,,,,,
666.24,,0.9131985242,,,,,,,,,
666.26,,0.9129114677,,,,,,,,,
666.28,,0.9126329476,,,,,,,,,
666.3,,0.9123490988,,,,,,,,,
666.32,,0.9120665901,,,,,,,,,
666.34,,0.9117916966,,,,,,,,,
666.36,,0.9115034967,,,,,,,,,
666.38,,0.9112224659,,,,,,,,,
666.4,,0.9109407181,,,,,,,,,
666.42,,0.9106522258,,,,,,,,,
666.44,,0.9103695605,,,,,,,,,
666.46,,0.9100777897,,,,,,,,,
666.48,,0.9097854788,,,,,,,,,
666.5,,0.9094969334,,,,,,,,,
666.52,,0.909193436,,,,,,,,,
666.54,,0.9088943124,,,,,,,,,
666.56,,0.9085908101,,,,,,,,,
666.58,,0.9082790908,,,,,,,,,
666.6,,0.9079707527,,,,,,,,,
666.62,,0.9076498186,,,,,,,,,
666.64,,0.9073271379,,,,,,,,,
666.66,,0.9070048854,,,,,,,,,
666.68,,0.9066668451,,,,,,,,,
666.7,,0.9063311219,,,,,,,,,
666.72,,0.9059880201,,,,,,,,,
666.74,,0.9056361965,,,,,,,,,
666.76,,0.9052862645,,,,,,,,,
666.78,,0.9049211343,,,,,,,,,
666.8,,0.9045543238,,,,,,,,,
666.82,,0.9041857522,,,,,,,,,
666.84,,0.9038020456,,,,,,,,,
666.86,,0.9034200774,,,,,,,,,
666.88,,0.9030291356,,,,,,,,,
666.9,,0.9026306403,,,,,,,,,
666.92,,0.9022341124,,,,,,,,,
666.94,,0.9018210993,,,,,,,,,
666.96,,0.9014079381,,,,,,,,,
666.98,,0.9009918662,,,,,,,,,
667,,0.9005623402,,,,,,,,,
667.02,,0.9001346373,,,,,,,,,
667.04,,0.8996965714,,,,,,,,,
667.06,,0.8992522429,,,,,,,,,
667.08,,0.898809659,,,,,,,,,
667.1,,0.898348485,,,,,,,,,
667.12,,0.8978878346,,,,,,,,,
667.14,,0.8974217052,,,,,,,,,
667.16,,0.8969423028,,,,,,,,,
667.18,,0.8964629539,,,,,,,,,
667.2,,0.8959695756,,,,,,,,,
667.22,,0.8954689387,,,,,,,,,
667.24,,0.8949662899,,,,,,,,,
667.26,,0.8944417003,,,,,,,,,
667.28,,0.8939143343,,,,,,,,,
667.3,,0.8933753199,,,,,,,,,
667.32,,0.892819503,,,,,,,,,
667.34,,0.8922578753,,,,,,,,,
667.36,,0.8916739672,,,,,,,,,
667.38,,0.8910771713,,,,,,,,,
667.4,,0.8904686781,,,,,,,,,
667.42,,0.8898315393,,,,,,,,,
667.44,,0.8891822947,,,,,,,,,
667.46,,0.8885100359,,,,,,,,,
667.48,,0.8878127377,,,,,,,,,
667.5,,0.8870995194,,,,,,,,,
667.52,,0.8863520719,,,,,,,,,
667.54,,0.8855836368,,,,,,,,,
667.56,,0.8847923479,,,,,,,,,
667.58,,0.8839657962,,,,,,,,,
667.6,,0.8831194191,,,,,,,,,
667.62,,0.8822417951,,,,,,,,,
667.64,,0.8813359445,,,,,,,,,
667.66,,0.8804107621,,,,,,,,,
667.68,,0.8794474552,,,,,,,,,
667.7,,0.8784647436,,,,,,,,,
667.72,,0.8774585607,,,,,,,,,
667.74,,0.8764218783,,,,,,,,,
667.76,,0.8753692882,,,,,,,,,
667.78,,0.8742884756,,,,,,,,,
667.8,,0.8731870187,,,,,,,,,
667.82,,0.8720713942,,,,,,,,,
667.84,,0.8709233328,,,,,,,,,
667.86,,0.8697623461,,,,,,,,,
667.88,,0.8685804733,,,,,,,,,
667.9,,0.8673735204,,,,,,,,,
667.92,,0.8661524074,,,,,,,,,
667.94,,0.8649008919,,,,,,,,,
667.96,,0.8636285926,,,,,,,,,
667.98,,0.8623356586,,,,,,,,,
668,,0.8610060886,,,,,,,,,
668.02,,0.8596546795,,,,,,,,,
668.04,,0.8582695515,,,,,,,,,
668.06,,0.8568489019,,,,,,,,,
668.08,,0.8554000286,,,,,,,,,
668.1,,0.853903213,,,,,,,,,
668.12,,0.8523715508,,,,,,,,,
668.14,,0.8508004559,,,,,,,,,
668.16,,0.8491784091,,,,,,,,,
668.18,,0.8475179931,,,,,,,,,
668.2,,0.8458059208,,,,,,,,,
668.22,,0.8440456411,,,,,,,,,
668.24,,0.8422433937,,,,,,,,,
668.26,,0.8403786795,,,,,,,,,
668.28,,0.8384701069,,,,,,,,,
668.3,,0.8365101965,,,,,,,,,
668.32,,0.8344933536,,,,,,,,,
668.34,,0.8324309735,,,,,,,,,
668.36,,0.8303086456,,,,,,,,,
668.38,,0.8281352116,,,,,,,,,
668.4,,0.8259130127,,,,,,,,,
668.42,,0.8236270828,,,,,,,,,
668.44,,0.8212933832,,,,,,,,,
668.46,,0.8189025192,,,,,,,,,
668.48,,0.8164534199,,,,,,,,,
668.5,,0.8139549345,,,,,,,,,
668.52,,0.8113899109,,,,,,,,,
668.54,,0.8087714418,,,,,,,,,
668.56,,0.8060968078,,,,,,,,,
668.58,,0.8033556,,,,,,,,,
668.6,,0.8005606166,,,,,,,,,
668.62,,0.7977000135,,,,,,,,,
668.64,,0.7947771534,,,,,,,,,
668.66,,0.7917983003,,,,,,,,,
668.68,,0.7887444323,,,,,,,,,
668.7,,0.7856328255,,,,,,,,,
668.72,,0.7824565324,,,,,,,,,
668.74,,0.7792103499,,,,,,,,,
668.76,,0.7759048789,,,,,,,,,
668.78,,0.772526451,,,,,,,,,
668.8,,0.7690836973,,,,,,,,,
668.82,,0.7655786222,,,,,,,,,
668.84,,0.7619981671,,,,,,,,,
668.86,,0.7583571058,,,,,,,,,
668.88,,0.7546470404,,,,,,,,,
668.9,,0.7508681603,,,,,,,,,
668.92,,0.7470291918,,,,,,,,,
668.94,,0.7431144729,,,,,,,,,
668.96,,0.7391378622,,,,,,,,,
668.98,,0.735096945,,,,,,,,,
669,,0.7309840755,,,,,,,,,
669.02,,0.7268113901,,,,,,,,,
669.04,,0.7225684599,,,,,,,,,
669.06,,0.7182603451,,,,,,,,,
669.08,,0.7138924933,,,,,,,,,
669.1,,0.7094500108,,,,,,,,,
669.12,,0.7049484036,,,,,,,,,
669.14,,0.7003817532,,,,,,,,,
669.16,,0.6957475149,,,,,,,,,
669.18,,0.6910555336,,,,,,,,,
669.2,,0.6862934322,,,,,,,,,
669.22,,0.6814715356,,,,,,,,,
669.24,,0.6765911482,,,,,,,,,
669.26,,0.6716434519,,,,,,,,,
669.28,,0.6666418679,,,,,,,,,
669.3,,0.6615794698,,,,,,,,,
669.32,,0.6564596144,,,,,,,,,
669.34,,0.6512910509,,,,,,,,,
669.36,,0.6460601997,,,,,,,,,
669.38,,0.6407833769,,,,,,,,,
669.4,,0.6354584409,,,,,,,,,
669.42,,0.6300826194,,,,,,,,,
669.44,,0.6246676782,,,,,,,,,
669.46,,0.6192053437,,,,,,,,,
669.48,,0.6137042701,,,,,,,,,
669.5,,0.6081691443,,,,,,,,,
669.52,,0.6025913405,,,,,,,,,
669.54,,0.5969848088,,,,,,,,,
669.56,,0.5913451696,,,,,,,,,
669.58,,0.5856740504,,,,,,,,,
669.6,,0.5799805028,,,,,,,,,
669.62,,0.5742534786,,,,,,,,,
669.64,,0.5685056029,,,,,,,,,
669.66,,0.5627364658,,,,,,,,,
669.68,,0.5569416492,,,,,,,,,
669.7,,0.5511318756,,,,,,,,,
669.72,,0.5453001969,,,,,,,,,
669.74,,0.5394522202,,,,,,,,,
669.76,,0.5335930865,,,,,,,,,
669.78,,0.5277136031,,,,,,,,,
669.8,,0.521826361,,,,,,,,,
669.82,,0.5159281838,,,,,,,,,
669.84,,0.5100193269,,,,,,,,,
669.86,,0.5041086022,,,,,,,,,
669.88,,0.4981874902,,,,,,,,,
669.9,,0.492266555,,,,,,,,,
669.92,,0.4863473635,,,,,,,,,
669.94,,0.4804260893,,,,,,,,,
669.96,,0.4745139329,,,,,,,,,
669.98,,0.4686065241,,,,,,,,,
670,,0.4627082797,,,,,,,,,
670.02,,0.4568256476,,,,,,,,,
670.04,,0.4509518651,,,,,,,,,
670.06,,0.4450997034,,,,,,,,,
670.08,,0.4392680076,,,,,,,,,
670.1,,0.4334570581,,,,,,,,,
670.12,,0.4276753631,,,,,,,,,
670.14,,0.4219162832,,,,,,,,,
670.16,,0.416188154,,,,,,,,,
670.18,,0.4104926837,,,,,,,,,
670.2,,0.4048255078,,,,,,,,,
670.22,,0.3991952633,,,,,,,,,
670.24,,0.3935975121,,,,,,,,,
670.26,,0.3880348355,,,,,,,,,
670.28,,0.3825117969,,,,,,,,,
670.3,,0.3770202978,,,,,,,,,
670.32,,0.3715692393,,,,,,,,,
670.34,,0.3661562368,,,,,,,,,
670.36,,0.3607797783,,,,,,,,,
670.38,,0.3554459292,,,,,,,,,
670.4,,0.3501481444,,,,,,,,,
670.42,,0.3448923636,,,,,,,,,
670.44,,0.3396796931,,,,,,,,,
670.46,,0.3345060218,,,,,,,,,
670.48,,0.329378584,,,,,,,,,
670.5,,0.3242939255,,,,,,,,,
670.52,,0.3192544273,,,,,,,,,
670.54,,0.3142644661,,,,,,,,,
670.56,,0.3093178663,,,,,,,,,
670.58,,0.3044225735,,,,,,,,,
670.6,,0.2995772041,,,,,,,,,
670.62,,0.2947809601,,,,,,,,,
670.64,,0.2900392437,,,,,,,,,
670.66,,0.2853467704,,,,,,,,,
670.68,,0.2807085395,,,,,,,,,
670.7,,0.2761252415,,,,,,,,,
670.72,,0.2715932279,,,,,,,,,
670.74,,0.2671179071,,,,,,,,,
670.76,,0.262695708,,,,,,,,,
670.78,,0.2583279596,,,,,,,,,
670.8,,0.2540172784,,,,,,,,,
670.82,,0.2497578978,,,,,,,,,
670.84,,0.2455553309,,,,,,,,,
670.86,,0.241407488,,,,,,,,,
670.88,,0.237313086,,,,,,,,,
670.9,,0.2332757241,,,,,,,,,
670.92,,0.2292902185,,,,,,,,,
670.94,,0.225360331,,,,,,,,,
670.96,,0.2214858478,,,,,,,,,
670.98,,0.2176635825,,,,,,,,,
671,,0.2138974274,,,,,,,,,
671.02,,0.2101839311,,,,,,,,,
671.04,,0.206524141,,,,,,,,,
671.06,,0.2029195721,,,,,,,,,
671.08,,0.1993655185,,,,,,,,,
671.1,,0.195865979,,,,,,,,,
671.12,,0.1924187562,,,,,,,,,
671.14,,0.1890228031,,,,,,,,,
671.16,,0.1856805897,,,,,,,,,
671.18,,0.1823873475,,,,,,,,,
671.2,,0.1791462437,,,,,,,,,
671.22,,0.1759564832,,,,,,,,,
671.24,,0.1728156198,,,,,,,,,
671.26,,0.1697264968,,,,,,,,,
671.28,,0.1666859741,,,,,,,,,
671.3,,0.1636952505,,,,,,,,,
671.32,,0.16075517,,,,,,,,,
671.34,,0.1578623222,,,,,,,,,
671.36,,0.1550198178,,,,,,,,,
671.38,,0.1522257143,,,,,,,,,
671.4,,0.1494796099,,,,,,,,,
671.42,,0.1467833535,,,,,,,,,
671.44,,0.1441327651,,,,,,,,,
671.46,,0.141530772,,,,,,,,,
671.48,,0.1389761151,,,,,,,,,
671.5,,0.1364669411,,,,,,,,,
671.52,,0.1340050137,,,,,,,,,
671.54,,0.1315870702,,,,,,,,,
671.56,,0.1292139926,,,,,,,,,
671.58,,0.1268854285,,,,,,,,,
671.6,,0.1245983401,,,,,,,,,
671.62,,0.1223543365,,,,,,,,,
671.64,,0.1201508531,,,,,,,,,
671.66,,0.1179872434,,,,,,,,,
671.68,,0.1158638918,,,,,,,,,
671.7,,0.113777001,,,,,,,,,
671.72,,0.1117281996,,,,,,,,,
671.74,,0.1097156316,,,,,,,,,
671.76,,0.10773772,,,,,,,,,
671.78,,0.1057953272,,,,,,,,,
671.8,,0.1038852639,,,,,,,,,
671.82,,0.1020085533,,,,,,,,,
671.84,,0.1001644563,,,,,,,,,
671.86,,0.09835101155,,,,,,,,,
671.88,,0.09656957143,,,,,,,,,
671.9,,0.09481815541,,,,,,,,,
671.92,,0.0930971341,,,,,,,,,
671.94,,0.09140697135,,,,,,,,,
671.96,,0.08974560842,,,,,,,,,
671.98,,0.08811487671,,,,,,,,,
672,,0.08651377027,,,,,,,,,
672.02,,0.08494215135,,,,,,,,,
672.04,,0.08340126316,,,,,,,,,
672.06,,0.08188890683,,,,,,,,,
672.08,,0.08040695855,,,,,,,,,
672.1,,0.07895488053,,,,,,,,,
672.12,,0.07753181833,,,,,,,,,
672.14,,0.0761389208,,,,,,,,,
672.16,,0.07477438081,,,,,,,,,
672.18,,0.07343881964,,,,,,,,,
672.2,,0.0721319513,,,,,,,,,
672.22,,0.0708520303,,,,,,,,,
672.24,,0.06959980656,,,,,,,,,
672.26,,0.06837352741,,,,,,,,,
672.28,,0.06717266397,,,,,,,,,
672.3,,0.06599699885,,,,,,,,,
672.32,,0.06484408577,,,,,,,,,
672.34,,0.06371440853,,,,,,,,,
672.36,,0.06260637962,,,,,,,,,
672.38,,0.0615187928,,,,,,,,,
672.4,,0.06045164352,,,,,,,,,
672.42,,0.0594025404,,,,,,,,,
672.44,,0.05837185213,,,,,,,,,
672.46,,0.05735858694,,,,,,,,,
672.48,,0.05636143325,,,,,,,,,
672.5,,0.05538080624,,,,,,,,,
672.52,,0.05441518133,,,,,,,,,
672.54,,0.05346479113,,,,,,,,,
672.56,,0.05252957246,,,,,,,,,
672.58,,0.05160843703,,,,,,,,,
672.6,,0.05070235605,,,,,,,,,
672.62,,0.04981065515,,,,,,,,,
672.64,,0.048933575,,,,,,,,,
672.66,,0.04807180124,,,,,,,,,
672.68,,0.04722439422,,,,,,,,,
672.7,,0.04639264724,,,,,,,,,
672.72,,0.04557636724,,,,,,,,,
672.74,,0.04477556951,,,,,,,,,
672.76,,0.04399114053,,,,,,,,,
672.78,,0.04322215768,,,,,,,,,
672.8,,0.04246955748,,,,,,,,,
672.82,,0.04173320374,,,,,,,,,
672.84,,0.04101255276,,,,,,,,,
672.86,,0.04030818202,,,,,,,,,
672.88,,0.03961908635,,,,,,,,,
672.9,,0.03894538024,,,,,,,,,
672.92,,0.03828680743,,,,,,,,,
672.94,,0.03764222625,,,,,,,,,
672.96,,0.03701187356,,,,,,,,,
672.98,,0.0363946665,,,,,,,,,
673,,0.03579013873,,,,,,,,,
673.02,,0.03519806186,,,,,,,,,
673.04,,0.03461702026,,,,,,,,,
673.06,,0.03404720975,,,,,,,,,
673.08,,0.03348774167,,,,,,,,,
673.1,,0.03293796561,,,,,,,,,
673.12,,0.03239788628,,,,,,,,,
673.14,,0.03186624,,,,,,,,,
673.16,,0.03134326638,,,,,,,,,
673.18,,0.03082842633,,,,,,,,,
673.2,,0.0303210426,,,,,,,,,
673.22,,0.02982129503,,,,,,,,,
673.24,,0.029328271,,,,,,,,,
673.26,,0.02884202984,,,,,,,,,
673.28,,0.02836233903,,,,,,,,,
673.3,,0.02788846351,,,,,,,,,
673.32,,0.02742067665,,,,,,,,,
673.34,,0.02695831915,,,,,,,,,
673.36,,0.02650130643,,,,,,,,,
673.38,,0.02604966991,,,,,,,,,
673.4,,0.02560269287,,,,,,,,,
673.42,,0.025160806,,,,,,,,,
673.44,,0.02472366111,,,,,,,,,
673.46,,0.02429118935,,,,,,,,,
673.48,,0.02386375631,,,,,,,,,
673.5,,0.02344079009,,,,,,,,,
673.52,,0.02302294777,,,,,,,,,
673.54,,0.0226102032,,,,,,,,,
673.56,,0.02220254735,,,,,,,,,
673.58,,0.02180053874,,,,,,,,,
673.6,,0.02140390354,,,,,,,,,
673.62,,0.02101319746,,,,,,,,,
673.64,,0.02062862433,,,,,,,,,
673.66,,0.02025012034,,,,,,,,,
673.68,,0.01987828158,,,,,,,,,
673.7,,0.01951297532,,,,,,,,,
673.72,,0.01915459587,,,,,,,,,
673.74,,0.01880347718,,,,,,,,,
673.76,,0.01845950321,,,,,,,,,
673.78,,0.01812332077,,,,,,,,,
673.8,,0.01779496382,,,,,,,,,
673.82,,0.01747478249,,,,,,,,,
673.84,,0.01716330256,,,,,,,,,
673.86,,0.01686045931,,,,,,,,,
673.88,,0.01656701015,,,,,,,,,
673.9,,0.01628315225,,,,,,,,,
673.92,,0.01600918611,,,,,,,,,
673.94,,0.01574568964,,,,,,,,,
673.96,,0.01549253094,,,,,,,,,
673.98,,0.01525028309,,,,,,,,,
674,,0.01501898647,,,,,,,,,
674.02,,0.01479854436,,,,,,,,,
674.04,,0.01458913691,,,,,,,,,
674.06,,0.01439024181,,,,,,,,,
674.08,,0.01420175442,,,,,,,,,
674.1,,0.01402320536,,,,,,,,,
674.12,,0.0138538128,,,,,,,,,
674.14,,0.01369313922,,,,,,,,,
674.16,,0.01354013977,,,,,,,,,
674.18,,0.01339406163,,,,,,,,,
674.2,,0.01325403541,,,,,,,,,
674.22,,0.01311885702,,,,,,,,,
674.24,,0.01298783739,,,,,,,,,
674.26,,0.01285986169,,,,,,,,,
674.28,,0.01273409972,,,,,,,,,
674.3,,0.01260987812,,,,,,,,,
674.32,,0.01248622028,,,,,,,,,
674.34,,0.01236283214,,,,,,,,,
674.36,,0.01223913817,,,,,,,,,
674.38,,0.01211481784,,,,,,,,,
674.4,,0.01198987528,,,,,,,,,
674.42,,0.01186399002,,,,,,,,,
674.44,,0.0117375381,,,,,,,,,
674.46,,0.01161065478,,,,,,,,,
674.48,,0.01148359013,,,,,,,,,
674.5,,0.01135692331,,,,,,,,,
674.52,,0.01123087073,,,,,,,,,
674.54,,0.01110611342,,,,,,,,,
674.56,,0.01098312457,,,,,,,,,
674.58,,0.01086227077,,,,,,,,,
674.6,,0.01074419302,,,,,,,,,
674.62,,0.01062909317,,,,,,,,,
674.64,,0.01051742346,,,,,,,,,
674.66,,0.01040945779,,,,,,,,,
674.68,,0.010305197,,,,,,,,,
674.7,,0.01020491498,,,,,,,,,
674.72,,0.01010843895,,,,,,,,,
674.74,,0.01001573764,,,,,,,,,
674.76,,0.009926709921,,,,,,,,,
674.78,,0.009840927316,,,,,,,,,
674.8,,0.009758324567,,,,,,,,,
674.82,,0.009678468516,,,,,,,,,
674.84,,0.009601054008,,,,,,,,,
674.86,,0.009525866428,,,,,,,,,
674.88,,0.009452370386,,,,,,,,,
674.9,,0.009380509326,,,,,,,,,
674.92,,0.009309944357,,,,,,,,,
674.94,,0.009240455325,,,,,,,,,
674.96,,0.0091720224,,,,,,,,,
674.98,,0.00910432868,,,,,,,,,
675,,0.009037518023,,,,,,,,,
675.02,,0.008971520535,,,,,,,,,
675.04,,0.008906304259,,,,,,,,,
675.06,,0.008842061279,,,,,,,,,
675.08,,0.008778678872,,,,,,,,,
675.1,,0.008716378488,,,,,,,,,
675.12,,0.008655211503,,,,,,,,,
675.14,,0.008595145051,,,,,,,,,
675.16,,0.00853636227,,,,,,,,,
675.18,,0.008478714744,,,,,,,,,
675.2,,0.008422272717,,,,,,,,,
675.22,,0.008366982188,,,,,,,,,
675.24,,0.008312615578,,,,,,,,,
675.26,,0.008259186002,,,,,,,,,
675.28,,0.008206389403,,,,,,,,,
675.3,,0.008154085377,,,,,,,,,
675.32,,0.008102101487,,,,,,,,,
675.34,,0.0080500661,,,,,,,,,
675.36,,0.007997925408,,,,,,,,,
675.38,,0.007945371577,,,,,,,,,
675.4,,0.007892258819,,,,,,,,,
675.42,,0.007838529214,,,,,,,,,
675.44,,0.007783930627,,,,,,,,,
675.46,,0.007728614437,,,,,,,,,
675.48,,0.007672534573,,,,,,,,,
675.5,,0.007615794159,,,,,,,,,
675.52,,0.007558660911,,,,,,,,,
675.54,,0.007501177294,,,,,,,,,
675.56,,0.007443801675,,,,,,,,,
675.58,,0.007386786132,,,,,,,,,
675.6,,0.007330447925,,,,,,,,,
675.62,,0.00727525006,,,,,,,,,
675.64,,0.007221379944,,,,,,,,,
675.66,,0.007169308965,,,,,,,,,
675.68,,0.007119287918,,,,,,,,,
675.7,,0.007071501813,,,,,,,,,
675.72,,0.007026238552,,,,,,,,,
675.74,,0.006983457156,,,,,,,,,
675.76,,0.006943292711,,,,,,,,,
675.78,,0.006905675952,,,,,,,,,
675.8,,0.006870398321,,,,,,,,,
675.82,,0.006837372439,,,,,,,,,
675.84,,0.00680620045,,,,,,,,,
675.86,,0.006776631843,,,,,,,,,
675.88,,0.00674829687,,,,,,,,,
675.9,,0.006720685808,,,,,,,,,
675.92,,0.006693483393,,,,,,,,,
675.94,,0.006666129974,,,,,,,,,
675.96,,0.006638222826,,,,,,,,,
675.98,,0.006609342951,,,,,,,,,
676,,0.00657894657,,,,,,,,,
676.02,,0.006546755432,,,,,,,,,
676.04,,0.006512307634,,,,,,,,,
676.06,,0.006475302164,,,,,,,,,
676.08,,0.006435508575,,,,,,,,,
676.1,,0.006392579734,,,,,,,,,
676.12,,0.00634649242,,,,,,,,,
676.14,,0.006297090491,,,,,,,,,
676.16,,0.006244379582,,,,,,,,,
676.18,,0.0061885092,,,,,,,,,
676.2,,0.006129511712,,,,,,,,,
676.22,,0.006067783893,,,,,,,,,
676.24,,0.006003612733,,,,,,,,,
676.26,,0.005937418465,,,,,,,,,
676.28,,0.005869785211,,,,,,,,,
676.3,,0.005801137416,,,,,,,,,
676.32,,0.005732219599,,,,,,,,,
676.34,,0.005663624676,,,,,,,,,
676.36,,0.005595973867,,,,,,,,,
676.38,,0.00552998453,,,,,,,,,
676.4,,0.00546612497,,,,,,,,,
676.42,,0.005405043103,,,,,,,,,
676.44,,0.005347168358,,,,,,,,,
676.46,,0.00529282598,,,,,,,,,
676.48,,0.005242362669,,,,,,,,,
676.5,,0.005195808303,,,,,,,,,
676.52,,0.005153278679,,,,,,,,,
676.54,,0.005114667094,,,,,,,,,
676.56,,0.005079719125,,,,,,,,,
676.58,,0.005048221079,,,,,,,,,
676.6,,0.005019681556,,,,,,,,,
676.62,,0.004993709217,,,,,,,,,
676.64,,0.004969784906,,,,,,,,,
676.66,,0.004947293358,,,,,,,,,
676.68,,0.004925751535,,,,,,,,,
676.7,,0.004904496991,,,,,,,,,
676.72,,0.004883021174,,,,,,,,,
676.74,,0.004860797734,,,,,,,,,
676.76,,0.004837258859,,,,,,,,,
676.78,,0.004812041357,,,,,,,,,
676.8,,0.00478467214,,,,,,,,,
676.82,,0.004754850851,,,,,,,,,
676.84,,0.004722323975,,,,,,,,,
676.86,,0.004686809507,,,,,,,,,
676.88,,0.004648258807,,,,,,,,,
676.9,,0.004606541975,,,,,,,,,
676.92,,0.004561688937,,,,,,,,,
676.94,,0.004513807113,,,,,,,,,
676.96,,0.004462962108,,,,,,,,,
676.98,,0.004409456411,,,,,,,,,
677,,0.004353512453,,,,,,,,,
677.02,,0.004295477619,,,,,,,,,
677.04,,0.004235776245,,,,,,,,,
677.06,,0.004174748185,,,,,,,,,
677.08,,0.00411294017,,,,,,,,,
677.1,,0.004050781886,,,,,,,,,
677.12,,0.003988759846,,,,,,,,,
677.14,,0.003927397421,,,,,,,,,
677.16,,0.003867060132,,,,,,,,,
677.18,,0.003808261202,,,,,,,,,
677.2,,0.003751338009,,,,,,,,,
677.22,,0.003696607923,,,,,,,,,
677.24,,0.003644380057,,,,,,,,,
677.26,,0.003594745768,,,,,,,,,
677.28,,0.003547903067,,,,,,,,,
677.3,,0.003503847373,,,,,,,,,
677.32,,0.00346252097,,,,,,,,,
677.34,,0.00342385709,,,,,,,,,
677.36,,0.003387577313,,,,,,,,,
677.38,,0.003353515816,,,,,,,,,
677.4,,0.003321346085,,,,,,,,,
677.42,,0.003290716825,,,,,,,,,
677.44,,0.003261320447,,,,,,,,,
677.46,,0.003232706561,,,,,,,,,
677.48,,0.003204577828,,,,,,,,,
677.5,,0.003176562096,,,,,,,,,
677.52,,0.003148318115,,,,,,,,,
677.54,,0.0031196149,,,,,,,,,
677.56,,0.00309015011,,,,,,,,,
677.58,,0.003059807439,,,,,,,,,
677.6,,0.003028456414,,,,,,,,,
677.62,,0.002996020152,,,,,,,,,
677.64,,0.002962552168,,,,,,,,,
677.66,,0.002928049595,,,,,,,,,
677.68,,0.002892669527,,,,,,,,,
677.7,,0.00285654709,,,,,,,,,
677.72,,0.00281982747,,,,,,,,,
677.74,,0.002782741244,,,,,,,,,
677.76,,0.002745416281,,,,,,,,,
677.78,,0.002708064842,,,,,,,,,
677.8,,0.002670827467,,,,,,,,,
677.82,,0.002633784526,,,,,,,,,
677.84,,0.002597044381,,,,,,,,,
677.86,,0.002560569187,,,,,,,,,
677.88,,0.002524350471,,,,,,,,,
677.9,,0.002488292134,,,,,,,,,
677.92,,0.002452217418,,,,,,,,,
677.94,,0.002415980332,,,,,,,,,
677.96,,0.002379315117,,,,,,,,,
677.98,,0.002342007902,,,,,,,,,
678,,0.002303818184,,,,,,,,,
678.02,,0.002264483236,,,,,,,,,
678.04,,0.002223844303,,,,,,,,,
678.06,,0.002181710432,,,,,,,,,
678.08,,0.002138016226,,,,,,,,,
678.1,,0.002092759219,,,,,,,,,
678.12,,0.002045987953,,,,,,,,,
678.14,,0.001997918401,,,,,,,,,
678.16,,0.001948789267,,,,,,,,,
678.18,,0.001898989933,,,,,,,,,
678.2,,0.001848986186,,,,,,,,,
678.22,,0.001799281393,,,,,,,,,
678.24,,0.001750507771,,,,,,,,,
678.26,,0.001703263815,,,,,,,,,
678.28,,0.001658216328,,,,,,,,,
678.3,,0.001616012198,,,,,,,,,
678.32,,0.001577228303,,,,,,,,,
678.34,,0.001542451928,,,,,,,,,
678.36,,0.00151212069,,,,,,,,,
678.38,,0.001486626388,,,,,,,,,
678.4,,0.001466236141,,,,,,,,,
678.42,,0.001451061467,,,,,,,,,
678.44,,0.001441151545,,,,,,,,,
678.46,,0.001436360511,,,,,,,,,
678.48,,0.00143647117,,,,,,,,,
678.5,,0.001441139051,,,,,,,,,
678.52,,0.001449889536,,,,,,,,,
678.54,,0.00146222261,,,,,,,,,
678.56,,0.001477506666,,,,,,,,,
678.58,,0.001495108853,,,,,,,,,
678.6,,0.00151435063,,,,,,,,,
678.62,,0.001534515355,,,,,,,,,
678.64,,0.001554944889,,,,,,,,,
678.66,,0.00157494399,,,,,,,,,
678.68,,0.001593896962,,,,,,,,,
678.7,,0.00161122249,,,,,,,,,
678.72,,0.001626376516,,,,,,,,,
678.74,,0.001638934015,,,,,,,,,
678.76,,0.001648496109,,,,,,,,,
678.78,,0.001654790798,,,,,,,,,
678.8,,0.001657626885,,,,,,,,,
678.82,,0.001656889001,,,,,,,,,
678.84,,0.00165261089,,,,,,,,,
678.86,,0.001644878953,,,,,,,,,
678.88,,0.001633921404,,,,,,,,,
678.9,,0.001620056026,,,,,,,,,
678.92,,0.001603671104,,,,,,,,,
678.94,,0.001585289403,,,,,,,,,
678.96,,0.001565453612,,,,,,,,,
678.98,,0.001544802868,,,,,,,,,
679,,0.001524003153,,,,,,,,,
679.02,,0.00150371026,,,,,,,,,
679.04,,0.001484624196,,,,,,,,,
679.06,,0.001467355638,,,,,,,,,
679.08,,0.001452499934,,,,,,,,,
679.1,,0.00144055924,,,,,,,,,
679.12,,0.001431907039,,,,,,,,,
679.14,,0.001426851673,,,,,,,,,
679.16,,0.001425511018,,,,,,,,,
679.18,,0.001427908913,,,,,,,,,
679.2,,0.001433916047,,,,,,,,,
679.22,,0.001443243784,,,,,,,,,
679.24,,0.001455534009,,,,,,,,,
679.26,,0.001470264619,,,,,,,,,
679.28,,0.001486874362,,,,,,,,,
679.3,,0.00150472768,,,,,,,,,
679.32,,0.001523134444,,,,,,,,,
679.34,,0.001541449858,,,,,,,,,
679.36,,0.001558996428,,,,,,,,,
679.38,,0.001575188099,,,,,,,,,
679.4,,0.001589492014,,,,,,,,,
679.42,,0.001601442009,,,,,,,,,
679.44,,0.00161071557,,,,,,,,,
679.46,,0.001617043381,,,,,,,,,
679.48,,0.001620304359,,,,,,,,,
679.5,,0.001620464306,,,,,,,,,
679.52,,0.001617565515,,,,,,,,,
679.54,,0.001611775099,,,,,,,,,
679.56,,0.001603278536,,,,,,,,,
679.58,,0.001592352868,,,,,,,,,
679.6,,0.001579294843,,,,,,,,,
679.62,,0.001564401254,,,,,,,,,
679.64,,0.001548013549,,,,,,,,,
679.66,,0.001530414179,,,,,,,,,
679.68,,0.001511904262,,,,,,,,,
679.7,,0.001492742253,,,,,,,,,
679.72,,0.001473133934,,,,,,,,,
679.74,,0.001453291312,,,,,,,,,
679.76,,0.001433341074,,,,,,,,,
679.78,,0.001413416148,,,,,,,,,
679.8,,0.001393605095,,,,,,,,,
679.82,,0.001373951864,,,,,,,,,
679.84,,0.001354521853,,,,,,,,,
679.86,,0.001335315188,,,,,,,,,
679.88,,0.001316362744,,,,,,,,,
679.9,,0.001297673677,,,,,,,,,
679.92,,0.001279237659,,,,,,,,,
679.94,,0.001261084876,,,,,,,,,
679.96,,0.001243199189,,,,,,,,,
679.98,,0.001225611601,,,,,,,,,
680,,0.001208340057,,,,,,,,,
680.02,,0.001191395047,,,,,,,,,
680.04,,0.001174831024,,,,,,,,,
680.06,,0.001158661441,,,,,,,,,
680.08,,0.001142949511,,,,,,,,,
680.1,,0.001127743054,,,,,,,,,
680.12,,0.001113086398,,,,,,,,,
680.14,,0.001099060713,,,,,,,,,
680.16,,0.001085704059,,,,,,,,,
680.18,,0.001073101627,,,,,,,,,
680.2,,0.001061313381,,,,,,,,,
680.22,,0.001050392006,,,,,,,,,
680.24,,0.001040412686,,,,,,,,,
680.26,,0.001031397762,,,,,,,,,
680.28,,0.001023405225,,,,,,,,,
680.3,,0.001016450588,,,,,,,,,
680.32,,0.00101053279,,,,,,,,,
680.34,,0.001005655338,,,,,,,,,
680.36,,0.001001758729,,,,,,,,,
680.38,,0.00099881012,,,,,,,,,
680.4,,0.0009967240416,,,,,,,,,
680.42,,0.0009953989439,,,,,,,,,
680.44,,0.000994733764,,,,,,,,,
680.46,,0.0009945708671,,,,,,,,,
680.48,,0.0009947881323,,,,,,,,,
680.5,,0.0009952208123,,,,,,,,,
680.52,,0.0009957073511,,,,,,,,,
680.54,,0.0009961015963,,,,,,,,,
680.56,,0.0009962236171,,,,,,,,,
680.58,,0.0009959516787,,,,,,,,,
680.6,,0.0009951424707,,,,,,,,,
680.62,,0.0009936817878,,,,,,,,,
680.64,,0.0009914889082,,,,,,,,,
680.66,,0.0009884747019,,,,,,,,,
680.68,,0.0009846223131,,,,,,,,,
680.7,,0.0009799103015,,,,,,,,,
680.72,,0.000974360869,,,,,,,,,
680.74,,0.0009680347753,,,,,,,,,
680.76,,0.0009609928253,,,,,,,,,
680.78,,0.0009533641121,,,,,,,,,
680.8,,0.0009452681793,,,,,,,,,
680.82,,0.0009368592427,,,,,,,,,
680.84,,0.0009283095608,,,,,,,,,
680.86,,0.0009197722585,,,,,,,,,
680.88,,0.0009114369548,,,,,,,,,
680.9,,0.0009034506772,,,,,,,,,
680.92,,0.0008959594144,,,,,,,,,
680.94,,0.0008890832756,,,,,,,,,
680.96,,0.0008828851417,,,,,,,,,
680.98,,0.0008774197053,,,,,,,,,
681,,0.0008726624612,,,,,,,,,
681.02,,0.0008685568462,,,,,,,,,
681.04,,0.0008649933215,,,,,,,,,
681.06,,0.0008617944963,,,,,,,,,
681.08,,0.0008587684397,,,,,,,,,
681.1,,0.000855656787,,,,,,,,,
681.12,,0.0008521944714,,,,,,,,,
681.14,,0.0008480994197,,,,,,,,,
681.16,,0.0008430756691,,,,,,,,,
681.18,,0.0008368701097,,,,,,,,,
681.2,,0.0008292334757,,,,,,,,,
681.22,,0.0008199841393,,,,,,,,,
681.24,,0.0008089944371,,,,,,,,,
681.26,,0.0007961962271,,,,,,,,,
681.28,,0.0007816236832,,,,,,,,,
681.3,,0.0007653660634,,,,,,,,,
681.32,,0.0007476198705,,,,,,,,,
681.34,,0.0007286511101,,,,,,,,,
681.36,,0.0007087907143,,,,,,,,,
681.38,,0.0006884516238,,,,,,,,,
681.4,,0.0006680645664,,,,,,,,,
681.42,,0.0006481197165,,,,,,,,,
681.44,,0.0006291034165,,,,,,,,,
681.46,,0.0006114938835,,,,,,,,,
681.48,,0.0005957621998,,,,,,,,,
681.5,,0.0005823061786,,,,,,,,,
681.52,,0.0005715005944,,,,,,,,,
681.54,,0.0005636252035,,,,,,,,,
681.56,,0.0005588830895,,,,,,,,,
681.58,,0.0005574024117,,,,,,,,,
681.6,,0.0005591886602,,,,,,,,,
681.62,,0.0005641977468,,,,,,,,,
681.64,,0.0005722689101,,,,,,,,,
681.66,,0.0005831763148,,,,,,,,,
681.68,,0.0005966343956,,,,,,,,,
681.7,,0.0006122794032,,,,,,,,,
681.72,,0.0006297497998,,,,,,,,,
681.74,,0.0006486319503,,,,,,,,,
681.76,,0.0006685303782,,,,,,,,,
681.78,,0.000689064471,,,,,,,,,
681.8,,0.0007098684221,,,,,,,,,
681.82,,0.0007306569478,,,,,,,,,
681.84,,0.0007511702504,,,,,,,,,
681.86,,0.0007712418549,,,,,,,,,
681.88,,0.0007907680713,,,,,,,,,
681.9,,0.0008097088295,,,,,,,,,
681.92,,0.00082812254,,,,,,,,,
681.94,,0.000846097271,,,,,,,,,
681.96,,0.0008638063411,,,,,,,,,
681.98,,0.0008814456948,,,,,,,,,
682,,0.0008992337308,,,,,,,,,
682.02,,0.0009174205188,,,,,,,,,
682.04,,0.0009362130037,,,,,,,,,
682.06,,0.0009558316253,,,,,,,,,
682.08,,0.0009764329731,,,,,,,,,
682.1,,0.000998126651,,,,,,,,,
682.12,,0.001020980975,,,,,,,,,
682.14,,0.001044962705,,,,,,,,,
682.16,,0.001070014937,,,,,,,,,
682.18,,0.001095983347,,,,,,,,,
682.2,,0.001122663602,,,,,,,,,
682.22,,0.001149813956,,,,,,,,,
682.24,,0.001177114735,,,,,,,,,
682.26,,0.001204266856,,,,,,,,,
682.28,,0.00123091725,,,,,,,,,
682.3,,0.001256726392,,,,,,,,,
682.32,,0.001281374623,,,,,,,,,
682.34,,0.00130452554,,,,,,,,,
682.36,,0.001325927016,,,,,,,,,
682.38,,0.001345319102,,,,,,,,,
682.4,,0.001362504212,,,,,,,,,
682.42,,0.001377332586,,,,,,,,,
682.44,,0.001389665924,,,,,,,,,
682.46,,0.001399458301,,,,,,,,,
682.48,,0.00140665963,,,,,,,,,
682.5,,0.001411281147,,,,,,,,,
682.52,,0.001413366811,,,,,,,,,
682.54,,0.001412964837,,,,,,,,,
682.56,,0.001410195488,,,,,,,,,
682.58,,0.00140516169,,,,,,,,,
682.6,,0.001398019682,,,,,,,,,
682.62,,0.001388943404,,,,,,,,,
682.64,,0.001378109492,,,,,,,,,
682.66,,0.001365758285,,,,,,,,,
682.68,,0.001352107605,,,,,,,,,
682.7,,0.001337432468,,,,,,,,,
682.72,,0.001322012879,,,,,,,,,
682.74,,0.001306130341,,,,,,,,,
682.76,,0.001290114198,,,,,,,,,
682.78,,0.001274250523,,,,,,,,,
682.8,,0.001258870148,,,,,,,,,
682.82,,0.0012442697,,,,,,,,,
682.84,,0.001230724278,,,,,,,,,
682.86,,0.001218515067,,,,,,,,,
682.88,,0.001207839116,,,,,,,,,
682.9,,0.001198912626,,,,,,,,,
682.92,,0.001191869125,,,,,,,,,
682.94,,0.001186802459,,,,,,,,,
682.96,,0.00118377976,,,,,,,,,
682.98,,0.001182766371,,,,,,,,,
683,,0.001183749709,,,,,,,,,
683.02,,0.001186622386,,,,,,,,,
683.04,,0.001191262089,,,,,,,,,
683.06,,0.001197525846,,,,,,,,,
683.08,,0.001205209837,,,,,,,,,
683.1,,0.00121415602,,,,,,,,,
683.12,,0.001224149187,,,,,,,,,
683.14,,0.001235010245,,,,,,,,,
683.16,,0.001246565336,,,,,,,,,
683.18,,0.001258632769,,,,,,,,,
683.2,,0.001271099182,,,,,,,,,
683.22,,0.001283823008,,,,,,,,,
683.24,,0.001296728984,,,,,,,,,
683.26,,0.001309745114,,,,,,,,,
683.28,,0.001322808698,,,,,,,,,
683.3,,0.00133590706,,,,,,,,,
683.32,,0.001348985969,,,,,,,,,
683.34,,0.001362043068,,,,,,,,,
683.36,,0.001375038708,,,,,,,,,
683.38,,0.001387922965,,,,,,,,,
683.4,,0.001400651771,,,,,,,,,
683.42,,0.001413108634,,,,,,,,,
683.44,,0.001425207781,,,,,,,,,
683.46,,0.001436793454,,,,,,,,,
683.48,,0.001447696213,,,,,,,,,
683.5,,0.001457739525,,,,,,,,,
683.52,,0.001466682811,,,,,,,,,
683.54,,0.001474339289,,,,,,,,,
683.56,,0.001480471715,,,,,,,,,
683.58,,0.00148487506,,,,,,,,,
683.6,,0.001487370729,,,,,,,,,
683.62,,0.001487775925,,,,,,,,,
683.64,,0.001486000081,,,,,,,,,
683.66,,0.001481951913,,,,,,,,,
683.68,,0.00147562143,,,,,,,,,
683.7,,0.001467050007,,,,,,,,,
683.72,,0.001456309991,,,,,,,,,
683.74,,0.001443570329,,,,,,,,,
683.76,,0.001428999724,,,,,,,,,
683.78,,0.001412844437,,,,,,,,,
683.8,,0.001395367113,,,,,,,,,
683.82,,0.001376837126,,,,,,,,,
683.84,,0.001357570188,,,,,,,,,
683.86,,0.001337831242,,,,,,,,,
683.88,,0.001317922754,,,,,,,,,
683.9,,0.001298100025,,,,,,,,,
683.92,,0.001278589533,,,,,,,,,
683.94,,0.001259615513,,,,,,,,,
683.96,,0.001241315386,,,,,,,,,
683.98,,0.00122385491,,,,,,,,,
684,,0.001207325091,,,,,,,,,
684.02,,0.001191801424,,,,,,,,,
684.04,,0.00117735427,,,,,,,,,
684.06,,0.001163994681,,,,,,,,,
684.08,,0.001151784099,,,,,,,,,
684.1,,0.001140733432,,,,,,,,,
684.12,,0.001130883824,,,,,,,,,
684.14,,0.001122286117,,,,,,,,,
684.16,,0.001114974404,,,,,,,,,
684.18,,0.001109043596,,,,,,,,,
684.2,,0.001104549646,,,,,,,,,
684.22,,0.001101596581,,,,,,,,,
684.24,,0.001100274629,,,,,,,,,
684.26,,0.001100659507,,,,,,,,,
684.28,,0.001102850865,,,,,,,,,
684.3,,0.00110687898,,,,,,,,,
684.32,,0.001112799211,,,,,,,,,
684.34,,0.001120598463,,,,,,,,,
684.36,,0.001130229543,,,,,,,,,
684.38,,0.001141621511,,,,,,,,,
684.4,,0.001154608029,,,,,,,,,
684.42,,0.001169037627,,,,,,,,,
684.44,,0.001184665038,,,,,,,,,
684.46,,0.001201225774,,,,,,,,,
684.48,,0.001218425828,,,,,,,,,
684.5,,0.001235911275,,,,,,,,,
684.52,,0.001253361306,,,,,,,,,
684.54,,0.001270399297,,,,,,,,,
684.56,,0.001286681645,,,,,,,,,
684.58,,0.001301867918,,,,,,,,,
684.6,,0.001315621448,,,,,,,,,
684.62,,0.001327672205,,,,,,,,,
684.64,,0.001337742786,,,,,,,,,
684.66,,0.00134563682,,,,,,,,,
684.68,,0.001351184891,,,,,,,,,
684.7,,0.001354262829,,,,,,,,,
684.72,,0.001354824644,,,,,,,,,
684.74,,0.001352833079,,,,,,,,,
684.76,,0.001348348769,,,,,,,,,
684.78,,0.001341449683,,,,,,,,,
684.8,,0.001332265967,,,,,,,,,
684.82,,0.001320988013,,,,,,,,,
684.84,,0.001307801061,,,,,,,,,
684.86,,0.001292978488,,,,,,,,,
684.88,,0.001276778096,,,,,,,,,
684.9,,0.001259497731,,,,,,,,,
684.92,,0.001241457407,,,,,,,,,
684.94,,0.001222955251,,,,,,,,,
684.96,,0.001204339892,,,,,,,,,
684.98,,0.001185911585,,,,,,,,,
685,,0.001167992004,,,,,,,,,
685.02,,0.001150879307,,,,,,,,,
685.04,,0.001134832702,,,,,,,,,
685.06,,0.001120123643,,,,,,,,,
685.08,,0.001106943992,,,,,,,,,
685.1,,0.001095496923,,,,,,,,,
685.12,,0.001085921669,,,,,,,,,
685.14,,0.001078316567,,,,,,,,,
685.16,,0.001072765967,,,,,,,,,
685.18,,0.001069262447,,,,,,,,,
685.2,,0.001067820088,,,,,,,,,
685.22,,0.001068369405,,,,,,,,,
685.24,,0.001070823238,,,,,,,,,
685.26,,0.001075071774,,,,,,,,,
685.28,,0.001080941691,,,,,,,,,
685.3,,0.001088288449,,,,,,,,,
685.32,,0.001096900146,,,,,,,,,
685.34,,0.001106582167,,,,,,,,,
685.36,,0.001117120421,,,,,,,,,
685.38,,0.001128278255,,,,,,,,,
685.4,,0.001139852793,,,,,,,,,
685.42,,0.00115159588,,,,,,,,,
685.44,,0.00116330495,,,,,,,,,
685.46,,0.001174757319,,,,,,,,,
685.48,,0.001185738025,,,,,,,,,
685.5,,0.001196062737,,,,,,,,,
685.52,,0.001205514085,,,,,,,,,
685.54,,0.00121393785,,,,,,,,,
685.56,,0.00122115413,,,,,,,,,
685.58,,0.001227012706,,,,,,,,,
685.6,,0.001231388728,,,,,,,,,
685.62,,0.001234145006,,,,,,,,,
685.64,,0.001235212702,,,,,,,,,
685.66,,0.001234506935,,,,,,,,,
685.68,,0.001231996219,,,,,,,,,
685.7,,0.001227675541,,,,,,,,,
685.72,,0.001221555475,,,,,,,,,
685.74,,0.001213716929,,,,,,,,,
685.76,,0.001204235975,,,,,,,,,
685.78,,0.001193260624,,,,,,,,,
685.8,,0.001180955111,,,,,,,,,
685.82,,0.001167510637,,,,,,,,,
685.84,,0.001153171832,,,,,,,,,
685.86,,0.001138161416,,,,,,,,,
685.88,,0.001122767776,,,,,,,,,
685.9,,0.001107252126,,,,,,,,,
685.92,,0.001091886117,,,,,,,,,
685.94,,0.001076946447,,,,,,,,,
685.96,,0.001062657995,,,,,,,,,
685.98,,0.001049272126,,,,,,,,,
686,,0.001036968335,,,,,,,,,
686.02,,0.001025918761,,,,,,,,,
686.04,,0.001016255881,,,,,,,,,
686.06,,0.001008055695,,,,,,,,,
686.08,,0.001001396559,,,,,,,,,
686.1,,0.0009962782078,,,,,,,,,
686.12,,0.0009927132013,,,,,,,,,
686.14,,0.0009906670665,,,,,,,,,
686.16,,0.0009900872111,,,,,,,,,
686.18,,0.0009909344818,,,,,,,,,
686.2,,0.0009931181716,,,,,,,,,
686.22,,0.000996606256,,,,,,,,,
686.24,,0.00100132787,,,,,,,,,
686.26,,0.001007241098,,,,,,,,,
686.28,,0.001014319147,,,,,,,,,
686.3,,0.00102251651,,,,,,,,,
686.32,,0.001031844052,,,,,,,,,
686.34,,0.001042271265,,,,,,,,,
686.36,,0.001053805431,,,,,,,,,
686.38,,0.001066433809,,,,,,,,,
686.4,,0.001080125936,,,,,,,,,
686.42,,0.001094865215,,,,,,,,,
686.44,,0.001110567915,,,,,,,,,
686.46,,0.001127171589,,,,,,,,,
686.48,,0.001144547377,,,,,,,,,
686.5,,0.001162542998,,,,,,,,,
686.52,,0.001180983357,,,,,,,,,
686.54,,0.00119961813,,,,,,,,,
686.56,,0.001218219279,,,,,,,,,
686.58,,0.001236482692,,,,,,,,,
686.6,,0.001254107981,,,,,,,,,
686.62,,0.001270775439,,,,,,,,,
686.64,,0.001286139187,,,,,,,,,
686.66,,0.001299894298,,,,,,,,,
686.68,,0.001311706802,,,,,,,,,
686.7,,0.00132130185,,,,,,,,,
686.72,,0.001328419538,,,,,,,,,
686.74,,0.001332837873,,,,,,,,,
686.76,,0.001334409458,,,,,,,,,
686.78,,0.001333001503,,,,,,,,,
686.8,,0.001328588562,,,,,,,,,
686.82,,0.00132117561,,,,,,,,,
686.84,,0.001310841182,,,,,,,,,
686.86,,0.001297739008,,,,,,,,,
686.88,,0.001282048032,,,,,,,,,
686.9,,0.001264048965,,,,,,,,,
686.92,,0.001244030398,,,,,,,,,
686.94,,0.001222345955,,,,,,,,,
686.96,,0.001199379554,,,,,,,,,
686.98,,0.001175519168,,,,,,,,,
687,,0.001151204709,,,,,,,,,
687.02,,0.001126836194,,,,,,,,,
687.04,,0.001102850789,,,,,,,,,
687.06,,0.001079649885,,,,,,,,,
687.08,,0.001057611619,,,,,,,,,
687.1,,0.00103711089,,,,,,,,,
687.12,,0.001018438151,,,,,,,,,
687.14,,0.001001902493,,,,,,,,,
687.16,,0.0009877210583,,,,,,,,,
687.18,,0.0009760820297,,,,,,,,,
687.2,,0.0009671259603,,,,,,,,,
687.22,,0.000960911626,,,,,,,,,
687.24,,0.0009574901316,,,,,,,,,
687.26,,0.0009568115736,,,,,,,,,
687.28,,0.0009588152902,,,,,,,,,
687.3,,0.0009633733171,,,,,,,,,
687.32,,0.0009703095492,,,,,,,,,
687.34,,0.0009794366875,,,,,,,,,
687.36,,0.0009904864649,,,,,,,,,
687.38,,0.001003219409,,,,,,,,,
687.4,,0.001017332679,,,,,,,,,
687.42,,0.001032527552,,,,,,,,,
687.44,,0.001048502293,,,,,,,,,
687.46,,0.001064925114,,,,,,,,,
687.48,,0.001081513101,,,,,,,,,
687.5,,0.001097948187,,,,,,,,,
687.52,,0.001113960043,,,,,,,,,
687.54,,0.001129280488,,,,,,,,,
687.56,,0.001143655722,,,,,,,,,
687.58,,0.001156880096,,,,,,,,,
687.6,,0.001168731361,,,,,,,,,
687.62,,0.001179055825,,,,,,,,,
687.64,,0.001187692221,,,,,,,,,
687.66,,0.001194514326,,,,,,,,,
687.68,,0.001199429243,,,,,,,,,
687.7,,0.001202336886,,,,,,,,,
687.72,,0.00120320426,,,,,,,,,
687.74,,0.001201983527,,,,,,,,,
687.76,,0.001198675701,,,,,,,,,
687.78,,0.00119330215,,,,,,,,,
687.8,,0.001185896921,,,,,,,,,
687.82,,0.001176553005,,,,,,,,,
687.84,,0.001165353782,,,,,,,,,
687.86,,0.001152449124,,,,,,,,,
687.88,,0.001137996191,,,,,,,,,
687.9,,0.001122180193,,,,,,,,,
687.92,,0.001105230195,,,,,,,,,
687.94,,0.001087357017,,,,,,,,,
687.96,,0.001068834298,,,,,,,,,
687.98,,0.001049906499,,,,,,,,,
688,,0.001030836606,,,,,,,,,
688.02,,0.001011883597,,,,,,,,,
688.04,,0.0009932689817,,,,,,,,,
688.06,,0.0009752285592,,,,,,,,,
688.08,,0.0009579287717,,,,,,,,,
688.1,,0.000941535494,,,,,,,,,
688.12,,0.0009261597323,,,,,,,,,
688.14,,0.0009118676397,,,,,,,,,
688.16,,0.000898709226,,,,,,,,,
688.18,,0.0008866544476,,,,,,,,,
688.2,,0.0008756881315,,,,,,,,,
688.22,,0.0008657294766,,,,,,,,,
688.24,,0.0008566901103,,,,,,,,,
688.26,,0.0008484712608,,,,,,,,,
688.28,,0.0008409431766,,,,,,,,,
688.3,,0.0008340112745,,,,,,,,,
688.32,,0.0008275496926,,,,,,,,,
688.34,,0.0008214755777,,,,,,,,,
688.36,,0.0008157078212,,,,,,,,,
688.38,,0.00081018183,,,,,,,,,
688.4,,0.000804876195,,,,,,,,,
688.42,,0.000799754104,,,,,,,,,
688.44,,0.0007948457474,,,,,,,,,
688.46,,0.0007901662441,,,,,,,,,
688.48,,0.0007857631264,,,,,,,,,
688.5,,0.000781698952,,,,,,,,,
688.52,,0.0007780266203,,,,,,,,,
688.54,,0.0007748351933,,,,,,,,,
688.56,,0.0007721799017,,,,,,,,,
688.58,,0.0007701430754,,,,,,,,,
688.6,,0.0007687835626,,,,,,,,,
688.62,,0.0007681506781,,,,,,,,,
688.64,,0.0007682988977,,,,,,,,,
688.66,,0.0007692341769,,,,,,,,,
688.68,,0.0007709919263,,,,,,,,,
688.7,,0.0007735566447,,,,,,,,,
688.72,,0.0007769171634,,,,,,,,,
688.74,,0.0007810472377,,,,,,,,,
688.76,,0.0007858940335,,,,,,,,,
688.78,,0.0007914265753,,,,,,,,,
688.8,,0.0007975736682,,,,,,,,,
688.82,,0.0008042983741,,,,,,,,,
688.84,,0.0008115468601,,,,,,,,,
688.86,,0.0008192803013,,,,,,,,,
688.88,,0.000827489012,,,,,,,,,
688.9,,0.0008361480312,,,,,,,,,
688.92,,0.0008453036058,,,,,,,,,
688.94,,0.0008549853895,,,,,,,,,
688.96,,0.000865275838,,,,,,,,,
688.98,,0.000876273999,,,,,,,,,
689,,0.0008880891601,,,,,,,,,
689.02,,0.0009008769622,,,,,,,,,
689.04,,0.0009147607128,,,,,,,,,
689.06,,0.0009299059718,,,,,,,,,
689.08,,0.0009464353325,,,,,,,,,
689.1,,0.0009644604268,,,,,,,,,
689.12,,0.0009840669668,,,,,,,,,
689.14,,0.001005259446,,,,,,,,,
689.16,,0.001028036924,,,,,,,,,
689.18,,0.00105228571,,,,,,,,,
689.2,,0.001077855775,,,,,,,,,
689.22,,0.001104511929,,,,,,,,,
689.24,,0.001131942696,,,,,,,,,
689.26,,0.001159803347,,,,,,,,,
689.28,,0.001187655239,,,,,,,,,
689.3,,0.00121506917,,,,,,,,,
689.32,,0.001241561302,,,,,,,,,
689.34,,0.00126666166,,,,,,,,,
689.36,,0.001289927501,,,,,,,,,
689.38,,0.001310923888,,,,,,,,,
689.4,,0.001329323341,,,,,,,,,
689.42,,0.001344827079,,,,,,,,,
689.44,,0.001357257979,,,,,,,,,
689.46,,0.001366521939,,,,,,,,,
689.48,,0.001372618556,,,,,,,,,
689.5,,0.001375676644,,,,,,,,,
689.52,,0.001375874678,,,,,,,,,
689.54,,0.001373525123,,,,,,,,,
689.56,,0.001368972502,,,,,,,,,
689.58,,0.001362627976,,,,,,,,,
689.6,,0.001354943045,,,,,,,,,
689.62,,0.001346347433,,,,,,,,,
689.64,,0.001337313199,,,,,,,,,
689.66,,0.001328235443,,,,,,,,,
689.68,,0.001319504711,,,,,,,,,
689.7,,0.001311440275,,,,,,,,,
689.72,,0.001304290867,,,,,,,,,
689.74,,0.001298271329,,,,,,,,,
689.76,,0.001293476485,,,,,,,,,
689.78,,0.001290002753,,,,,,,,,
689.8,,0.001287844535,,,,,,,,,
689.82,,0.001286973921,,,,,,,,,
689.84,,0.001287336215,,,,,,,,,
689.86,,0.001288824506,,,,,,,,,
689.88,,0.001291377062,,,,,,,,,
689.9,,0.00129487745,,,,,,,,,
689.92,,0.001299270258,,,,,,,,,
689.94,,0.001304489685,,,,,,,,,
689.96,,0.001310492089,,,,,,,,,
689.98,,0.001317282276,,,,,,,,,
690,,0.001324827237,,,,,,,,,
690.02,,0.001333180747,,,,,,,,,
690.04,,0.001342341818,,,,,,,,,
690.06,,0.001352342568,,,,,,,,,
690.08,,0.001363196484,,,,,,,,,
690.1,,0.001374878185,,,,,,,,,
690.12,,0.001387379074,,,,,,,,,
690.14,,0.001400600106,,,,,,,,,
690.16,,0.001414463964,,,,,,,,,
690.18,,0.001428814808,,,,,,,,,
690.2,,0.001443474055,,,,,,,,,
690.22,,0.001458244093,,,,,,,,,
690.24,,0.001472858274,,,,,,,,,
690.26,,0.001487093198,,,,,,,,,
690.28,,0.0015006586,,,,,,,,,
690.3,,0.001513307471,,,,,,,,,
690.32,,0.001524787555,,,,,,,,,
690.34,,0.001534860525,,,,,,,,,
690.36,,0.001543354167,,,,,,,,,
690.38,,0.001550079949,,,,,,,,,
690.4,,0.001554957624,,,,,,,,,
690.42,,0.001557906187,,,,,,,,,
690.44,,0.001558913592,,,,,,,,,
690.46,,0.001558018458,,,,,,,,,
690.48,,0.001555268339,,,,,,,,,
690.5,,0.001550795903,,,,,,,,,
690.52,,0.001544704853,,,,,,,,,
690.54,,0.001537160766,,,,,,,,,
690.56,,0.001528311941,,,,,,,,,
690.58,,0.0015183015,,,,,,,,,
690.6,,0.001507289151,,,,,,,,,
690.62,,0.00149536245,,,,,,,,,
690.64,,0.001482649834,,,,,,,,,
690.66,,0.001469199712,,,,,,,,,
690.68,,0.001455057121,,,,,,,,,
690.7,,0.001440238884,,,,,,,,,
690.72,,0.001424712248,,,,,,,,,
690.74,,0.001408469007,,,,,,,,,
690.76,,0.001391434098,,,,,,,,,
690.78,,0.001373578887,,,,,,,,,
690.8,,0.001354847281,,,,,,,,,
690.82,,0.001335198546,,,,,,,,,
690.84,,0.001314631552,,,,,,,,,
690.86,,0.001293128132,,,,,,,,,
690.88,,0.001270753831,,,,,,,,,
690.9,,0.001247557649,,,,,,,,,
690.92,,0.001223652418,,,,,,,,,
690.94,,0.001199171999,,,,,,,,,
690.96,,0.001174261759,,,,,,,,,
690.98,,0.001149122905,,,,,,,,,
691,,0.001123915933,,,,,,,,,
691.02,,0.001098867392,,,,,,,,,
691.04,,0.00107415884,,,,,,,,,
691.06,,0.001049979047,,,,,,,,,
691.08,,0.001026508909,,,,,,,,,
691.1,,0.001003882274,,,,,,,,,
691.12,,0.0009822537328,,,,,,,,,
691.14,,0.0009617076009,,,,,,,,,
691.16,,0.000942351872,,,,,,,,,
691.18,,0.0009242529098,,,,,,,,,
691.2,,0.0009074694359,,,,,,,,,
691.22,,0.0008920746764,,,,,,,,,
691.24,,0.0008781075352,,,,,,,,,
691.26,,0.0008656667427,,,,,,,,,
691.28,,0.000854820387,,,,,,,,,
691.3,,0.0008456903661,,,,,,,,,
691.32,,0.0008384050286,,,,,,,,,
691.34,,0.0008331077409,,,,,,,,,
691.36,,0.0008299852104,,,,,,,,,
691.38,,0.000829185791,,,,,,,,,
691.4,,0.0008309177499,,,,,,,,,
691.42,,0.0008353286227,,,,,,,,,
691.44,,0.0008425691323,,,,,,,,,
691.46,,0.0008527433229,,,,,,,,,
691.48,,0.0008658887375,,,,,,,,,
691.5,,0.0008820093322,,,,,,,,,
691.52,,0.0009009871297,,,,,,,,,
691.54,,0.0009226690023,,,,,,,,,
691.56,,0.0009467766582,,,,,,,,,
691.58,,0.0009729616991,,,,,,,,,
691.6,,0.001000794574,,,,,,,,,
691.62,,0.001029748189,,,,,,,,,
691.64,,0.001059272767,,,,,,,,,
691.66,,0.001088730772,,,,,,,,,
691.68,,0.001117495402,,,,,,,,,
691.7,,0.001144911948,,,,,,,,,
691.72,,0.001170347158,,,,,,,,,
691.74,,0.001193219538,,,,,,,,,
691.76,,0.00121297262,,,,,,,,,
691.78,,0.001229170134,,,,,,,,,
691.8,,0.001241427496,,,,,,,,,
691.82,,0.001249485534,,,,,,,,,
691.84,,0.001253185238,,,,,,,,,
691.86,,0.001252469367,,,,,,,,,
691.88,,0.001247413624,,,,,,,,,
691.9,,0.001238161082,,,,,,,,,
691.92,,0.001224987739,,,,,,,,,
691.94,,0.001208223479,,,,,,,,,
691.96,,0.001188275994,,,,,,,,,
691.98,,0.001165611326,,,,,,,,,
692,,0.00114070738,,,,,,,,,
692.02,,0.001114095524,,,,,,,,,
692.04,,0.001086272382,,,,,,,,,
692.06,,0.001057753325,,,,,,,,,
692.08,,0.001029012953,,,,,,,,,
692.1,,0.001000486369,,,,,,,,,
692.12,,0.000972584293,,,,,,,,,
692.14,,0.0009456286801,,,,,,,,,
692.16,,0.000919931043,,,,,,,,,
692.18,,0.0008957065381,,,,,,,,,
692.2,,0.0008731357315,,,,,,,,,
692.22,,0.0008523392467,,,,,,,,,
692.24,,0.0008333722013,,,,,,,,,
692.26,,0.0008162747017,,,,,,,,,
692.28,,0.0008010012655,,,,,,,,,
692.3,,0.0007875263163,,,,,,,,,
692.32,,0.000775762688,,,,,,,,,
692.34,,0.0007656245239,,,,,,,,,
692.36,,0.0007570218606,,,,,,,,,
692.38,,0.0007498457743,,,,,,,,,
692.4,,0.0007440294389,,,,,,,,,
692.42,,0.0007394777701,,,,,,,,,
692.44,,0.0007361567603,,,,,,,,,
692.46,,0.0007340248013,,,,,,,,,
692.48,,0.0007330744322,,,,,,,,,
692.5,,0.0007333268531,,,,,,,,,
692.52,,0.0007348001618,,,,,,,,,
692.54,,0.000737564465,,,,,,,,,
692.56,,0.0007416600595,,,,,,,,,
692.58,,0.0007471674854,,,,,,,,,
692.6,,0.000754139666,,,,,,,,,
692.62,,0.0007626260078,,,,,,,,,
692.64,,0.0007726669779,,,,,,,,,
692.66,,0.0007842500786,,,,,,,,,
692.68,,0.0007973728595,,,,,,,,,
692.7,,0.0008119572522,,,,,,,,,
692.72,,0.0008279207612,,,,,,,,,
692.74,,0.0008451243826,,,,,,,,,
692.76,,0.0008633959964,,,,,,,,,
692.78,,0.0008825464571,,,,,,,,,
692.8,,0.0009023241327,,,,,,,,,
692.82,,0.000922503964,,,,,,,,,
692.84,,0.0009428048998,,,,,,,,,
692.86,,0.0009629683391,,,,,,,,,
692.88,,0.0009827254472,,,,,,,,,
692.9,,0.001001812944,,,,,,,,,
692.92,,0.001020006209,,,,,,,,,
692.94,,0.001037067167,,,,,,,,,
692.96,,0.001052830263,,,,,,,,,
692.98,,0.001067125933,,,,,,,,,
693,,0.001079840334,,,,,,,,,
693.02,,0.001090891622,,,,,,,,,
693.04,,0.001100221063,,,,,,,,,
693.06,,0.001107834887,,,,,,,,,
693.08,,0.001113734897,,,,,,,,,
693.1,,0.001117994979,,,,,,,,,
693.12,,0.001120689304,,,,,,,,,
693.14,,0.00112193111,,,,,,,,,
693.16,,0.001121862138,,,,,,,,,
693.18,,0.001120619776,,,,,,,,,
693.2,,0.001118396163,,,,,,,,,
693.22,,0.001115353588,,,,,,,,,
693.24,,0.001111699333,,,,,,,,,
693.26,,0.001107622551,,,,,,,,,
693.28,,0.001103316385,,,,,,,,,
693.3,,0.001098984944,,,,,,,,,
693.32,,0.001094787922,,,,,,,,,
693.34,,0.001090920262,,,,,,,,,
693.36,,0.001087513493,,,,,,,,,
693.38,,0.001084710022,,,,,,,,,
693.4,,0.001082611222,,,,,,,,,
693.42,,0.001081285096,,,,,,,,,
693.44,,0.00108079259,,,,,,,,,
693.46,,0.001081116178,,,,,,,,,
693.48,,0.001082260441,,,,,,,,,
693.5,,0.001084149275,,,,,,,,,
693.52,,0.001086701441,,,,,,,,,
693.54,,0.00108979788,,,,,,,,,
693.56,,0.00109328101,,,,,,,,,
693.58,,0.001097001182,,,,,,,,,
693.6,,0.00110074583,,,,,,,,,
693.62,,0.001104343083,,,,,,,,,
693.64,,0.001107576612,,,,,,,,,
693.66,,0.001110251066,,,,,,,,,
693.68,,0.001112179042,,,,,,,,,
693.7,,0.001113169001,,,,,,,,,
693.72,,0.001113082471,,,,,,,,,
693.74,,0.001111762302,,,,,,,,,
693.76,,0.001109122501,,,,,,,,,
693.78,,0.001105077818,,,,,,,,,
693.8,,0.001099585929,,,,,,,,,
693.82,,0.001092643933,,,,,,,,,
693.84,,0.00108425657,,,,,,,,,
693.86,,0.001074494512,,,,,,,,,
693.88,,0.001063414968,,,,,,,,,
693.9,,0.001051134383,,,,,,,,,
693.92,,0.001037767313,,,,,,,,,
693.94,,0.00102344729,,,,,,,,,
693.96,,0.001008332914,,,,,,,,,
693.98,,0.0009925612445,,,,,,,,,
694,,0.0009763134666,,,,,,,,,
694.02,,0.0009597330814,,,,,,,,,
694.04,,0.000942994015,,,,,,,,,
694.06,,0.000926252634,,,,,,,,,
694.08,,0.0009096606505,,,,,,,,,
694.1,,0.0008933852869,,,,,,,,,
694.12,,0.0008775566834,,,,,,,,,
694.14,,0.0008623462414,,,,,,,,,
694.16,,0.0008478831636,,,,,,,,,
694.18,,0.0008343242718,,,,,,,,,
694.2,,0.000821812121,,,,,,,,,
694.22,,0.0008104839066,,,,,,,,,
694.24,,0.0008004961871,,,,,,,,,
694.26,,0.0007919647233,,,,,,,,,
694.28,,0.0007850487123,,,,,,,,,
694.3,,0.0007798577848,,,,,,,,,
694.32,,0.0007765220465,,,,,,,,,
694.34,,0.0007751457552,,,,,,,,,
694.36,,0.0007758138863,,,,,,,,,
694.38,,0.0007786142087,,,,,,,,,
694.4,,0.0007835716541,,,,,,,,,
694.42,,0.0007907375061,,,,,,,,,
694.44,,0.0008000887651,,,,,,,,,
694.46,,0.0008116027716,,,,,,,,,
694.48,,0.0008252094847,,,,,,,,,
694.5,,0.0008408021237,,,,,,,,,
694.52,,0.0008582611288,,,,,,,,,
694.54,,0.0008773911377,,,,,,,,,
694.56,,0.0008980173194,,,,,,,,,
694.58,,0.0009198871066,,,,,,,,,
694.6,,0.0009427501558,,,,,,,,,
694.62,,0.0009663174405,,,,,,,,,
694.64,,0.0009902759623,,,,,,,,,
694.66,,0.00101431888,,,,,,,,,
694.68,,0.001038090316,,,,,,,,,
694.7,,0.001061279824,,,,,,,,,
694.72,,0.001083538301,,,,,,,,,
694.74,,0.001104553214,,,,,,,,,
694.76,,0.001124019125,,,,,,,,,
694.78,,0.001141648277,,,,,,,,,
694.8,,0.001157207705,,,,,,,,,
694.82,,0.001170463885,,,,,,,,,
694.84,,0.001181271585,,,,,,,,,
694.86,,0.001189497076,,,,,,,,,
694.88,,0.001195079116,,,,,,,,,
694.9,,0.001198005672,,,,,,,,,
694.92,,0.00119830672,,,,,,,,,
694.94,,0.00119609326,,,,,,,,,
694.96,,0.001191486712,,,,,,,,,
694.98,,0.001184697366,,,,,,,,,
695,,0.001175942077,,,,,,,,,
695.02,,0.001165484984,,,,,,,,,
695.04,,0.001153614736,,,,,,,,,
695.06,,0.001140614427,,,,,,,,,
695.08,,0.001126804048,,,,,,,,,
695.1,,0.001112454144,,,,,,,,,
695.12,,0.001097862269,,,,,,,,,
695.14,,0.001083271319,,,,,,,,,
695.16,,0.001068903565,,,,,,,,,
695.18,,0.001054950737,,,,,,,,,
695.2,,0.001041539017,,,,,,,,,
695.22,,0.001028789273,,,,,,,,,
695.24,,0.001016734701,,,,,,,,,
695.26,,0.001005409177,,,,,,,,,
695.28,,0.000994781503,,,,,,,,,
695.3,,0.0009847956735,,,,,,,,,
695.32,,0.000975379027,,,,,,,,,
695.34,,0.0009664124722,,,,,,,,,
695.36,,0.0009578027813,,,,,,,,,
695.38,,0.0009494076852,,,,,,,,,
695.4,,0.0009411249629,,,,,,,,,
695.42,,0.0009328347287,,,,,,,,,
695.44,,0.0009244354282,,,,,,,,,
695.46,,0.0009158524773,,,,,,,,,
695.48,,0.0009070051285,,,,,,,,,
695.5,,0.0008978711407,,,,,,,,,
695.52,,0.0008884106616,,,,,,,,,
695.54,,0.0008786433218,,,,,,,,,
695.56,,0.0008685885225,,,,,,,,,
695.58,,0.0008582934259,,,,,,,,,
695.6,,0.0008478348981,,,,,,,,,
695.62,,0.0008372843152,,,,,,,,,
695.64,,0.0008267642774,,,,,,,,,
695.66,,0.0008163726732,,,,,,,,,
695.68,,0.0008062549232,,,,,,,,,
695.7,,0.0007965423213,,,,,,,,,
695.72,,0.000787380401,,,,,,,,,
695.74,,0.0007789257867,,,,,,,,,
695.76,,0.0007713132413,,,,,,,,,
695.78,,0.0007647077223,,,,,,,,,
695.8,,0.0007592276531,,,,,,,,,
695.82,,0.0007550161441,,,,,,,,,
695.84,,0.0007521739423,,,,,,,,,
695.86,,0.0007507900282,,,,,,,,,
695.88,,0.0007509315944,,,,,,,,,
695.9,,0.0007526146463,,,,,,,,,
695.92,,0.0007558517194,,,,,,,,,
695.94,,0.0007605785113,,,,,,,,,
695.96,,0.0007667271196,,,,,,,,,
695.98,,0.0007741617235,,,,,,,,,
696,,0.0007827180577,,,,,,,,,
696.02,,0.0007921971265,,,,,,,,,
696.04,,0.000802350143,,,,,,,,,
696.06,,0.0008129314648,,,,,,,,,
696.08,,0.000823641559,,,,,,,,,
696.1,,0.0008342088287,,,,,,,,,
696.12,,0.0008443377857,,,,,,,,,
696.14,,0.0008537597032,,,,,,,,,
696.16,,0.0008622322406,,,,,,,,,
696.18,,0.0008695343872,,,,,,,,,
696.2,,0.0008755181833,,,,,,,,,
696.22,,0.0008800547,,,,,,,,,
696.24,,0.0008831113192,,,,,,,,,
696.26,,0.0008846910978,,,,,,,,,
696.28,,0.0008848756171,,,,,,,,,
696.3,,0.0008838075825,,,,,,,,,
696.32,,0.000881672904,,,,,,,,,
696.34,,0.0008787333729,,,,,,,,,
696.36,,0.0008752530254,,,,,,,,,
696.38,,0.0008715628168,,,,,,,,,
696.4,,0.0008679762853,,,,,,,,,
696.42,,0.0008648246302,,,,,,,,,
696.44,,0.0008624227425,,,,,,,,,
696.46,,0.0008610461174,,,,,,,,,
696.48,,0.0008609592736,,,,,,,,,
696.5,,0.0008623382348,,,,,,,,,
696.52,,0.0008653467867,,,,,,,,,
696.54,,0.0008700508758,,,,,,,,,
696.56,,0.0008764718675,,,,,,,,,
696.58,,0.0008845610386,,,,,,,,,
696.6,,0.0008941952908,,,,,,,,,
696.62,,0.0009052199834,,,,,,,,,
696.64,,0.0009173878048,,,,,,,,,
696.66,,0.0009304539773,,,,,,,,,
696.68,,0.0009441015327,,,,,,,,,
696.7,,0.000958010701,,,,,,,,,
696.72,,0.0009718411587,,,,,,,,,
696.74,,0.0009852392471,,,,,,,,,
696.76,,0.0009978811284,,,,,,,,,
696.78,,0.001009419155,,,,,,,,,
696.8,,0.001019572884,,,,,,,,,
696.82,,0.001028054944,,,,,,,,,
696.84,,0.001034633829,,,,,,,,,
696.86,,0.001039111222,,,,,,,,,
696.88,,0.001041323448,,,,,,,,,
696.9,,0.001041173539,,,,,,,,,
696.92,,0.00103857469,,,,,,,,,
696.94,,0.001033528939,,,,,,,,,
696.96,,0.001026049674,,,,,,,,,
696.98,,0.001016215506,,,,,,,,,
697,,0.001004143309,,,,,,,,,
697.02,,0.000989984394,,,,,,,,,
697.04,,0.0009739524399,,,,,,,,,
697.06,,0.0009562646813,,,,,,,,,
697.08,,0.00093721744,,,,,,,,,
697.1,,0.0009171047868,,,,,,,,,
697.12,,0.0008962757797,,,,,,,,,
697.14,,0.0008750986972,,,,,,,,,
697.16,,0.0008539606131,,,,,,,,,
697.18,,0.0008332896637,,,,,,,,,
697.2,,0.0008134923869,,,,,,,,,
697.22,,0.0007950305226,,,,,,,,,
697.24,,0.0007783235802,,,,,,,,,
697.26,,0.0007638177684,,,,,,,,,
697.28,,0.0007519248832,,,,,,,,,
697.3,,0.0007430330673,,,,,,,,,
697.32,,0.0007375092144,,,,,,,,,
697.34,,0.0007356393209,,,,,,,,,
697.36,,0.0007376977945,,,,,,,,,
697.38,,0.0007438401097,,,,,,,,,
697.4,,0.0007541858289,,,,,,,,,
697.42,,0.0007687368056,,,,,,,,,
697.44,,0.0007874129183,,,,,,,,,
697.46,,0.000810040237,,,,,,,,,
697.48,,0.000836319926,,,,,,,,,
697.5,,0.0008658934341,,,,,,,,,
697.52,,0.0008982601212,,,,,,,,,
697.54,,0.0009328785979,,,,,,,,,
697.56,,0.0009690968514,,,,,,,,,
697.58,,0.001006220777,,,,,,,,,
697.6,,0.001043509254,,,,,,,,,
697.62,,0.001080182211,,,,,,,,,
697.64,,0.001115484097,,,,,,,,,
697.66,,0.001148637386,,,,,,,,,
697.68,,0.001178944438,,,,,,,,,
697.7,,0.001205733483,,,,,,,,,
697.72,,0.001228429056,,,,,,,,,
697.74,,0.001246544491,,,,,,,,,
697.76,,0.001259690612,,,,,,,,,
697.78,,0.001267616987,,,,,,,,,
697.8,,0.001270161331,,,,,,,,,
697.82,,0.001267322604,,,,,,,,,
697.84,,0.001259190695,,,,,,,,,
697.86,,0.001245985974,,,,,,,,,
697.88,,0.001228030985,,,,,,,,,
697.9,,0.001205729321,,,,,,,,,
697.92,,0.001179585031,,,,,,,,,
697.94,,0.001150125616,,,,,,,,,
697.96,,0.001117962572,,,,,,,,,
697.98,,0.001083698685,,,,,,,,,
698,,0.001047960376,,,,,,,,,
698.02,,0.001011362631,,,,,,,,,
698.04,,0.0009744827242,,,,,,,,,
698.06,,0.0009378869395,,,,,,,,,
698.08,,0.0009020542242,,,,,,,,,
698.1,,0.0008674524231,,,,,,,,,
698.12,,0.0008344499196,,,,,,,,,
698.14,,0.0008033740902,,,,,,,,,
698.16,,0.0007744802508,,,,,,,,,
698.18,,0.0007479510959,,,,,,,,,
698.2,,0.0007239333391,,,,,,,,,
698.22,,0.0007024817837,,,,,,,,,
698.24,,0.0006836470301,,,,,,,,,
698.26,,0.0006673953958,,,,,,,,,
698.28,,0.0006536907265,,,,,,,,,
698.3,,0.000642451366,,,,,,,,,
698.32,,0.0006335751471,,,,,,,,,
698.34,,0.0006269578236,,,,,,,,,
698.36,,0.0006224574977,,,,,,,,,
698.38,,0.0006199617403,,,,,,,,,
698.4,,0.0006193128038,,,,,,,,,
698.42,,0.0006203879389,,,,,,,,,
698.44,,0.0006230350092,,,,,,,,,
698.46,,0.0006271107591,,,,,,,,,
698.48,,0.0006324691954,,,,,,,,,
698.5,,0.0006389451084,,,,,,,,,
698.52,,0.0006463915491,,,,,,,,,
698.54,,0.0006546186388,,,,,,,,,
698.56,,0.0006634669805,,,,,,,,,
698.58,,0.0006727376712,,,,,,,,,
698.6,,0.0006822441612,,,,,,,,,
698.62,,0.0006917882653,,,,,,,,,
698.64,,0.0007011671787,,,,,,,,,
698.66,,0.0007101969711,,,,,,,,,
698.68,,0.0007186758227,,,,,,,,,
698.7,,0.0007264504783,,,,,,,,,
698.72,,0.0007333571481,,,,,,,,,
698.74,,0.0007392810611,,,,,,,,,
698.76,,0.0007441257062,,,,,,,,,
698.78,,0.0007478324627,,,,,,,,,
698.8,,0.0007503893666,,,,,,,,,
698.82,,0.0007518041606,,,,,,,,,
698.84,,0.0007521523963,,,,,,,,,
698.86,,0.0007515162643,,,,,,,,,
698.88,,0.0007500390345,,,,,,,,,
698.9,,0.0007478736561,,,,,,,,,
698.92,,0.0007452040812,,,,,,,,,
698.94,,0.0007422328469,,,,,,,,,
698.96,,0.0007391560448,,,,,,,,,
698.98,,0.0007361961848,,,,,,,,,
699,,0.0007335364521,,,,,,,,,
825,,,0.00317670738,,,,,,,,
825.05,,,0.00314631444,,,,,,,,
825.1,,,0.003116412995,,,,,,,,
825.15,,,0.00308779377,,,,,,,,
825.2,,,0.003060879263,,,,,,,,
825.25,,,0.003035710483,,,,,,,,
825.3,,,0.003011976782,,,,,,,,
825.35,,,0.002989094135,,,,,,,,
825.4,,,0.002966301212,,,,,,,,
825.45,,,0.002942776097,,,,,,,,
825.5,,,0.002917753067,,,,,,,,
825.55,,,0.002890622871,,,,,,,,
825.6,,,0.002861004326,,,,,,,,
825.65,,,0.002828778863,,,,,,,,
825.7,,,0.002794085687,,,,,,,,
825.75,,,0.002757281823,,,,,,,,
825.8,,,0.002718877175,,,,,,,,
825.85,,,0.002679458793,,,,,,,,
825.9,,,0.002639619692,,,,,,,,
825.95,,,0.002599905507,,,,,,,,
826,,,0.002560787412,,,,,,,,
826.05,,,0.002522662949,,,,,,,,
826.1,,,0.002485879389,,,,,,,,
826.15,,,0.002450768551,,,,,,,,
826.2,,,0.002417679004,,,,,,,,
826.25,,,0.002386992042,,,,,,,,
826.3,,,0.002359111603,,,,,,,,
826.35,,,0.002334424592,,,,,,,,
826.4,,,0.002313235377,,,,,,,,
826.45,,,0.002295684899,,,,,,,,
826.5,,,0.002281669393,,,,,,,,
826.55,,,0.002270775169,,,,,,,,
826.6,,,0.002262244027,,,,,,,,
826.65,,,0.002254979149,,,,,,,,
826.7,,,0.002247594761,,,,,,,,
826.75,,,0.002238505984,,,,,,,,
826.8,,,0.002226049274,,,,,,,,
826.85,,,0.002208619869,,,,,,,,
826.9,,,0.002184811007,,,,,,,,
826.95,,,0.00215354035,,,,,,,,
827,,,0.002114151412,,,,,,,,
827.05,,,0.00206648107,,,,,,,,
827.1,,,0.002010887788,,,,,,,,
827.15,,,0.001948238524,,,,,,,,
827.2,,,0.001879855372,,,,,,,,
827.25,,,0.001807425916,,,,,,,,
827.3,,,0.001732884228,,,,,,,,
827.35,,,0.001658272429,,,,,,,,
827.4,,,0.00158559535,,,,,,,,
827.45,,,0.001516682591,,,,,,,,
827.5,,,0.001453072385,,,,,,,,
827.55,,,0.001395929709,,,,,,,,
827.6,,,0.001346006894,,,,,,,,
827.65,,,0.001303649119,,,,,,,,
827.7,,,0.001268840587,,,,,,,,
827.75,,,0.001241281253,,,,,,,,
827.8,,,0.001220479813,,,,,,,,
827.85,,,0.001205847284,,,,,,,,
827.9,,,0.00119677698,,,,,,,,
827.95,,,0.001192700597,,,,,,,,
828,,,0.001193115428,,,,,,,,
828.05,,,0.001197583162,,,,,,,,
828.1,,,0.001205705187,,,,,,,,
828.15,,,0.001217082089,,,,,,,,
828.2,,,0.001231266039,,,,,,,,
828.25,,,0.001247714409,,,,,,,,
828.3,,,0.001265751808,,,,,,,,
828.35,,,0.001284546625,,,,,,,,
828.4,,,0.001303107178,,,,,,,,
828.45,,,0.00132030179,,,,,,,,
828.5,,,0.001334905816,,,,,,,,
828.55,,,0.001345676429,,,,,,,,
828.6,,,0.001351452181,,,,,,,,
828.65,,,0.001351269361,,,,,,,,
828.7,,,0.001344481673,,,,,,,,
828.75,,,0.001330865215,,,,,,,,
828.8,,,0.001310688788,,,,,,,,
828.85,,,0.001284731611,,,,,,,,
828.9,,,0.001254236964,,,,,,,,
828.95,,,0.001220800619,,,,,,,,
829,,,0.001186205175,,,,,,,,
829.05,,,0.001152222972,,,,,,,,
829.1,,,0.001120418201,,,,,,,,
829.15,,,0.001091980902,,,,,,,,
829.2,,,0.001067620763,,,,,,,,
829.25,,,0.001047537746,,,,,,,,
829.3,,,0.001031471767,,,,,,,,
829.35,,,0.001018818337,,,,,,,,
829.4,,,0.001008784676,,,,,,,,
829.45,,,0.001000554159,,,,,,,,
829.5,,,0.0009934274096,,,,,,,,
829.55,,,0.000986915604,,,,,,,,
829.6,,,0.0009807735595,,,,,,,,
829.65,,,0.0009749740338,,,,,,,,
829.7,,,0.0009696370718,,,,,,,,
829.75,,,0.0009649365047,,,,,,,,
829.8,,,0.0009610083054,,,,,,,,
829.85,,,0.0009578823551,,,,,,,,
829.9,,,0.0009554513924,,,,,,,,
829.95,,,0.0009534810115,,,,,,,,
830,,,0.0009516542106,,,,,,,,
830.05,,,0.0009496376305,,,,,,,,
830.1,,,0.0009471476253,,,,,,,,
830.15,,,0.0009440067285,,,,,,,,
830.2,,,0.0009401704395,,,,,,,,
830.25,,,0.0009357213767,,,,,,,,
830.3,,,0.0009308329879,,,,,,,,
830.35,,,0.0009257115288,,,,,,,,
830.4,,,0.0009205304599,,,,,,,,
830.45,,,0.0009153726986,,,,,,,,
830.5,,,0.0009101943747,,,,,,,,
830.55,,,0.0009048188254,,,,,,,,
830.6,,,0.0008989628398,,,,,,,,
830.65,,,0.0008922899985,,,,,,,,
830.7,,,0.000884479945,,,,,,,,
830.75,,,0.0008752988534,,,,,,,,
830.8,,,0.0008646559873,,,,,,,,
830.85,,,0.0008526341465,,,,,,,,
830.9,,,0.0008394872681,,,,,,,,
830.95,,,0.000825605261,,,,,,,,
831,,,0.0008114527606,,,,,,,,
831.05,,,0.0007974934768,,,,,,,,
831.1,,,0.0007841141579,,,,,,,,
831.15,,,0.0007715615969,,,,,,,,
831.2,,,0.0007599028882,,,,,,,,
831.25,,,0.0007490142655,,,,,,,,
831.3,,,0.0007385984811,,,,,,,,
831.35,,,0.0007282260311,,,,,,,,
831.4,,,0.0007173923886,,,,,,,,
831.45,,,0.0007055821573,,,,,,,,
831.5,,,0.0006923315507,,,,,,,,
831.55,,,0.0006772823143,,,,,,,,
831.6,,,0.0006602224969,,,,,,,,
831.65,,,0.0006411116912,,,,,,,,
831.7,,,0.0006200901104,,,,,,,,
831.75,,,0.0005974719839,,,,,,,,
831.8,,,0.0005737243466,,,,,,,,
831.85,,,0.0005494326101,,,,,,,,
831.9,,,0.0005252546431,,,,,,,,
831.95,,,0.0005018656809,,,,,,,,
832,,,0.0004798973681,,,,,,,,
832.05,,,0.000459875519,,,,,,,,
832.1,,,0.0004421625269,,,,,,,,
832.15,,,0.0004269113849,,,,,,,,
832.2,,,0.0004140385136,,,,,,,,
832.25,,,0.000403221671,,,,,,,,
832.3,,,0.0003939269008,,,,,,,,
832.35,,,0.000385464891,,,,,,,,
832.4,,,0.0003770727016,,,,,,,,
832.45,,,0.0003680123653,,,,,,,,
832.5,,,0.0003576742642,,,,,,,,
832.55,,,0.0003456713012,,,,,,,,
832.6,,,0.0003319102292,,,,,,,,
832.65,,,0.0003166291692,,,,,,,,
832.7,,,0.0003003948758,,,,,,,,
832.75,,,0.0002840588791,,,,,,,,
832.8,,,0.0002686772274,,,,,,,,
832.85,,,0.0002554032218,,,,,,,,
832.9,,,0.0002453656436,,,,,,,,
832.95,,,0.0002395462436,,,,,,,,
833,,,0.0002386698155,,,,,,,,
833.05,,,0.0002431183449,,,,,,,,
833.1,,,0.0002528779439,,,,,,,,
833.15,,,0.0002675238895,,,,,,,,
833.2,,,0.0002862453391,,,,,,,,
833.25,,,0.0003079073732,,,,,,,,
833.3,,,0.0003311441337,,,,,,,,
833.35,,,0.0003544733242,,,,,,,,
833.4,,,0.0003764197161,,,,,,,,
833.45,,,0.0003956340732,,,,,,,,
833.5,,,0.0004109945187,,,,,,,,
833.55,,,0.0004216798913,,,,,,,,
833.6,,,0.0004272087717,,,,,,,,
833.65,,,0.000427442859,,,,,,,,
833.7,,,0.0004225582674,,,,,,,,
833.75,,,0.0004129921257,,,,,,,,
833.8,,,0.0003993739543,,,,,,,,
833.85,,,0.0003824514761,,,,,,,,
833.9,,,0.0003630191083,,,,,,,,
833.95,,,0.0003418550537,,,,,,,,
834,,,0.000319670437,,,,,,,,
834.05,,,0.0002970719173,,,,,,,,
834.1,,,0.0002745379662,,,,,,,,
834.15,,,0.0002524084219,,,,,,,,
834.2,,,0.0002308867312,,,,,,,,
834.25,,,0.0002100540349,,,,,,,,
834.3,,,0.0001898936936,,,,,,,,
834.35,,,0.0001703239153,,,,,,,,
834.4,,,0.0001512350679,,,,,,,,
834.45,,,0.0001325273645,,,,,,,,
834.5,,,0.0001141442913,,,,,,,,
834.55,,,9.609759652e-05,,,,,,,,
834.6,,,7.848091082e-05,,,,,,,,
834.65,,,6.14708474e-05,,,,,,,,
834.7,,,4.531636585e-05,,,,,,,,
834.75,,,3.031883501e-05,,,,,,,,
834.8,,,1.680626969e-05,,,,,,,,
834.85,,,5.105519081e-06,,,,,,,,
834.9,,,-4.484179231e-06,,,,,,,,
834.95,,,-1.171364569e-05,,,,,,,,
835,,,-1.640046868e-05,,,,,,,,
835.05,,,-1.843899612e-05,,,,,,,,
835.1,,,-1.780313701e-05,,,,,,,,
835.15,,,-1.454181544e-05,,,,,,,,
835.2,,,-8.767216708e-06,,,,,,,,
835.25,,,-6.364503923e-07,,,,,,,,
835.3,,,9.671940479e-06,,,,,,,,
835.35,,,2.198410297e-05,,,,,,,,
835.4,,,3.615594353e-05,,,,,,,,
835.45,,,5.209258247e-05,,,,,,,,
835.5,,,6.975745423e-05,,,,,,,,
835.55,,,8.9167157e-05,,,,,,,,
835.6,,,0.0001103701326,,,,,,,,
835.65,,,0.0001334101958,,,,,,,,
835.7,,,0.000158279341,,,,,,,,
835.75,,,0.0001848674137,,,,,,,,
835.8,,,0.0002129183311,,,,,,,,
835.85,,,0.0002420028745,,,,,,,,
835.9,,,0.0002715162724,,,,,,,,
835.95,,,0.0003007049329,,,,,,,,
836,,,0.0003287213966,,,,,,,,
836.05,,,0.0003547008842,,,,,,,,
836.1,,,0.000377847989,,,,,,,,
836.15,,,0.0003975192494,,,,,,,,
836.2,,,0.0004132873168,,,,,,,,
836.25,,,0.0004249753685,,,,,,,,
836.3,,,0.0004326557793,,,,,,,,
836.35,,,0.0004366137905,,,,,,,,
836.4,,,0.000437283571,,,,,,,,
836.45,,,0.0004351692823,,,,,,,,
836.5,,,0.0004307664356,,,,,,,,
836.55,,,0.0004244984545,,,,,,,,
836.6,,,0.0004166800339,,,,,,,,
836.65,,,0.0004075133346,,,,,,,,
836.7,,,0.0003971163833,,,,,,,,
836.75,,,0.000385576589,,,,,,,,
836.8,,,0.0003730172407,,,,,,,,
836.85,,,0.0003596621613,,,,,,,,
836.9,,,0.0003458837947,,,,,,,,
836.95,,,0.0003322228485,,,,,,,,
837,,,0.0003193726213,,,,,,,,
837.05,,,0.0003081274184,,,,,,,,
837.1,,,0.0002993008678,,,,,,,,
837.15,,,0.0002936254415,,,,,,,,
837.2,,,0.0002916481692,,,,,,,,
837.25,,,0.0002936389055,,,,,,,,
837.3,,,0.0002995263935,,,,,,,,
837.35,,,0.0003088740029,,,,,,,,
837.4,,,0.0003209018726,,,,,,,,
837.45,,,0.0003345559486,,,,,,,,
837.5,,,0.0003486178356,,,,,,,,
837.55,,,0.0003618432814,,,,,,,,
837.6,,,0.0003731122649,,,,,,,,
837.65,,,0.0003815708052,,,,,,,,
837.7,,,0.0003867443011,,,,,,,,
837.75,,,0.0003886048146,,,,,,,,
837.8,,,0.0003875800944,,,,,,,,
837.85,,,0.0003845001693,,,,,,,,
837.9,,,0.0003804870079,,,,,,,,
837.95,,,0.0003767992792,,,,,,,,
838,,,0.000374656083,,,,,,,,
838.05,,,0.000375064199,,,,,,,,
838.1,,,0.0003786751063,,,,,,,,
838.15,,,0.0003856934514,,,,,,,,
838.2,,,0.000395850467,,,,,,,,
838.25,,,0.0004084452369,,,,,,,,
838.3,,,0.0004224456396,,,,,,,,
838.35,,,0.0004366313822,,,,,,,,
838.4,,,0.0004497555354,,,,,,,,
838.45,,,0.0004606994237,,,,,,,,
838.5,,,0.0004685986931,,,,,,,,
838.55,,,0.0004729249758,,,,,,,,
838.6,,,0.0004735162472,,,,,,,,
838.65,,,0.0004705578262,,,,,,,,
838.7,,,0.0004645233046,,,,,,,,
838.75,,,0.0004560893172,,,,,,,,
838.8,,,0.0004460395557,,,,,,,,
838.85,,,0.0004351721102,,,,,,,,
838.9,,,0.0004242209732,,,,,,,,
838.95,,,0.0004137984698,,,,,,,,
839,,,0.0004043614982,,,,,,,,
839.05,,,0.0003962014152,,,,,,,,
839.1,,,0.0003894553671,,,,,,,,
839.15,,,0.0003841356261,,,,,,,,
839.2,,,0.000380172661,,,,,,,,
839.25,,,0.0003774668623,,,,,,,,
839.3,,,0.0003759429739,,,,,,,,
839.35,,,0.0003756005044,,,,,,,,
839.4,,,0.0003765531418,,,,,,,,
839.45,,,0.0003790508832,,,,,,,,
839.5,,,0.0003834805051,,,,,,,,
839.55,,,0.0003903430232,,,,,,,,
839.6,,,0.0004002104879,,,,,,,,
839.65,,,0.0004136680752,,,,,,,,
839.7,,,0.0004312501686,,,,,,,,
839.75,,,0.0004533803272,,,,,,,,
839.8,,,0.0004803244464,,,,,,,,
839.85,,,0.0005121640061,,,,,,,,
839.9,,,0.0005487930143,,,,,,,,
839.95,,,0.0005899376542,,,,,,,,
840,,,0.0006351951834,,,,,,,,
840.05,,,0.000684083852,,,,,,,,
840.1,,,0.0007360942361,,,,,,,,
840.15,,,0.0007907372414,,,,,,,,
840.2,,,0.0008475769426,,,,,,,,
840.25,,,0.0009062454352,,,,,,,,
840.3,,,0.0009664378247,,,,,,,,
840.35,,,0.001027889348,,,,,,,,
840.4,,,0.001090339893,,,,,,,,
840.45,,,0.001153493776,,,,,,,,
840.5,,,0.001216983915,,,,,,,,
840.55,,,0.001280348786,,,,,,,,
840.6,,,0.001343029387,,,,,,,,
840.65,,,0.001404392686,,,,,,,,
840.7,,,0.001463770017,,,,,,,,
840.75,,,0.001520516488,,,,,,,,
840.8,,,0.001574075147,,,,,,,,
840.85,,,0.001624035386,,,,,,,,
840.9,,,0.001670173889,,,,,,,,
840.95,,,0.001712469039,,,,,,,,
841,,,0.001751084422,,,,,,,,
841.05,,,0.001786323027,,,,,,,,
841.1,,,0.001818559724,,,,,,,,
841.15,,,0.001848164418,,,,,,,,
841.2,,,0.001875430781,,,,,,,,
841.25,,,0.001900525096,,,,,,,,
841.3,,,0.001923466412,,,,,,,,
841.35,,,0.001944143537,,,,,,,,
841.4,,,0.001962367366,,,,,,,,
841.45,,,0.001977950128,,,,,,,,
841.5,,,0.001990797533,,,,,,,,
841.55,,,0.002000996746,,,,,,,,
841.6,,,0.002008883118,,,,,,,,
841.65,,,0.002015071724,,,,,,,,
841.7,,,0.00202044541,,,,,,,,
841.75,,,0.002026098202,,,,,,,,
841.8,,,0.002033240317,,,,,,,,
841.85,,,0.002043077308,,,,,,,,
841.9,,,0.002056680057,,,,,,,,
841.95,,,0.002074863787,,,,,,,,
842,,,0.002098092834,,,,,,,,
842.05,,,0.002126424089,,,,,,,,
842.1,,,0.002159496458,,,,,,,,
842.15,,,0.002196567396,,,,,,,,
842.2,,,0.002236591582,,,,,,,,
842.25,,,0.002278331715,,,,,,,,
842.3,,,0.002320488023,,,,,,,,
842.35,,,0.002361831348,,,,,,,,
842.4,,,0.002401324785,,,,,,,,
842.45,,,0.002438220536,,,,,,,,
842.5,,,0.002472121647,,,,,,,,
842.55,,,0.0025030023,,,,,,,,
842.6,,,0.002531185051,,,,,,,,
842.65,,,0.002557277256,,,,,,,,
842.7,,,0.002582076778,,,,,,,,
842.75,,,0.002606465239,,,,,,,,
842.8,,,0.002631280608,,,,,,,,
842.85,,,0.002657212714,,,,,,,,
842.9,,,0.002684720009,,,,,,,,
842.95,,,0.002713981104,,,,,,,,
843,,,0.002744885757,,,,,,,,
843.05,,,0.002777063638,,,,,,,,
843.1,,,0.002809943048,,,,,,,,
843.15,,,0.002842827202,,,,,,,,
843.2,,,0.00287497354,,,,,,,,
843.25,,,0.002905662371,,,,,,,,
843.3,,,0.002934244838,,,,,,,,
843.35,,,0.00296016573,,,,,,,,
843.4,,,0.002982962991,,,,,,,,
843.45,,,0.003002251137,,,,,,,,
843.5,,,0.003017699141,,,,,,,,
843.55,,,0.003029013794,,,,,,,,
843.6,,,0.003035937212,,,,,,,,
843.65,,,0.003038262598,,,,,,,,
843.7,,,0.003035866972,,,,,,,,
843.75,,,0.003028754605,,,,,,,,
843.8,,,0.00301710163,,,,,,,,
843.85,,,0.003001291415,,,,,,,,
843.9,,,0.002981931781,,,,,,,,
843.95,,,0.002959848561,,,,,,,,
844,,,0.002936054242,,,,,,,,
844.05,,,0.002911694618,,,,,,,,
844.1,,,0.002887979564,,,,,,,,
844.15,,,0.002866105873,,,,,,,,
844.2,,,0.002847180465,,,,,,,,
844.25,,,0.002832151653,,,,,,,,
844.3,,,0.002821754817,,,,,,,,
844.35,,,0.002816477275,,,,,,,,
844.4,,,0.002816545557,,,,,,,,
844.45,,,0.002821930954,,,,,,,,
844.5,,,0.002832400125,,,,,,,,
844.55,,,0.002847555405,,,,,,,,
844.6,,,0.002866909051,,,,,,,,
844.65,,,0.002889962113,,,,,,,,
844.7,,,0.002916281065,,,,,,,,
844.75,,,0.002945562939,,,,,,,,
844.8,,,0.00297768029,,,,,,,,
844.85,,,0.003012700226,,,,,,,,
844.9,,,0.003050875929,,,,,,,,
844.95,,,0.003092613791,,,,,,,,
845,,,0.003138423354,,,,,,,,
845.05,,,0.003188859788,,,,,,,,
845.1,,,0.003244468963,,,,,,,,
845.15,,,0.003305743138,,,,,,,,
845.2,,,0.003373091546,,,,,,,,
845.25,,,0.0034468255,,,,,,,,
845.3,,,0.003527153521,,,,,,,,
845.35,,,0.003614179352,,,,,,,,
845.4,,,0.003707895477,,,,,,,,
845.45,,,0.00380816698,,,,,,,,
845.5,,,0.003914704777,,,,,,,,
845.55,,,0.004027032372,,,,,,,,
845.6,,,0.004144454993,,,,,,,,
845.65,,,0.004266042937,,,,,,,,
845.7,,,0.004390641096,,,,,,,,
845.75,,,0.004516913768,,,,,,,,
845.8,,,0.004643428031,,,,,,,,
845.85,,,0.004768771423,,,,,,,,
845.9,,,0.004891691737,,,,,,,,
845.95,,,0.005011240152,,,,,,,,
846,,,0.005126886485,,,,,,,,
846.05,,,0.005238625042,,,,,,,,
846.1,,,0.005346980332,,,,,,,,
846.15,,,0.005452961908,,,,,,,,
846.2,,,0.005557953413,,,,,,,,
846.25,,,0.005663542907,,,,,,,,
846.3,,,0.005771318812,,,,,,,,
846.35,,,0.005882659478,,,,,,,,
846.4,,,0.005998546072,,,,,,,,
846.45,,,0.006119425224,,,,,,,,
846.5,,,0.006245140153,,,,,,,,
846.55,,,0.006374938202,,,,,,,,
846.6,,,0.006507550949,,,,,,,,
846.65,,,0.006641332297,,,,,,,,
846.7,,,0.006774432199,,,,,,,,
846.75,,,0.006904980074,,,,,,,,
846.8,,,0.007031252888,,,,,,,,
846.85,,,0.007151807791,,,,,,,,
846.9,,,0.007265566882,,,,,,,,
846.95,,,0.007371850489,,,,,,,,
847,,,0.007470363569,,,,,,,,
847.05,,,0.007561146117,,,,,,,,
847.1,,,0.007644501911,,,,,,,,
847.15,,,0.007720920351,,,,,,,,
847.2,,,0.007791003887,,,,,,,,
847.25,,,0.007855409554,,,,,,,,
847.3,,,0.007914808321,,,,,,,,
847.35,,,0.007969861618,,,,,,,,
847.4,,,0.008021199488,,,,,,,,
847.45,,,0.008069444604,,,,,,,,
847.5,,,0.008115201008,,,,,,,,
847.55,,,0.008159038914,,,,,,,,
847.6,,,0.008201494991,,,,,,,,
847.65,,,0.008243059989,,,,,,,,
847.7,,,0.008284163072,,,,,,,,
847.75,,,0.008325155315,,,,,,,,
847.8,,,0.008366294876,,,,,,,,
847.85,,,0.008407735798,,,,,,,,
847.9,,,0.008449521483,,,,,,,,
847.95,,,0.008491582969,,,,,,,,
848,,,0.008533741614,,,,,,,,
848.05,,,0.008575715629,,,,,,,,
848.1,,,0.008617130195,,,,,,,,
848.15,,,0.008657531356,,,,,,,,
848.2,,,0.008696404245,,,,,,,,
848.25,,,0.00873319633,,,,,,,,
848.3,,,0.008767346018,,,,,,,,
848.35,,,0.008798316327,,,,,,,,
848.4,,,0.008825632369,,,,,,,,
848.45,,,0.008848920547,,,,,,,,
848.5,,,0.008867946649,,,,,,,,
848.55,,,0.008882649709,,,,,,,,
848.6,,,0.008893168564,,,,,,,,
848.65,,,0.008899858396,,,,,,,,
848.7,,,0.00890327921,,,,,,,,
848.75,,,0.008904226402,,,,,,,,
848.8,,,0.008903683166,,,,,,,,
848.85,,,0.008902774697,,,,,,,,
848.9,,,0.00890272411,,,,,,,,
848.95,,,0.0089047885,,,,,,,,
849,,,0.008910185864,,,,,,,,
849.05,,,0.008920017108,,,,,,,,
849.1,,,0.008935188743,,,,,,,,
849.15,,,0.008956342893,,,,,,,,
849.2,,,0.008983801734,,,,,,,,
849.25,,,0.009017533082,,,,,,,,
849.3,,,0.00905714243,,,,,,,,
849.35,,,0.00910189435,,,,,,,,
849.4,,,0.009150762951,,,,,,,,
849.45,,,0.009202507659,,,,,,,,
849.5,,,0.00925576736,,,,,,,,
849.55,,,0.009309163696,,,,,,,,
849.6,,,0.009361403351,,,,,,,,
849.65,,,0.009411369886,,,,,,,,
849.7,,,0.009458197833,,,,,,,,
849.75,,,0.009501324771,,,,,,,,
849.8,,,0.009540520939,,,,,,,,
849.85,,,0.009575897774,,,,,,,,
849.9,,,0.009607886211,,,,,,,,
849.95,,,0.009637245667,,,,,,,,
850,,,0.009665031888,,,,,,,,
850.05,,,0.009692559855,,,,,,,,
850.1,,,0.009721288118,,,,,,,,
850.15,,,0.009752834408,,,,,,,,
850.2,,,0.009788895787,,,,,,,,
850.25,,,0.009831151788,,,,,,,,
850.3,,,0.009881181766,,,,,,,,
850.35,,,0.009940368648,,,,,,,,
850.4,,,0.01000981691,,,,,,,,
850.45,,,0.01009028755,,,,,,,,
850.5,,,0.0101821647,,,,,,,,
850.55,,,0.01028546012,,,,,,,,
850.6,,,0.01039985906,,,,,,,,
850.65,,,0.01052480397,,,,,,,,
850.7,,,0.01065960631,,,,,,,,
850.75,,,0.01080357212,,,,,,,,
850.8,,,0.01095612365,,,,,,,,
850.85,,,0.01111690001,,,,,,,,
850.9,,,0.0112858228,,,,,,,,
850.95,,,0.01146311827,,,,,,,,
851,,,0.01164929501,,,,,,,,
851.05,,,0.01184505264,,,,,,,,
851.1,,,0.01205127953,,,,,,,,
851.15,,,0.0122688853,,,,,,,,
851.2,,,0.01249871941,,,,,,,,
851.25,,,0.01274150737,,,,,,,,
851.3,,,0.01299780958,,,,,,,,
851.35,,,0.01326801251,,,,,,,,
851.4,,,0.0135523492,,,,,,,,
851.45,,,0.01385094054,,,,,,,,
851.5,,,0.0141638464,,,,,,,,
851.55,,,0.01449111488,,,,,,,,
851.6,,,0.01483282029,,,,,,,,
851.65,,,0.01518908369,,,,,,,,
851.7,,,0.01556007475,,,,,,,,
851.75,,,0.01594599752,,,,,,,,
851.8,,,0.016347066,,,,,,,,
851.85,,,0.0167634769,,,,,,,,
851.9,,,0.01719538689,,,,,,,,
851.95,,,0.01764289973,,,,,,,,
852,,,0.01810606629,,,,,,,,
852.05,,,0.01858489719,,,,,,,,
852.1,,,0.01907936482,,,,,,,,
852.15,,,0.01958944877,,,,,,,,
852.2,,,0.02011523184,,,,,,,,
852.25,,,0.02065681317,,,,,,,,
852.3,,,0.02121436406,,,,,,,,
852.35,,,0.0217881304,,,,,,,,
852.4,,,0.02237842455,,,,,,,,
852.45,,,0.02298560884,,,,,,,,
852.5,,,0.02361007376,,,,,,,,
852.55,,,0.02425221444,,,,,,,,
852.6,,,0.02491240902,,,,,,,,
852.65,,,0.02559100164,,,,,,,,
852.7,,,0.0262882922,,,,,,,,
852.75,,,0.02700453369,,,,,,,,
852.8,,,0.02773993733,,,,,,,,
852.85,,,0.02849468473,,,,,,,,
852.9,,,0.02926894583,,,,,,,,
852.95,,,0.03006290095,,,,,,,,
853,,,0.0308767648,,,,,,,,
853.05,,,0.03171081069,,,,,,,,
853.1,,,0.03256539323,,,,,,,,
853.15,,,0.03344087022,,,,,,,,
853.2,,,0.03433789788,,,,,,,,
853.25,,,0.03525720154,,,,,,,,
853.3,,,0.0361996384,,,,,,,,
853.35,,,0.03716622763,,,,,,,,
853.4,,,0.03815816535,,,,,,,,
853.45,,,0.03917684032,,,,,,,,
853.5,,,0.04022384925,,,,,,,,
853.55,,,0.04130100959,,,,,,,,
853.6,,,0.04241036741,,,,,,,,
853.65,,,0.04355419827,,,,,,,,
853.7,,,0.0447350006,,,,,,,,
853.75,,,0.04595548253,,,,,,,,
853.8,,,0.04721854585,,,,,,,,
853.85,,,0.04852727116,,,,,,,,
853.9,,,0.0498849095,,,,,,,,
853.95,,,0.05129488394,,,,,,,,
854,,,0.05276080223,,,,,,,,
854.05,,,0.0542864787,,,,,,,,
854.1,,,0.0558758997,,,,,,,,
854.15,,,0.05753327655,,,,,,,,
854.2,,,0.05926332086,,,,,,,,
854.25,,,0.06107085164,,,,,,,,
854.3,,,0.06296091055,,,,,,,,
854.35,,,0.06493871027,,,,,,,,
854.4,,,0.06700956887,,,,,,,,
854.45,,,0.06917884105,,,,,,,,
854.5,,,0.07145185871,,,,,,,,
854.55,,,0.07383389257,,,,,,,,
854.6,,,0.07633014368,,,,,,,,
854.65,,,0.07894576756,,,,,,,,
854.7,,,0.08168592801,,,,,,,,
854.75,,,0.08455587156,,,,,,,,
854.8,,,0.08756100901,,,,,,,,
854.85,,,0.09070698931,,,,,,,,
854.9,,,0.09399975146,,,,,,,,
854.95,,,0.09744554502,,,,,,,,
855,,,0.101050914,,,,,,,,
855.05,,,0.1048224407,,,,,,,,
855.1,,,0.1087670795,,,,,,,,
855.15,,,0.1128920657,,,,,,,,
855.2,,,0.1172044106,,,,,,,,
855.25,,,0.1217110206,,,,,,,,
855.3,,,0.1264186365,,,,,,,,
855.35,,,0.1313337978,,,,,,,,
855.4,,,0.1364628368,,,,,,,,
855.45,,,0.1418118967,,,,,,,,
855.5,,,0.1473869672,,,,,,,,
855.55,,,0.1531939275,,,,,,,,
855.6,,,0.1592385863,,,,,,,,
855.65,,,0.1655267115,,,,,,,,
855.7,,,0.1720640401,,,,,,,,
855.75,,,0.1788562677,,,,,,,,
855.8,,,0.1859090144,,,,,,,,
855.85,,,0.1932277736,,,,,,,,
855.9,,,0.2008178462,,,,,,,,
855.95,,,0.2086839274,,,,,,,,
856,,,0.2168305609,,,,,,,,
856.05,,,0.2252625389,,,,,,,,
856.1,,,0.2339836955,,,,,,,,
856.15,,,0.2429973488,,,,,,,,
856.2,,,0.2523062559,,,,,,,,
856.25,,,0.2619125664,,,,,,,,
856.3,,,0.2718177699,,,,,,,,
856.35,,,0.2820226279,,,,,,,,
856.4,,,0.2925270868,,,,,,,,
856.45,,,0.3033301705,,,,,,,,
856.5,,,0.3144298546,,,,,,,,
856.55,,,0.3258229292,,,,,,,,
856.6,,,0.3375048629,,,,,,,,
856.65,,,0.3494696796,,,,,,,,
856.7,,,0.3617098619,,,,,,,,
856.75,,,0.3742162922,,,,,,,,
856.8,,,0.3869782376,,,,,,,,
856.85,,,0.399981922,,,,,,,,
856.9,,,0.4132148849,,,,,,,,
856.95,,,0.426662006,,,,,,,,
857,,,0.44030678,,,,,,,,
857.05,,,0.4541315511,,,,,,,,
857.1,,,0.468117634,,,,,,,,
857.15,,,0.4822454165,,,,,,,,
857.2,,,0.4964944343,,,,,,,,
857.25,,,0.5108434218,,,,,,,,
857.3,,,0.5252703419,,,,,,,,
857.35,,,0.5397524071,,,,,,,,
857.4,,,0.5542661044,,,,,,,,
857.45,,,0.5687872367,,,,,,,,
857.5,,,0.5832909961,,,,,,,,
857.55,,,0.5977520741,,,,,,,,
857.6,,,0.6121448139,,,,,,,,
857.65,,,0.6264433545,,,,,,,,
857.7,,,0.6406195452,,,,,,,,
857.75,,,0.6546504002,,,,,,,,
857.8,,,0.6685110288,,,,,,,,
857.85,,,0.6821773244,,,,,,,,
857.9,,,0.6956261772,,,,,,,,
857.95,,,0.7088356533,,,,,,,,
858,,,0.7217851333,,,,,,,,
858.05,,,0.7344554089,,,,,,,,
858.1,,,0.7468287413,,,,,,,,
858.15,,,0.7588888868,,,,,,,,
858.2,,,0.7706210989,,,,,,,,
858.25,,,0.782012115,,,,,,,,
858.3,,,0.7930501371,,,,,,,,
858.35,,,0.8037248128,,,,,,,,
858.4,,,0.8140272228,,,,,,,,
858.45,,,0.8239498777,,,,,,,,
858.5,,,0.8334846838,,,,,,,,
858.55,,,0.8426277843,,,,,,,,
858.6,,,0.8513773719,,,,,,,,
858.65,,,0.859731837,,,,,,,,
858.7,,,0.8676910964,,,,,,,,
858.75,,,0.8752566058,,,,,,,,
858.8,,,0.8824313529,,,,,,,,
858.85,,,0.8892198285,,,,,,,,
858.9,,,0.8956279706,,,,,,,,
858.95,,,0.9016630825,,,,,,,,
859,,,0.9073337234,,,,,,,,
859.05,,,0.9126495779,,,,,,,,
859.1,,,0.9176213061,,,,,,,,
859.15,,,0.9222603842,,,,,,,,
859.2,,,0.9265789395,,,,,,,,
859.25,,,0.9305895891,,,,,,,,
859.3,,,0.9343026942,,,,,,,,
859.35,,,0.9377327015,,,,,,,,
859.4,,,0.9408941944,,,,,,,,
859.45,,,0.9438004533,,,,,,,,
859.5,,,0.9464647054,,,,,,,,
859.55,,,0.9489000808,,,,,,,,
859.6,,,0.9511195817,,,,,,,,
859.65,,,0.9531360671,,,,,,,,
859.7,,,0.9549622081,,,,,,,,
859.75,,,0.9566105443,,,,,,,,
859.8,,,0.9580932389,,,,,,,,
859.85,,,0.9594225491,,,,,,,,
859.9,,,0.9606097327,,,,,,,,
859.95,,,0.9616668972,,,,,,,,
860,,,0.9626038604,,,,,,,,
860.05,,,0.9634244173,,,,,,,,
860.1,,,0.9641419541,,,,,,,,
860.15,,,0.9647698415,,,,,,,,
860.2,,,0.9653165825,,,,,,,,
860.25,,,0.965790487,,,,,,,,
860.3,,,0.9661988209,,,,,,,,
860.35,,,0.9665483437,,,,,,,,
860.4,,,0.9668450011,,,,,,,,
860.45,,,0.9670940743,,,,,,,,
860.5,,,0.9673001624,,,,,,,,
860.55,,,0.9674672614,,,,,,,,
860.6,,,0.9675988485,,,,,,,,
860.65,,,0.9676979975,,,,,,,,
860.7,,,0.9677675123,,,,,,,,
860.75,,,0.967810068,,,,,,,,
860.8,,,0.9678282952,,,,,,,,
860.85,,,0.9678207687,,,,,,,,
860.9,,,0.9677948134,,,,,,,,
860.95,,,0.9677537267,,,,,,,,
861,,,0.9677010466,,,,,,,,
861.05,,,0.9676404837,,,,,,,,
861.1,,,0.9675758043,,,,,,,,
861.15,,,0.967510674,,,,,,,,
861.2,,,0.9674484848,,,,,,,,
861.25,,,0.9673921843,,,,,,,,
861.3,,,0.9673441312,,,,,,,,
861.35,,,0.9673059951,,,,,,,,
861.4,,,0.9672787132,,,,,,,,
861.45,,,0.9672625103,,,,,,,,
861.5,,,0.9672569783,,,,,,,,
861.55,,,0.9672601196,,,,,,,,
861.6,,,0.967268408,,,,,,,,
861.65,,,0.9672838201,,,,,,,,
861.7,,,0.9673049925,,,,,,,,
861.75,,,0.9673307355,,,,,,,,
861.8,,,0.9673601476,,,,,,,,
861.85,,,0.9673926811,,,,,,,,
861.9,,,0.9674281543,,,,,,,,
861.95,,,0.9674667177,,,,,,,,
862,,,0.96750878,,,,,,,,
862.05,,,0.9675549098,,,,,,,,
862.1,,,0.967605725,,,,,,,,
862.15,,,0.967661783,,,,,,,,
862.2,,,0.9677234851,,,,,,,,
862.25,,,0.9677910001,,,,,,,,
862.3,,,0.9678605184,,,,,,,,
862.35,,,0.9679344815,,,,,,,,
862.4,,,0.968013061,,,,,,,,
862.45,,,0.9680953087,,,,,,,,
862.5,,,0.9681800601,,,,,,,,
862.55,,,0.9682659927,,,,,,,,
862.6,,,0.9683516912,,,,,,,,
862.65,,,0.968435714,,,,,,,,
862.7,,,0.9685166582,,,,,,,,
862.75,,,0.9685932197,,,,,,,,
862.8,,,0.9686642425,,,,,,,,
862.85,,,0.9687287541,,,,,,,,
862.9,,,0.9687859826,,,,,,,,
862.95,,,0.9688353515,,,,,,,,
863,,,0.9688732243,,,,,,,,
863.05,,,0.968901138,,,,,,,,
863.1,,,0.9689203298,,,,,,,,
863.15,,,0.9689306164,,,,,,,,
863.2,,,0.9689317492,,,,,,,,
863.25,,,0.9689233504,,,,,,,,
863.3,,,0.9689048586,,,,,,,,
863.35,,,0.9688754907,,,,,,,,
863.4,,,0.9688342255,,,,,,,,
863.45,,,0.9687798087,,,,,,,,
863.5,,,0.9687107806,,,,,,,,
863.55,,,0.9686255196,,,,,,,,
863.6,,,0.9685222981,,,,,,,,
863.65,,,0.96839934,,,,,,,,
863.7,,,0.9682507523,,,,,,,,
863.75,,,0.9680783343,,,,,,,,
863.8,,,0.9678810881,,,,,,,,
863.85,,,0.9676574727,,,,,,,,
863.9,,,0.9674059968,,,,,,,,
863.95,,,0.9671251607,,,,,,,,
864,,,0.9668133693,,,,,,,,
864.05,,,0.9664688247,,,,,,,,
864.1,,,0.9660894055,,,,,,,,
864.15,,,0.9656725458,,,,,,,,
864.2,,,0.9652151224,,,,,,,,
864.25,,,0.9647133636,,,,,,,,
864.3,,,0.9641627849,,,,,,,,
864.35,,,0.9635566264,,,,,,,,
864.4,,,0.9628872134,,,,,,,,
864.45,,,0.9621512246,,,,,,,,
864.5,,,0.9613415115,,,,,,,,
864.55,,,0.960450498,,,,,,,,
864.6,,,0.95947034,,,,,,,,
864.65,,,0.9583930903,,,,,,,,
864.7,,,0.9572108908,,,,,,,,
864.75,,,0.9559160718,,,,,,,,
864.8,,,0.9545014804,,,,,,,,
864.85,,,0.9529602097,,,,,,,,
864.9,,,0.9512865236,,,,,,,,
864.95,,,0.9494746107,,,,,,,,
865,,,0.9475204007,,,,,,,,
865.05,,,0.9454210477,,,,,,,,
865.1,,,0.9431736484,,,,,,,,
865.15,,,0.9407765175,,,,,,,,
865.2,,,0.9382304552,,,,,,,,
865.25,,,0.935537011,,,,,,,,
865.3,,,0.9327000869,,,,,,,,
865.35,,,0.9297253144,,,,,,,,
865.4,,,0.9266206617,,,,,,,,
865.45,,,0.9233964137,,,,,,,,
865.5,,,0.9200653547,,,,,,,,
865.55,,,0.9166428012,,,,,,,,
865.6,,,0.9131465868,,,,,,,,
865.65,,,0.9095969574,,,,,,,,
865.7,,,0.9060117426,,,,,,,,
865.75,,,0.9024199272,,,,,,,,
865.8,,,0.8988476664,,,,,,,,
865.85,,,0.8953222359,,,,,,,,
865.9,,,0.8918716546,,,,,,,,
865.95,,,0.8885241845,,,,,,,,
866,,,0.8853078132,,,,,,,,
866.05,,,0.8822497359,,,,,,,,
866.1,,,0.8793758583,,,,,,,,
866.15,,,0.8767103324,,,,,,,,
866.2,,,0.8742751401,,,,,,,,
866.25,,,0.8720897296,,,,,,,,
866.3,,,0.8701699365,,,,,,,,
866.35,,,0.8685261691,,,,,,,,
866.4,,,0.8671726465,,,,,,,,
866.45,,,0.8661163437,,,,,,,,
866.5,,,0.8653608392,,,,,,,,
866.55,,,0.8649063299,,,,,,,,
866.6,,,0.8647497003,,,,,,,,
866.65,,,0.8648846445,,,,,,,,
866.7,,,0.8653018367,,,,,,,,
866.75,,,0.8659891477,,,,,,,,
866.8,,,0.8669318994,,,,,,,,
866.85,,,0.8681131521,,,,,,,,
866.9,,,0.8695140144,,,,,,,,
866.95,,,0.8711112871,,,,,,,,
867,,,0.8728838364,,,,,,,,
867.05,,,0.8748110124,,,,,,,,
867.1,,,0.8768695372,,,,,,,,
867.15,,,0.8790359083,,,,,,,,
867.2,,,0.8812867509,,,,,,,,
867.25,,,0.8835991651,,,,,,,,
867.3,,,0.8859510657,,,,,,,,
867.35,,,0.8883215146,,,,,,,,
867.4,,,0.8906910402,,,,,,,,
867.45,,,0.8930419376,,,,,,,,
867.5,,,0.8953585395,,,,,,,,
867.55,,,0.8976265842,,,,,,,,
867.6,,,0.8998319716,,,,,,,,
867.65,,,0.901970381,,,,,,,,
867.7,,,0.9040360897,,,,,,,,
867.75,,,0.9060259742,,,,,,,,
867.8,,,0.9079393998,,,,,,,,
867.85,,,0.9097780237,,,,,,,,
867.9,,,0.9115455179,,,,,,,,
867.95,,,0.9132472295,,,,,,,,
868,,,0.9148897945,,,,,,,,
868.05,,,0.9164807299,,,,,,,,
868.1,,,0.9180280259,,,,,,,,
868.15,,,0.9195397594,,,,,,,,
868.2,,,0.9210187603,,,,,,,,
868.25,,,0.9224772535,,,,,,,,
868.3,,,0.923921915,,,,,,,,
868.35,,,0.9253584496,,,,,,,,
868.4,,,0.9267916099,,,,,,,,
868.45,,,0.9282251726,,,,,,,,
868.5,,,0.9296619544,,,,,,,,
868.55,,,0.9311038553,,,,,,,,
868.6,,,0.9325519194,,,,,,,,
868.65,,,0.9340064037,,,,,,,,
868.7,,,0.9354668467,,,,,,,,
868.75,,,0.936932133,,,,,,,,
868.8,,,0.9383954194,,,,,,,,
868.85,,,0.9398595098,,,,,,,,
868.9,,,0.9413218736,,,,,,,,
868.95,,,0.9427794462,,,,,,,,
869,,,0.9442288301,,,,,,,,
869.05,,,0.945666357,,,,,,,,
869.1,,,0.9470881471,,,,,,,,
869.15,,,0.94849017,,,,,,,,
869.2,,,0.9498683077,,,,,,,,
869.25,,,0.9512184223,,,,,,,,
869.3,,,0.9525364304,,,,,,,,
869.35,,,0.9538175885,,,,,,,,
869.4,,,0.9550543287,,,,,,,,
869.45,,,0.9562479302,,,,,,,,
869.5,,,0.9573954617,,,,,,,,
869.55,,,0.9584945308,,,,,,,,
869.6,,,0.9595433765,,,,,,,,
869.65,,,0.9605409311,,,,,,,,
869.7,,,0.9614868664,,,,,,,,
869.75,,,0.962381538,,,,,,,,
869.8,,,0.9632260772,,,,,,,,
869.85,,,0.964022008,,,,,,,,
869.9,,,0.9647716665,,,,,,,,
869.95,,,0.9654746807,,,,,,,,
870,,,0.966134302,,,,,,,,
870.05,,,0.9667637691,,,,,,,,
870.1,,,0.9673593693,,,,,,,,
870.15,,,0.9679212343,,,,,,,,
870.2,,,0.9684533754,,,,,,,,
870.25,,,0.9689572989,,,,,,,,
870.3,,,0.969435501,,,,,,,,
870.35,,,0.9698896661,,,,,,,,
870.4,,,0.9703214958,,,,,,,,
870.45,,,0.9707324148,,,,,,,,
870.5,,,0.9711237078,,,,,,,,
870.55,,,0.9714908775,,,,,,,,
870.6,,,0.9718406534,,,,,,,,
870.65,,,0.9721741897,,,,,,,,
870.7,,,0.9724926355,,,,,,,,
870.75,,,0.9727972292,,,,,,,,
870.8,,,0.9730893269,,,,,,,,
870.85,,,0.9733704092,,,,,,,,
870.9,,,0.9736420639,,,,,,,,
870.95,,,0.9739059479,,,,,,,,
871,,,0.9741637295,,,,,,,,
871.05,,,0.9744170173,,,,,,,,
871.1,,,0.9746634961,,,,,,,,
871.15,,,0.9749062405,,,,,,,,
871.2,,,0.9751483515,,,,,,,,
871.25,,,0.9753906642,,,,,,,,
871.3,,,0.9756337776,,,,,,,,
871.35,,,0.9758780877,,,,,,,,
871.4,,,0.9761238383,,,,,,,,
871.45,,,0.9763711859,,,,,,,,
871.5,,,0.9766202745,,,,,,,,
871.55,,,0.9768713147,,,,,,,,
871.6,,,0.9771246571,,,,,,,,
871.65,,,0.9773781244,,,,,,,,
871.7,,,0.9776321086,,,,,,,,
871.75,,,0.9778909344,,,,,,,,
871.8,,,0.9781560708,,,,,,,,
871.85,,,0.9784292864,,,,,,,,
871.9,,,0.9787125932,,,,,,,,
871.95,,,0.9790081484,,,,,,,,
872,,,0.9793181208,,,,,,,,
872.05,,,0.9796445365,,,,,,,,
872.1,,,0.9799891178,,,,,,,,
872.15,,,0.9803531329,,,,,,,,
872.2,,,0.9807347753,,,,,,,,
872.25,,,0.981133111,,,,,,,,
872.3,,,0.9815510922,,,,,,,,
872.35,,,0.9819875836,,,,,,,,
872.4,,,0.9824409781,,,,,,,,
872.45,,,0.9829093447,,,,,,,,
872.5,,,0.9833905893,,,,,,,,
872.55,,,0.9838826103,,,,,,,,
872.6,,,0.984383437,,,,,,,,
872.65,,,0.9848913362,,,,,,,,
872.7,,,0.9854048805,,,,,,,,
872.75,,,0.9859198773,,,,,,,,
872.8,,,0.9864356928,,,,,,,,
872.85,,,0.9869549462,,,,,,,,
872.9,,,0.9874775397,,,,,,,,
872.95,,,0.9880036123,,,,,,,,
873,,,0.9885334682,,,,,,,,
873.05,,,0.9890674832,,,,,,,,
873.1,,,0.9896059962,,,,,,,,
873.15,,,0.9901491928,,,,,,,,
873.2,,,0.9906969902,,,,,,,,
873.25,,,0.9912489313,,,,,,,,
873.3,,,0.9917995587,,,,,,,,
873.35,,,0.992350382,,,,,,,,
873.4,,,0.9929012324,,,,,,,,
873.45,,,0.9934498585,,,,,,,,
873.5,,,0.9939936939,,,,,,,,
873.55,,,0.9945299751,,,,,,,,
873.6,,,0.9950558621,,,,,,,,
873.65,,,0.9955685486,,,,,,,,
873.7,,,0.9960653476,,,,,,,,
873.75,,,0.9965437436,,,,,,,,
873.8,,,0.9970008747,,,,,,,,
873.85,,,0.9974293196,,,,,,,,
873.9,,,0.9978328524,,,,,,,,
873.95,,,0.9982095299,,,,,,,,
874,,,0.9985574049,,,,,,,,
874.05,,,0.9988744523,,,,,,,,
874.1,,,0.9991584854,,,,,,,,
874.15,,,0.9994070728,,,,,,,,
874.2,,,0.9996174649,,,,,,,,
874.25,,,0.9997865353,,,,,,,,
874.3,,,0.9999107439,,,,,,,,
874.35,,,0.9999825557,,,,,,,,
874.4,,,0.9999983728,,,,,,,,
874.45,,,0.9999563665,,,,,,,,
874.5,,,0.9998516408,,,,,,,,
874.55,,,0.9996791601,,,,,,,,
874.6,,,0.999433839,,,,,,,,
874.65,,,0.999110604,,,,,,,,
874.7,,,0.9987044187,,,,,,,,
874.75,,,0.9982102687,,,,,,,,
874.8,,,0.9976231065,,,,,,,,
874.85,,,0.9969367881,,,,,,,,
874.9,,,0.9961414397,,,,,,,,
874.95,,,0.9952368276,,,,,,,,
875,,,0.994216864,,,,,,,,
875.05,,,0.9930749902,,,,,,,,
875.1,,,0.9918041312,,,,,,,,
875.15,,,0.990396663,,,,,,,,
875.2,,,0.9888443967,,,,,,,,
875.25,,,0.987138582,,,,,,,,
875.3,,,0.9852699295,,,,,,,,
875.35,,,0.9832286533,,,,,,,,
875.4,,,0.9809990601,,,,,,,,
875.45,,,0.9785752009,,,,,,,,
875.5,,,0.9759472821,,,,,,,,
875.55,,,0.9731045715,,,,,,,,
875.6,,,0.970036446,,,,,,,,
875.65,,,0.9667325199,,,,,,,,
875.7,,,0.9631827458,,,,,,,,
875.75,,,0.9593774872,,,,,,,,
875.8,,,0.9553075639,,,,,,,,
875.85,,,0.9509642752,,,,,,,,
875.9,,,0.9463352141,,,,,,,,
875.95,,,0.9414148625,,,,,,,,
876,,,0.9361981061,,,,,,,,
876.05,,,0.9306784427,,,,,,,,
876.1,,,0.9248500196,,,,,,,,
876.15,,,0.9187076604,,,,,,,,
876.2,,,0.9122468699,,,,,,,,
876.25,,,0.9054638197,,,,,,,,
876.3,,,0.8983553217,,,,,,,,
876.35,,,0.890918797,,,,,,,,
876.4,,,0.8831487378,,,,,,,,
876.45,,,0.87504491,,,,,,,,
876.5,,,0.8666089548,,,,,,,,
876.55,,,0.8578410034,,,,,,,,
876.6,,,0.8487421104,,,,,,,,
876.65,,,0.8393143834,,,,,,,,
876.7,,,0.8295610991,,,,,,,,
876.75,,,0.8194867952,,,,,,,,
876.8,,,0.8090973318,,,,,,,,
876.85,,,0.7983999156,,,,,,,,
876.9,,,0.7873997498,,,,,,,,
876.95,,,0.776108007,,,,,,,,
877,,,0.7645378321,,,,,,,,
877.05,,,0.752701718,,,,,,,,
877.1,,,0.7406133757,,,,,,,,
877.15,,,0.7282876426,,,,,,,,
877.2,,,0.7157403649,,,,,,,,
877.25,,,0.7029882591,,,,,,,,
877.3,,,0.6900487615,,,,,,,,
877.35,,,0.6769398734,,,,,,,,
877.4,,,0.6636765219,,,,,,,,
877.45,,,0.6502797304,,,,,,,,
877.5,,,0.6367696396,,,,,,,,
877.55,,,0.623165529,,,,,,,,
877.6,,,0.6094868635,,,,,,,,
877.65,,,0.595753245,,,,,,,,
877.7,,,0.581984352,,,,,,,,
877.75,,,0.5681998615,,,,,,,,
877.8,,,0.5544193518,,,,,,,,
877.85,,,0.5406621881,,,,,,,,
877.9,,,0.5269436348,,,,,,,,
877.95,,,0.5132858856,,,,,,,,
878,,,0.499707143,,,,,,,,
878.05,,,0.4862249635,,,,,,,,
878.1,,,0.4728562201,,,,,,,,
878.15,,,0.4596170097,,,,,,,,
878.2,,,0.4465225677,,,,,,,,
878.25,,,0.4335871909,,,,,,,,
878.3,,,0.4208241745,,,,,,,,
878.35,,,0.4082448583,,,,,,,,
878.4,,,0.3958591842,,,,,,,,
878.45,,,0.3836793668,,,,,,,,
878.5,,,0.3717146313,,,,,,,,
878.55,,,0.3599732616,,,,,,,,
878.6,,,0.348462633,,,,,,,,
878.65,,,0.3371892372,,,,,,,,
878.7,,,0.3261586964,,,,,,,,
878.75,,,0.3153757718,,,,,,,,
878.8,,,0.3048443686,,,,,,,,
878.85,,,0.2945659165,,,,,,,,
878.9,,,0.2845435667,,,,,,,,
878.95,,,0.274779491,,,,,,,,
879,,,0.2652745397,,,,,,,,
879.05,,,0.2560289182,,,,,,,,
879.1,,,0.2470422296,,,,,,,,
879.15,,,0.2383135077,,,,,,,,
879.2,,,0.229841241,,,,,,,,
879.25,,,0.2216233888,,,,,,,,
879.3,,,0.2136570365,,,,,,,,
879.35,,,0.2059381408,,,,,,,,
879.4,,,0.1984644755,,,,,,,,
879.45,,,0.1912321587,,,,,,,,
879.5,,,0.1842369472,,,,,,,,
879.55,,,0.1774742839,,,,,,,,
879.6,,,0.1709393444,,,,,,,,
879.65,,,0.1646270822,,,,,,,,
879.7,,,0.1585322699,,,,,,,,
879.75,,,0.1526495353,,,,,,,,
879.8,,,0.1469724283,,,,,,,,
879.85,,,0.14149607,,,,,,,,
879.9,,,0.136215136,,,,,,,,
879.95,,,0.1311240421,,,,,,,,
880,,,0.1262173136,,,,,,,,
880.05,,,0.1214894987,,,,,,,,
880.1,,,0.116935044,,,,,,,,
880.15,,,0.1125484677,,,,,,,,
880.2,,,0.1083244354,,,,,,,,
880.25,,,0.1042572681,,,,,,,,
880.3,,,0.1003417054,,,,,,,,
880.35,,,0.09657313625,,,,,,,,
880.4,,,0.09294664604,,,,,,,,
880.45,,,0.08945745938,,,,,,,,
880.5,,,0.0861009372,,,,,,,,
880.55,,,0.08287256753,,,,,,,,
880.6,,,0.07976794969,,,,,,,,
880.65,,,0.07678277636,,,,,,,,
880.7,,,0.07391268397,,,,,,,,
880.75,,,0.07115315684,,,,,,,,
880.8,,,0.06850057101,,,,,,,,
880.85,,,0.06595093925,,,,,,,,
880.9,,,0.06350037757,,,,,,,,
880.95,,,0.06114512478,,,,,,,,
881,,,0.05888156216,,,,,,,,
881.05,,,0.05670623002,,,,,,,,
881.1,,,0.05461583812,,,,,,,,
881.15,,,0.05260724624,,,,,,,,
881.2,,,0.05067710795,,,,,,,,
881.25,,,0.0488230267,,,,,,,,
881.3,,,0.0470423547,,,,,,,,
881.35,,,0.04533255324,,,,,,,,
881.4,,,0.04369115854,,,,,,,,
881.45,,,0.04211574553,,,,,,,,
881.5,,,0.04060389391,,,,,,,,
881.55,,,0.0391531606,,,,,,,,
881.6,,,0.03776106207,,,,,,,,
881.65,,,0.03642476919,,,,,,,,
881.7,,,0.03514199645,,,,,,,,
881.75,,,0.0339101958,,,,,,,,
881.8,,,0.03272683106,,,,,,,,
881.85,,,0.03158942762,,,,,,,,
881.9,,,0.03049560975,,,,,,,,
881.95,,,0.02944313444,,,,,,,,
882,,,0.02842991918,,,,,,,,
882.05,,,0.02745406137,,,,,,,,
882.1,,,0.02651363524,,,,,,,,
882.15,,,0.02560731778,,,,,,,,
882.2,,,0.02473380749,,,,,,,,
882.25,,,0.0238919733,,,,,,,,
882.3,,,0.02308085058,,,,,,,,
882.35,,,0.02229961783,,,,,,,,
882.4,,,0.02154756832,,,,,,,,
882.45,,,0.02082407787,,,,,,,,
882.5,,,0.0201285698,,,,,,,,
882.55,,,0.01946031097,,,,,,,,
882.6,,,0.01881887592,,,,,,,,
882.65,,,0.01820363262,,,,,,,,
882.7,,,0.01761387199,,,,,,,,
882.75,,,0.01704879135,,,,,,,,
882.8,,,0.01650748704,,,,,,,,
882.85,,,0.01598895882,,,,,,,,
882.9,,,0.01549212711,,,,,,,,
882.95,,,0.01501584708,,,,,,,,
883,,,0.01455887959,,,,,,,,
883.05,,,0.01412022824,,,,,,,,
883.1,,,0.01369887363,,,,,,,,
883.15,,,0.01329392159,,,,,,,,
883.2,,,0.01290463536,,,,,,,,
883.25,,,0.01253045418,,,,,,,,
883.3,,,0.01217099625,,,,,,,,
883.35,,,0.01182604643,,,,,,,,
883.4,,,0.01149550017,,,,,,,,
883.45,,,0.01117935126,,,,,,,,
883.5,,,0.01087776657,,,,,,,,
883.55,,,0.01059087572,,,,,,,,
883.6,,,0.01031879741,,,,,,,,
883.65,,,0.01006160568,,,,,,,,
883.7,,,0.009819302362,,,,,,,,
883.75,,,0.009591795981,,,,,,,,
883.8,,,0.009378887179,,,,,,,,
883.85,,,0.009180214709,,,,,,,,
883.9,,,0.008995355543,,,,,,,,
883.95,,,0.008823796956,,,,,,,,
884,,,0.008664889972,,,,,,,,
884.05,,,0.008517897638,,,,,,,,
884.1,,,0.008382015577,,,,,,,,
884.15,,,0.008256396477,,,,,,,,
884.2,,,0.008140176862,,,,,,,,
884.25,,,0.008032503811,,,,,,,,
884.3,,,0.007932498563,,,,,,,,
884.35,,,0.007839451262,,,,,,,,
884.4,,,0.007752672469,,,,,,,,
884.45,,,0.007671537752,,,,,,,,
884.5,,,0.007595490398,,,,,,,,
884.55,,,0.007524031643,,,,,,,,
884.6,,,0.00745670753,,,,,,,,
884.65,,,0.007393095992,,,,,,,,
884.7,,,0.007332779853,,,,,,,,
884.75,,,0.00727535587,,,,,,,,
884.8,,,0.007220513552,,,,,,,,
884.85,,,0.00716794152,,,,,,,,
884.9,,,0.007117388536,,,,,,,,
884.95,,,0.007068685422,,,,,,,,
885,,,0.007021764842,,,,,,,,
885.05,,,0.006976674693,,,,,,,,
885.1,,,0.006933581493,,,,,,,,
885.15,,,0.006892719043,,,,,,,,
885.2,,,0.006854480966,,,,,,,,
885.25,,,0.006819302774,,,,,,,,
885.3,,,0.006787621392,,,,,,,,
885.35,,,0.006759843318,,,,,,,,
885.4,,,0.006736299295,,,,,,,,
885.45,,,0.006717204099,,,,,,,,
885.5,,,0.006702625838,,,,,,,,
885.55,,,0.006692453107,,,,,,,,
885.6,,,0.006686397236,,,,,,,,
885.65,,,0.006684079253,,,,,,,,
885.7,,,0.006684950744,,,,,,,,
885.75,,,0.006688369947,,,,,,,,
885.8,,,0.006693644854,,,,,,,,
885.85,,,0.00670007882,,,,,,,,
885.9,,,0.006707014688,,,,,,,,
885.95,,,0.006713873865,,,,,,,,
886,,,0.006720141797,,,,,,,,
886.05,,,0.006725519666,,,,,,,,
886.1,,,0.00672982117,,,,,,,,
886.15,,,0.006732993865,,,,,,,,
886.2,,,0.006735115586,,,,,,,,
886.25,,,0.006736372718,,,,,,,,
886.3,,,0.006737030408,,,,,,,,
886.35,,,0.006737397533,,,,,,,,
886.4,,,0.006737763354,,,,,,,,
886.45,,,0.0067384145,,,,,,,,
886.5,,,0.006739609485,,,,,,,,
886.55,,,0.006741500305,,,,,,,,
886.6,,,0.006744148598,,,,,,,,
886.65,,,0.006747523869,,,,,,,,
886.7,,,0.006751510846,,,,,,,,
886.75,,,0.006755924314,,,,,,,,
886.8,,,0.006760519107,,,,,,,,
886.85,,,0.006764997996,,,,,,,,
886.9,,,0.006769139108,,,,,,,,
886.95,,,0.006772691842,,,,,,,,
887,,,0.006775438105,,,,,,,,
887.05,,,0.006777203157,,,,,,,,
887.1,,,0.006777860247,,,,,,,,
887.15,,,0.006777329309,,,,,,,,
887.2,,,0.006775570539,,,,,,,,
887.25,,,0.006772523179,,,,,,,,
887.3,,,0.00676824297,,,,,,,,
887.35,,,0.006762747106,,,,,,,,
887.4,,,0.006756041967,,,,,,,,
887.45,,,0.006748116352,,,,,,,,
887.5,,,0.006738933445,,,,,,,,
887.55,,,0.006728426097,,,,,,,,
887.6,,,0.006716495945,,,,,,,,
887.65,,,0.006702976541,,,,,,,,
887.7,,,0.006687746812,,,,,,,,
887.75,,,0.0066706645,,,,,,,,
887.8,,,0.006651575588,,,,,,,,
887.85,,,0.006630340567,,,,,,,,
887.9,,,0.006606844013,,,,,,,,
887.95,,,0.006581000187,,,,,,,,
888,,,0.006552753714,,,,,,,,
888.05,,,0.006522043587,,,,,,,,
888.1,,,0.006488868108,,,,,,,,
888.15,,,0.006453243992,,,,,,,,
888.2,,,0.006415161568,,,,,,,,
888.25,,,0.006374594696,,,,,,,,
888.3,,,0.006331491609,,,,,,,,
888.35,,,0.00628576956,,,,,,,,
888.4,,,0.0062373145,,,,,,,,
888.45,,,0.006185960839,,,,,,,,
888.5,,,0.006131554619,,,,,,,,
888.55,,,0.006073969648,,,,,,,,
888.6,,,0.006013079689,,,,,,,,
888.65,,,0.005948805848,,,,,,,,
888.7,,,0.005881138379,,,,,,,,
888.75,,,0.005810154865,,,,,,,,
888.8,,,0.005736032441,,,,,,,,
888.85,,,0.005659029944,,,,,,,,
888.9,,,0.005579524428,,,,,,,,
888.95,,,0.005498007958,,,,,,,,
889,,,0.005415012829,,,,,,,,
889.05,,,0.005331106078,,,,,,,,
889.1,,,0.005246853921,,,,,,,,
889.15,,,0.00516278353,,,,,,,,
889.2,,,0.00507934578,,,,,,,,
889.25,,,0.004996861934,,,,,,,,
889.3,,,0.004915539569,,,,,,,,
889.35,,,0.004835466605,,,,,,,,
889.4,,,0.004756566705,,,,,,,,
889.45,,,0.004678635243,,,,,,,,
889.5,,,0.004601365596,,,,,,,,
889.55,,,0.004524384972,,,,,,,,
889.6,,,0.004447296441,,,,,,,,
889.65,,,0.004369702379,,,,,,,,
889.7,,,0.004291291687,,,,,,,,
889.75,,,0.004211867907,,,,,,,,
889.8,,,0.004131346505,,,,,,,,
889.85,,,0.00404978557,,,,,,,,
889.9,,,0.003967391123,,,,,,,,
889.95,,,0.003884498828,,,,,,,,
890,,,0.003801560425,,,,,,,,
890.05,,,0.003719090535,,,,,,,,
890.1,,,0.003637648826,,,,,,,,
890.15,,,0.003557805682,,,,,,,,
890.2,,,0.003480083917,,,,,,,,
890.25,,,0.003404929378,,,,,,,,
890.3,,,0.003332689737,,,,,,,,
890.35,,,0.003263594334,,,,,,,,
890.4,,,0.003197747556,,,,,,,,
890.45,,,0.003135105263,,,,,,,,
890.5,,,0.003075550244,,,,,,,,
890.55,,,0.003018853529,,,,,,,,
890.6,,,0.002964701727,,,,,,,,
890.65,,,0.002912724679,,,,,,,,
890.7,,,0.002862519245,,,,,,,,
890.75,,,0.002813673296,,,,,,,,
890.8,,,0.002765788546,,,,,,,,
890.85,,,0.002718481303,,,,,,,,
890.9,,,0.002671474573,,,,,,,,
890.95,,,0.002624547901,,,,,,,,
891,,,0.00257757791,,,,,,,,
891.05,,,0.002530551483,,,,,,,,
891.1,,,0.002483573404,,,,,,,,
891.15,,,0.002436867217,,,,,,,,
891.2,,,0.00239076217,,,,,,,,
891.25,,,0.002345680786,,,,,,,,
891.3,,,0.002302146328,,,,,,,,
891.35,,,0.002260712706,,,,,,,,
891.4,,,0.002221945682,,,,,,,,
891.45,,,0.00218638603,,,,,,,,
891.5,,,0.002154512758,,,,,,,,
891.55,,,0.002126709387,,,,,,,,
891.6,,,0.002103224247,,,,,,,,
891.65,,,0.002084178165,,,,,,,,
891.7,,,0.00206954597,,,,,,,,
891.75,,,0.002059143466,,,,,,,,
891.8,,,0.002052647302,,,,,,,,
891.85,,,0.002049615182,,,,,,,,
891.9,,,0.002049512941,,,,,,,,
891.95,,,0.002051746092,,,,,,,,
892,,,0.002055675894,,,,,,,,
892.05,,,0.002060703727,,,,,,,,
892.1,,,0.002066252613,,,,,,,,
892.15,,,0.002071805425,,,,,,,,
892.2,,,0.002076924716,,,,,,,,
892.25,,,0.002081263379,,,,,,,,
892.3,,,0.002084567443,,,,,,,,
892.35,,,0.002086665998,,,,,,,,
892.4,,,0.002087465187,,,,,,,,
892.45,,,0.002086954551,,,,,,,,
892.5,,,0.002085159084,,,,,,,,
892.55,,,0.002082136266,,,,,,,,
892.6,,,0.002077962978,,,,,,,,
892.65,,,0.002072726358,,,,,,,,
892.7,,,0.002066519544,,,,,,,,
892.75,,,0.002059429041,,,,,,,,
892.8,,,0.002051574715,,,,,,,,
892.85,,,0.002043091934,,,,,,,,
892.9,,,0.002034138095,,,,,,,,
892.95,,,0.002024902385,,,,,,,,
893,,,0.002015605823,,,,,,,,
893.05,,,0.00200649465,,,,,,,,
893.1,,,0.001997822844,,,,,,,,
893.15,,,0.001989828848,,,,,,,,
893.2,,,0.001982743293,,,,,,,,
893.25,,,0.00197672385,,,,,,,,
893.3,,,0.001971845581,,,,,,,,
893.35,,,0.001968082207,,,,,,,,
893.4,,,0.001965295524,,,,,,,,
893.45,,,0.001963235136,,,,,,,,
893.5,,,0.001961536933,,,,,,,,
893.55,,,0.001959778203,,,,,,,,
893.6,,,0.001957486525,,,,,,,,
893.65,,,0.001954175696,,,,,,,,
893.7,,,0.001949391636,,,,,,,,
893.75,,,0.001942751856,,,,,,,,
893.8,,,0.001933979552,,,,,,,,
893.85,,,0.001922924521,,,,,,,,
893.9,,,0.001909578739,,,,,,,,
893.95,,,0.001894102282,,,,,,,,
894,,,0.001876781015,,,,,,,,
894.05,,,0.00185801702,,,,,,,,
894.1,,,0.001838296914,,,,,,,,
894.15,,,0.001818152815,,,,,,,,
894.2,,,0.001798119203,,,,,,,,
894.25,,,0.001778675118,,,,,,,,
894.3,,,0.001760244016,,,,,,,,
894.35,,,0.00174312561,,,,,,,,
894.4,,,0.001727479093,,,,,,,,
894.45,,,0.001713313352,,,,,,,,
894.5,,,0.00170048751,,,,,,,,
894.55,,,0.001688724037,,,,,,,,
894.6,,,0.001677625706,,,,,,,,
894.65,,,0.001666724001,,,,,,,,
894.7,,,0.001655520286,,,,,,,,
894.75,,,0.001643511311,,,,,,,,
894.8,,,0.001630236197,,,,,,,,
894.85,,,0.001615309123,,,,,,,,
894.9,,,0.001598442375,,,,,,,,
894.95,,,0.001579455709,,,,,,,,
895,,,0.001558270784,,,,,,,,
895.05,,,0.001534928843,,,,,,,,
895.1,,,0.001509539387,,,,,,,,
895.15,,,0.001482267276,,,,,,,,
895.2,,,0.001453306953,,,,,,,,
895.25,,,0.00142285869,,,,,,,,
895.3,,,0.001391109901,,,,,,,,
895.35,,,0.001358212832,,,,,,,,
895.4,,,0.001324311169,,,,,,,,
895.45,,,0.001289518928,,,,,,,,
895.5,,,0.001253935581,,,,,,,,
895.55,,,0.001217660876,,,,,,,,
895.6,,,0.001180808107,,,,,,,,
895.65,,,0.001143514699,,,,,,,,
895.7,,,0.001105941391,,,,,,,,
895.75,,,0.001068286747,,,,,,,,
895.8,,,0.001030775783,,,,,,,,
895.85,,,0.000993642003,,,,,,,,
895.9,,,0.0009571164736,,,,,,,,
895.95,,,0.0009214116537,,,,,,,,
896,,,0.000886706439,,,,,,,,
896.05,,,0.0008531311903,,,,,,,,
896.1,,,0.0008207654356,,,,,,,,
896.15,,,0.0007896441854,,,,,,,,
896.2,,,0.0007597495028,,,,,,,,
896.25,,,0.0007310240312,,,,,,,,
896.3,,,0.0007033819919,,,,,,,,
896.35,,,0.000676721054,,,,,,,,
896.4,,,0.0006509322866,,,,,,,,
896.45,,,0.000625908393,,,,,,,,
896.5,,,0.000601564672,,,,,,,,
896.55,,,0.0005778305399,,,,,,,,
896.6,,,0.0005546591767,,,,,,,,
896.65,,,0.0005320309703,,,,,,,,
896.7,,,0.0005099562166,,,,,,,,
896.75,,,0.0004884769553,,,,,,,,
896.8,,,0.000467664019,,,,,,,,
896.85,,,0.000447631996,,,,,,,,
896.9,,,0.0004285235386,,,,,,,,
896.95,,,0.0004105102226,,,,,,,,
897,,,0.0003937859795,,,,,,,,
897.05,,,0.0003785576506,,,,,,,,
897.1,,,0.0003650330294,,,,,,,,
897.15,,,0.0003534028426,,,,,,,,
897.2,,,0.00034383922,,,,,,,,
897.25,,,0.0003364703241,,,,,,,,
897.3,,,0.0003313717166,,,,,,,,
897.35,,,0.000328557739,,,,,,,,
897.4,,,0.0003279763228,,,,,,,,
897.45,,,0.0003295079181,,,,,,,,
897.5,,,0.0003329651608,,,,,,,,
897.55,,,0.0003381096735,,,,,,,,
897.6,,,0.0003446529833,,,,,,,,
897.65,,,0.0003522701545,,,,,,,,
897.7,,,0.00036061303,,,,,,,,
897.75,,,0.0003693226211,,,,,,,,
897.8,,,0.0003780403092,,,,,,,,
897.85,,,0.0003864145702,,,,,,,,
897.9,,,0.0003941163151,,,,,,,,
897.95,,,0.0004008379038,,,,,,,,
898,,,0.0004062990086,,,,,,,,
898.05,,,0.0004102516535,,,,,,,,
898.1,,,0.0004124849764,,,,,,,,
898.15,,,0.0004128310196,,,,,,,,
898.2,,,0.0004111693963,,,,,,,,
898.25,,,0.0004074423558,,,,,,,,
898.3,,,0.0004016583004,,,,,,,,
898.35,,,0.000393900588,,,,,,,,
898.4,,,0.0003843337593,,,,,,,,
898.45,,,0.0003732047694,,,,,,,,
898.5,,,0.00036083818,,,,,,,,
898.55,,,0.0003476214956,,,,,,,,
898.6,,,0.0003339928937,,,,,,,,
898.65,,,0.0003204095187,,,,,,,,
898.7,,,0.0003073169145,,,,,,,,
898.75,,,0.0002951159175,,,,,,,,
898.8,,,0.000284129901,,,,,,,,
898.85,,,0.00027457657,,,,,,,,
898.9,,,0.0002665450903,,,,,,,,
898.95,,,0.0002599943514,,,,,,,,
899,,,0.0002547498956,,,,,,,,
899.05,,,0.0002505213472,,,,,,,,
899.1,,,0.0002469305941,,,,,,,,
899.15,,,0.000243548727,,,,,,,,
899.2,,,0.000239938564,,,,,,,,
899.25,,,0.0002356962854,,,,,,,,
899.3,,,0.0002304990878,,,,,,,,
899.35,,,0.0002241330158,,,,,,,,
899.4,,,0.0002165183444,,,,,,,,
899.45,,,0.0002077207283,,,,,,,,
899.5,,,0.0001979488042,,,,,,,,
899.55,,,0.0001875386494,,,,,,,,
899.6,,,0.0001769254861,,,,,,,,
899.65,,,0.0001666139363,,,,,,,,
899.7,,,0.0001571320142,,,,,,,,
899.75,,,0.0001489908618,,,,,,,,
899.8,,,0.0001426448475,,,,,,,,
899.85,,,0.0001384570599,,,,,,,,
899.9,,,0.0001366722811,,,,,,,,
899.95,,,0.000137399958,,,,,,,,
900,,,0.0001406121092,,,,,,,,
900.05,,,0.0001461428293,,,,,,,,
900.1,,,0.0001537029988,,,,,,,,
900.15,,,0.0001629025861,,,,,,,,
900.2,,,0.0001732787753,,,,,,,,
900.25,,,0.0001843257398,,,,,,,,
900.3,,,0.0001955287163,,,,,,,,
900.35,,,0.0002063964321,,,,,,,,
900.4,,,0.0002164870666,,,,,,,,
900.45,,,0.0002254340401,,,,,,,,
900.5,,,0.0002329649111,,,,,,,,
900.55,,,0.0002389139322,,,,,,,,
900.6,,,0.0002432267271,,,,,,,,
900.65,,,0.0002459620729,,,,,,,,
900.7,,,0.0002472831571,,,,,,,,
900.75,,,0.0002474434105,,,,,,,,
900.8,,,0.0002467692628,,,,,,,,
900.85,,,0.0002456381983,,,,,,,,
900.9,,,0.0002444540892,,,,,,,,
900.95,,,0.0002436190123,,,,,,,,
901,,,0.0002435130953,,,,,,,,
901.05,,,0.0002444647219,,,,,,,,
901.1,,,0.0002467295559,,,,,,,,
901.15,,,0.0002504732276,,,,,,,,
901.2,,,0.0002557588432,,,,,,,,
901.25,,,0.0002625404365,,,,,,,,
901.3,,,0.0002706620213,,,,,,,,
901.35,,,0.000279872572,,,,,,,,
901.4,,,0.0002898332672,,,,,,,,
901.45,,,0.0003001416494,,,,,,,,
901.5,,,0.0003103578435,,,,,,,,
901.55,,,0.0003200336797,,,,,,,,
901.6,,,0.0003287414162,,,,,,,,
901.65,,,0.0003361035503,,,,,,,,
901.7,,,0.0003418184464,,,,,,,,
901.75,,,0.0003456747253,,,,,,,,
901.8,,,0.0003475639377,,,,,,,,
901.85,,,0.0003474833136,,,,,,,,
901.9,,,0.0003455303372,,,,,,,,
901.95,,,0.0003418879252,,,,,,,,
902,,,0.0003368105661,,,,,,,,
902.05,,,0.0003305980546,,,,,,,,
902.1,,,0.0003235702808,,,,,,,,
902.15,,,0.0003160434623,,,,,,,,
902.2,,,0.0003083079338,,,,,,,,
902.25,,,0.000300609933,,,,,,,,
902.3,,,0.0002931368309,,,,,,,,
902.35,,,0.0002860190554,,,,,,,,
902.4,,,0.0002793230751,,,,,,,,
902.45,,,0.0002730608903,,,,,,,,
902.5,,,0.0002672018438,,,,,,,,
902.55,,,0.0002616876857,,,,,,,,
902.6,,,0.0002564477013,,,,,,,,
902.65,,,0.0002514164499,,,,,,,,
902.7,,,0.0002465483298,,,,,,,,
902.75,,,0.0002418230024,,,,,,,,
902.8,,,0.0002372508206,,,,,,,,
902.85,,,0.000232871206,,,,,,,,
902.9,,,0.0002287458525,,,,,,,,
902.95,,,0.0002249455923,,,,,,,,
903,,,0.0002215427241,,,,,,,,
903.05,,,0.0002185913125,,,,,,,,
903.1,,,0.0002161142872,,,,,,,,
903.15,,,0.000214092637,,,,,,,,
903.2,,,0.0002124581487,,,,,,,,
903.25,,,0.0002110905115,,,,,,,,
903.3,,,0.0002098205753,,,,,,,,
903.35,,,0.0002084417871,,,,,,,,
903.4,,,0.0002067195644,,,,,,,,
903.45,,,0.0002044096975,,,,,,,,
903.5,,,0.0002012773636,,,,,,,,
903.55,,,0.0001971165548,,,,,,,,
903.6,,,0.0001917670071,,,,,,,,
903.65,,,0.0001851323316,,,,,,,,
903.7,,,0.000177189168,,,,,,,,
903.75,,,0.000167992532,,,,,,,,
903.8,,,0.0001576758336,,,,,,,,
903.85,,,0.000146444462,,,,,,,,
903.9,,,0.000134563526,,,,,,,,
903.95,,,0.0001223408628,,,,,,,,
904,,,0.0001101100776,,,,,,,,
904.05,,,9.820656959e-05,,,,,,,,
904.1,,,8.694749482e-05,,,,,,,,
904.15,,,7.66129375e-05,,,,,,,,
904.2,,,6.743079968e-05,,,,,,,,
904.25,,,5.956567989e-05,,,,,,,,
904.3,,,5.311694715e-05,,,,,,,,
904.35,,,4.811892745e-05,,,,,,,,
904.4,,,4.454726589e-05,,,,,,,,
904.45,,,4.233017209e-05,,,,,,,,
904.5,,,4.13619557e-05,,,,,,,,
904.55,,,4.151717281e-05,,,,,,,,
904.6,,,4.266437529e-05,,,,,,,,
904.65,,,4.467929803e-05,,,,,,,,
904.7,,,4.745077912e-05,,,,,,,,
904.75,,,5.088621459e-05,,,,,,,,
904.8,,,5.491268191e-05,,,,,,,,
904.85,,,5.947506843e-05,,,,,,,,
904.9,,,6.453123526e-05,,,,,,,,
904.95,,,7.004887417e-05,,,,,,,,
905,,,7.599711823e-05,,,,,,,,
1345,,,,-0.0006922015694,,,,,,,
1345.2,,,,-0.0006029147415,,,,,,,
1345.4,,,,-0.0006859147013,,,,,,,
1345.6,,,,-0.0009067492217,,,,,,,
1345.8,,,,-0.001163511812,,,,,,,
1346,,,,-0.001337300707,,,,,,,
1346.2,,,,-0.001344601771,,,,,,,
1346.4,,,,-0.0011649968,,,,,,,
1346.6,,,,-0.0008356531349,,,,,,,
1346.8,,,,-0.0004239911176,,,,,,,
1347,,,,2.886796923e-06,,,,,,,
1347.2,,,,0.0004000268211,,,,,,,
1347.4,,,,0.0007544298577,,,,,,,
1347.6,,,,0.001081748383,,,,,,,
1347.8,,,,0.001409057466,,,,,,,
1348,,,,0.001749222968,,,,,,,
1348.2,,,,0.002081745947,,,,,,,
1348.4,,,,0.002354371923,,,,,,,
1348.6,,,,0.002505536889,,,,,,,
1348.8,,,,0.002492488099,,,,,,,
1349,,,,0.002308209609,,,,,,,
1349.2,,,,0.001980869504,,,,,,,
1349.4,,,,0.001559911699,,,,,,,
1349.6,,,,0.001096438029,,,,,,,
1349.8,,,,0.0006263410599,,,,,,,
1350,,,,0.0001653670599,,,,,,,
1350.2,,,,-0.0002786092378,,,,,,,
1350.4,,,,-0.0006826917994,,,,,,,
1350.6,,,,-0.0009942711712,,,,,,,
1350.8,,,,-0.001142506531,,,,,,,
1351,,,,-0.001074689714,,,,,,,
1351.2,,,,-0.0007928812174,,,,,,,
1351.4,,,,-0.0003606403997,,,,,,,
1351.6,,,,0.0001291348847,,,,,,,
1351.8,,,,0.0006028659802,,,,,,,
1352,,,,0.001035488514,,,,,,,
1352.2,,,,0.001440647056,,,,,,,
1352.4,,,,0.001833718239,,,,,,,
1352.6,,,,0.002198565753,,,,,,,
1352.8,,,,0.002482642649,,,,,,,
1353,,,,0.002623123855,,,,,,,
1353.2,,,,0.002586932325,,,,,,,
1353.4,,,,0.002400330059,,,,,,,
1353.6,,,,0.002149823933,,,,,,,
1353.8,,,,0.001950427914,,,,,,,
1354,,,,0.001894031515,,,,,,,
1354.2,,,,0.002002649727,,,,,,,
1354.4,,,,0.002212693382,,,,,,,
1354.6,,,,0.002402552482,,,,,,,
1354.8,,,,0.00245117131,,,,,,,
1355,,,,0.002295410895,,,,,,,
1355.2,,,,0.001954287348,,,,,,,
1355.4,,,,0.001509485661,,,,,,,
1355.6,,,,0.001058441605,,,,,,,
1355.8,,,,0.000670726355,,,,,,,
1356,,,,0.0003728630219,,,,,,,
1356.2,,,,0.0001654639756,,,,,,,
1356.4,,,,5.293000881e-05,,,,,,,
1356.6,,,,5.636899407e-05,,,,,,,
1356.8,,,,0.0001943193566,,,,,,,
1357,,,,0.0004453414289,,,,,,,
1357.2,,,,0.0007270953399,,,,,,,
1357.4,,,,0.0009184790735,,,,,,,
1357.6,,,,0.0009181553644,,,,,,,
1357.8,,,,0.0007007465049,,,,,,,
1358,,,,0.0003296794144,,,,,,,
1358.2,,,,-8.191146282e-05,,,,,,,
1358.4,,,,-0.0004303746332,,,,,,,
1358.6,,,,-0.0006562216929,,,,,,,
1358.8,,,,-0.0007353394683,,,,,,,
1359,,,,-0.0006465903969,,,,,,,
1359.2,,,,-0.0003516526255,,,,,,,
1359.4,,,,0.0001956262971,,,,,,,
1359.6,,,,0.001024245608,,,,,,,
1359.8,,,,0.002132199045,,,,,,,
1360,,,,0.003495387967,,,,,,,
1360.2,,,,0.005089146158,,,,,,,
1360.4,,,,0.006905841531,,,,,,,
1360.6,,,,0.008963103414,,,,,,,
1360.8,,,,0.01130951095,,,,,,,
1361,,,,0.0140337569,,,,,,,
1361.2,,,,0.01727328476,,,,,,,
1361.4,,,,0.02121413455,,,,,,,
1361.6,,,,0.02607988297,,,,,,,
1361.8,,,,0.0321141567,,,,,,,
1362,,,,0.03956731218,,,,,,,
1362.2,,,,0.04869186112,,,,,,,
1362.4,,,,0.05975058561,,,,,,,
1362.6,,,,0.07303960955,,,,,,,
1362.8,,,,0.08892170891,,,,,,,
1363,,,,0.1078518505,,,,,,,
1363.2,,,,0.1303832246,,,,,,,
1363.4,,,,0.1571254187,,,,,,,
1363.6,,,,0.1886722231,,,,,,,
1363.8,,,,0.2255130314,,,,,,,
1364,,,,0.2679480984,,,,,,,
1364.2,,,,0.3160152001,,,,,,,
1364.4,,,,0.369421998,,,,,,,
1364.6,,,,0.4274797969,,,,,,,
1364.8,,,,0.4890581002,,,,,,,
1365,,,,0.5526073444,,,,,,,
1365.2,,,,0.6162634829,,,,,,,
1365.4,,,,0.6780572031,,,,,,,
1365.6,,,,0.7361628918,,,,,,,
1365.8,,,,0.7891099973,,,,,,,
1366,,,,0.8358955663,,,,,,,
1366.2,,,,0.8759878566,,,,,,,
1366.4,,,,0.9092571865,,,,,,,
1366.6,,,,0.9358953777,,,,,,,
1366.8,,,,0.9563594634,,,,,,,
1367,,,,0.971321139,,,,,,,
1367.2,,,,0.9816170524,,,,,,,
1367.4,,,,0.9881599755,,,,,,,
1367.6,,,,0.9918245012,,,,,,,
1367.8,,,,0.9933532285,,,,,,,
1368,,,,0.9933263332,,,,,,,
1368.2,,,,0.9921925312,,,,,,,
1368.4,,,,0.9903215807,,,,,,,
1368.6,,,,0.9880430139,,,,,,,
1368.8,,,,0.9856298586,,,,,,,
1369,,,,0.9832979552,,,,,,,
1369.2,,,,0.9812196319,,,,,,,
1369.4,,,,0.9795485692,,,,,,,
1369.6,,,,0.9784295206,,,,,,,
1369.8,,,,0.9779787783,,,,,,,
1370,,,,0.9782467327,,,,,,,
1370.2,,,,0.9791817992,,,,,,,
1370.4,,,,0.9806466889,,,,,,,
1370.6,,,,0.9824382193,,,,,,,
1370.8,,,,0.9843524173,,,,,,,
1371,,,,0.9862472247,,,,,,,
1371.2,,,,0.9880723544,,,,,,,
1371.4,,,,0.9898502115,,,,,,,
1371.6,,,,0.9916202044,,,,,,,
1371.8,,,,0.9933813783,,,,,,,
1372,,,,0.9950661587,,,,,,,
1372.2,,,,0.996559809,,,,,,,
1372.4,,,,0.9977649326,,,,,,,
1372.6,,,,0.9986400867,,,,,,,
1372.8,,,,0.9992253565,,,,,,,
1373,,,,0.9996115214,,,,,,,
1373.2,,,,0.9998711776,,,,,,,
1373.4,,,,0.999994862,,,,,,,
1373.6,,,,0.9998812947,,,,,,,
1373.8,,,,0.9994011228,,,,,,,
1374,,,,0.9985004796,,,,,,,
1374.2,,,,0.9972785731,,,,,,,
1374.4,,,,0.9959899632,,,,,,,
1374.6,,,,0.9949345377,,,,,,,
1374.8,,,,0.9943345393,,,,,,,
1375,,,,0.9942404458,,,,,,,
1375.2,,,,0.9945242611,,,,,,,
1375.4,,,,0.9949659139,,,,,,,
1375.6,,,,0.9953380831,,,,,,,
1375.8,,,,0.9954894126,,,,,,,
1376,,,,0.9953788345,,,,,,,
1376.2,,,,0.9950394287,,,,,,,
1376.4,,,,0.9945388636,,,,,,,
1376.6,,,,0.9939191621,,,,,,,
1376.8,,,,0.99319954,,,,,,,
1377,,,,0.9924060293,,,,,,,
1377.2,,,,0.9915989021,,,,,,,
1377.4,,,,0.9908723629,,,,,,,
1377.6,,,,0.9903285878,,,,,,,
1377.8,,,,0.9900475651,,,,,,,
1378,,,,0.9900693982,,,,,,,
1378.2,,,,0.9903867594,,,,,,,
1378.4,,,,0.9909431791,,,,,,,
1378.6,,,,0.9916404638,,,,,,,
1378.8,,,,0.9923382189,,,,,,,
1379,,,,0.9928884885,,,,,,,
1379.2,,,,0.993178721,,,,,,,
1379.4,,,,0.9931677701,,,,,,,
1379.6,,,,0.9928957321,,,,,,,
1379.8,,,,0.9924617641,,,,,,,
1380,,,,0.991979725,,,,,,,
1380.2,,,,0.9915306689,,,,,,,
1380.4,,,,0.9911299554,,,,,,,
1380.6,,,,0.9907215913,,,,,,,
1380.8,,,,0.9902081894,,,,,,,
1381,,,,0.9894704543,,,,,,,
1381.2,,,,0.988398901,,,,,,,
1381.4,,,,0.986902367,,,,,,,
1381.6,,,,0.9848921617,,,,,,,
1381.8,,,,0.982246741,,,,,,,
1382,,,,0.9787725258,,,,,,,
1382.2,,,,0.9741807838,,,,,,,
1382.4,,,,0.9680922711,,,,,,,
1382.6,,,,0.9600641711,,,,,,,
1382.8,,,,0.9496185607,,,,,,,
1383,,,,0.9362743827,,,,,,,
1383.2,,,,0.9195592883,,,,,,,
1383.4,,,,0.8990361956,,,,,,,
1383.6,,,,0.8743504242,,,,,,,
1383.8,,,,0.8452842756,,,,,,,
1384,,,,0.8117998537,,,,,,,
1384.2,,,,0.7740560076,,,,,,,
1384.4,,,,0.7324026014,,,,,,,
1384.6,,,,0.6873650913,,,,,,,
1384.8,,,,0.6396263067,,,,,,,
1385,,,,0.5900006144,,,,,,,
1385.2,,,,0.5393918385,,,,,,,
1385.4,,,,0.4887458646,,,,,,,
1385.6,,,,0.4389920526,,,,,,,
1385.8,,,,0.390991832,,,,,,,
1386,,,,0.3454918884,,,,,,,
1386.2,,,,0.3030780903,,,,,,,
1386.4,,,,0.2641395437,,,,,,,
1386.6,,,,0.2288575506,,,,,,,
1386.8,,,,0.1972282075,,,,,,,
1387,,,,0.1691123072,,,,,,,
1387.2,,,,0.1442939387,,,,,,,
1387.4,,,,0.1225281896,,,,,,,
1387.6,,,,0.103567819,,,,,,,
1387.8,,,,0.08717061551,,,,,,,
1388,,,,0.07310118428,,,,,,,
1388.2,,,,0.0611261765,,,,,,,
1388.4,,,,0.05101582218,,,,,,,
1388.6,,,,0.04254317602,,,,,,,
1388.8,,,,0.03548101193,,,,,,,
1389,,,,0.02960031781,,,,,,,
1389.2,,,,0.02467717528,,,,,,,
1389.4,,,,0.02051020683,,,,,,,
1389.6,,,,0.01694108045,,,,,,,
1389.8,,,,0.0138644725,,,,,,,
1390,,,,0.01121878761,,,,,,,
1390.2,,,,0.008962813214,,,,,,,
1390.4,,,,0.007054691053,,,,,,,
1390.6,,,,0.005447559995,,,,,,,
1390.8,,,,0.004099802828,,,,,,,
1391,,,,0.002985537484,,,,,,,
1391.2,,,,0.002091045944,,,,,,,
1391.4,,,,0.001398243514,,,,,,,
1391.6,,,,0.0008701040615,,,,,,,
1391.8,,,,0.0004517725465,,,,,,,
1392,,,,8.715131315e-05,,,,,,,
1392.2,,,,-0.0002617005299,,,,,,,
1392.4,,,,-0.0006051109888,,,,,,,
1392.6,,,,-0.0009292764823,,,,,,,
1392.8,,,,-0.001206790613,,,,,,,
1393,,,,-0.001407267247,,,,,,,
1393.2,,,,-0.001505643099,,,,,,,
1393.4,,,,-0.001489274485,,,,,,,
1393.6,,,,-0.001364081912,,,,,,,
1393.8,,,,-0.001156879933,,,,,,,
1394,,,,-0.0009104143275,,,,,,,
1394.2,,,,-0.0006712137782,,,,,,,
1394.4,,,,-0.0004754480969,,,,,,,
1394.6,,,,-0.000340034412,,,,,,,
1394.8,,,,-0.0002632326325,,,,,,,
1395,,,,-0.000233035657,,,,,,,
1395.2,,,,-0.000236941835,,,,,,,
1395.4,,,,-0.0002662333682,,,,,,,
1395.6,,,,-0.000311934411,,,,,,,
1395.8,,,,-0.0003558586303,,,,,,,
1396,,,,-0.0003648174576,,,,,,,
1396.2,,,,-0.0002956400762,,,,,,,
1396.4,,,,-0.0001121572905,,,,,,,
1396.6,,,,0.0001938232499,,,,,,,
1396.8,,,,0.0005905758344,,,,,,,
1397,,,,0.001012604873,,,,,,,
1397.2,,,,0.001382894027,,,,,,,
1397.4,,,,0.001639143805,,,,,,,
1397.6,,,,0.0017500703,,,,,,,
1397.8,,,,0.001715358453,,,,,,,
1398,,,,0.001553988367,,,,,,,
1398.2,,,,0.001292295998,,,,,,,
1398.4,,,,0.0009606531987,,,,,,,
1398.6,,,,0.0005983561827,,,,,,,
1398.8,,,,0.0002578359962,,,,,,,
1399,,,,-1.287362828e-06,,,,,,,
1399.2,,,,-0.0001297458571,,,,,,,
1399.4,,,,-0.000108978993,,,,,,,
1399.6,,,,3.841848124e-05,,,,,,,
1399.8,,,,0.0002553874911,,,,,,,
1400,,,,0.0004714243945,,,,,,,
1400.2,,,,0.0006282637002,,,,,,,
1400.4,,,,0.000700021379,,,,,,,
1400.6,,,,0.0007010725775,,,,,,,
1400.8,,,,0.0006787712895,,,,,,,
1401,,,,0.0006924056506,,,,,,,
1401.2,,,,0.0007853470306,,,,,,,
1401.4,,,,0.0009624264356,,,,,,,
1401.6,,,,0.001184458191,,,,,,,
1401.8,,,,0.001383921439,,,,,,,
1402,,,,0.001493882468,,,,,,,
1402.2,,,,0.001474516317,,,,,,,
1402.4,,,,0.001323820776,,,,,,,
1402.6,,,,0.001069610193,,,,,,,
1402.8,,,,0.0007510152893,,,,,,,
1403,,,,0.0004020940217,,,,,,,
1403.2,,,,4.59313741e-05,,,,,,,
1403.4,,,,-0.0003009213049,,,,,,,
1403.6,,,,-0.0006202983554,,,,,,,
1403.8,,,,-0.0008879755223,,,,,,,
1404,,,,-0.001076223035,,,,,,,
1404.2,,,,-0.001161260444,,,,,,,
1404.4,,,,-0.001130598357,,,,,,,
1404.6,,,,-0.0009862932665,,,,,,,
1404.8,,,,-0.0007436170495,,,,,,,
1405,,,,-0.0004275216518,,,,,,,
1490,,,,,0.005377145846,,,,,,
1490.2,,,,,0.005019664064,,,,,,
1490.4,,,,,0.004472147146,,,,,,
1490.6,,,,,0.003799830967,,,,,,
1490.8,,,,,0.003065149495,,,,,,
1491,,,,,0.002328889429,,,,,,
1491.2,,,,,0.001643639057,,,,,,
1491.4,,,,,0.001041797388,,,,,,
1491.6,,,,,0.0005269276837,,,,,,
1491.8,,,,,7.72814467e-05,,,,,,
1492,,,,,-0.0003369678457,,,,,,
1492.2,,,,,-0.000731262082,,,,,,
1492.4,,,,,-0.001092784957,,,,,,
1492.6,,,,,-0.00138486932,,,,,,
1492.8,,,,,-0.001567612399,,,,,,
1493,,,,,-0.001621931476,,,,,,
1493.2,,,,,-0.001562170925,,,,,,
1493.4,,,,,-0.001430244981,,,,,,
1493.6,,,,,-0.001276201678,,,,,,
1493.8,,,,,-0.001137834384,,,,,,
1494,,,,,-0.001030843099,,,,,,
1494.2,,,,,-0.0009526999259,,,,,,
1494.4,,,,,-0.0008941849045,,,,,,
1494.6,,,,,-0.000848784735,,,,,,
1494.8,,,,,-0.0008135272607,,,,,,
1495,,,,,-0.0007820187835,,,,,,
1495.2,,,,,-0.0007361185683,,,,,,
1495.4,,,,,-0.0006434845395,,,,,,
1495.6,,,,,-0.0004642830183,,,,,,
1495.8,,,,,-0.000164949019,,,,,,
1496,,,,,0.0002670070943,,,,,,
1496.2,,,,,0.0008138009178,,,,,,
1496.4,,,,,0.001427906202,,,,,,
1496.6,,,,,0.002041874581,,,,,,
1496.8,,,,,0.002582533451,,,,,,
1497,,,,,0.002982998267,,,,,,
1497.2,,,,,0.003188700277,,,,,,
1497.4,,,,,0.003159279236,,,,,,
1497.6,,,,,0.002872197916,,,,,,
1497.8,,,,,0.00233221727,,,,,,
1498,,,,,0.001583917142,,,,,,
1498.2,,,,,0.0007177155313,,,,,,
1498.4,,,,,-0.0001404646824,,,,,,
1498.6,,,,,-0.0008579068947,,,,,,
1498.8,,,,,-0.001333104234,,,,,,
1499,,,,,-0.001527230565,,,,,,
1499.2,,,,,-0.001475667351,,,,,,
1499.4,,,,,-0.001275858064,,,,,,
1499.6,,,,,-0.00105795283,,,,,,
1499.8,,,,,-0.0009494905126,,,,,,
1500,,,,,-0.001044078757,,,,,,
1500.2,,,,,-0.001380257395,,,,,,
1500.4,,,,,-0.001933777853,,,,,,
1500.6,,,,,-0.002624618884,,,,,,
1500.8,,,,,-0.003337593719,,,,,,
1501,,,,,-0.003951871354,,,,,,
1501.2,,,,,-0.00437131286,,,,,,
1501.4,,,,,-0.004546218246,,,,,,
1501.6,,,,,-0.004479100159,,,,,,
1501.8,,,,,-0.004212471818,,,,,,
1502,,,,,-0.003803800756,,,,,,
1502.2,,,,,-0.003298722705,,,,,,
1502.4,,,,,-0.002715104806,,,,,,
1502.6,,,,,-0.002046082094,,,,,,
1502.8,,,,,-0.001281153504,,,,,,
1503,,,,,-0.0004348635931,,,,,,
1503.2,,,,,0.0004326588146,,,,,,
1503.4,,,,,0.001216329579,,,,,,
1503.6,,,,,0.001791080731,,,,,,
1503.8,,,,,0.002052364319,,,,,,
1504,,,,,0.001955828344,,,,,,
1504.2,,,,,0.001540208858,,,,,,
1504.4,,,,,0.0009241915344,,,,,,
1504.6,,,,,0.0002768428598,,,,,,
1504.8,,,,,-0.0002305491892,,,,,,
1505,,,,,-0.0004765277254,,,,,,
1505.2,,,,,-0.0004267975376,,,,,,
1505.4,,,,,-0.0001407272991,,,,,,
1505.6,,,,,0.0002578669992,,,,,,
1505.8,,,,,0.0006342764901,,,,,,
1506,,,,,0.0008971483341,,,,,,
1506.2,,,,,0.001029797819,,,,,,
1506.4,,,,,0.001087752905,,,,,,
1506.6,,,,,0.001168874956,,,,,,
1506.8,,,,,0.001373262963,,,,,,
1507,,,,,0.001769799218,,,,,,
1507.2,,,,,0.002377978363,,,,,,
1507.4,,,,,0.003164806046,,,,,,
1507.6,,,,,0.004052102103,,,,,,
1507.8,,,,,0.004929820043,,,,,,
1508,,,,,0.005673223508,,,,,,
1508.2,,,,,0.006163229076,,,,,,
1508.4,,,,,0.006308657244,,,,,,
1508.6,,,,,0.006067105107,,,,,,
1508.8,,,,,0.005458897306,,,,,,
1509,,,,,0.004567941195,,,,,,
1509.2,,,,,0.003525863363,,,,,,
1509.4,,,,,0.002481563947,,,,,,
1509.6,,,,,0.001564922662,,,,,,
1509.8,,,,,0.000857043592,,,,,,
1510,,,,,0.0003776883544,,,,,,
1510.2,,,,,9.377654149e-05,,,,,,
1510.4,,,,,-5.518181323e-05,,,,,,
1510.6,,,,,-0.0001250187034,,,,,,
1510.8,,,,,-0.0001407976504,,,,,,
1511,,,,,-8.743751454e-05,,,,,,
1511.2,,,,,7.768206509e-05,,,,,,
1511.4,,,,,0.000393399161,,,,,,
1511.6,,,,,0.0008572777195,,,,,,
1511.8,,,,,0.001400369858,,,,,,
1512,,,,,0.001890682396,,,,,,
1512.2,,,,,0.002170542158,,,,,,
1512.4,,,,,0.002116263151,,,,,,
1512.6,,,,,0.001694885172,,,,,,
1512.8,,,,,0.0009905990199,,,,,,
1513,,,,,0.0001858649227,,,,,,
1513.2,,,,,-0.0004965905142,,,,,,
1513.4,,,,,-0.0008661811701,,,,,,
1513.6,,,,,-0.0008207558863,,,,,,
1513.8,,,,,-0.0003658775674,,,,,,
1514,,,,,0.0004047867084,,,,,,
1514.2,,,,,0.001352211565,,,,,,
1514.4,,,,,0.00233510288,,,,,,
1514.6,,,,,0.003236267062,,,,,,
1514.8,,,,,0.003968395941,,,,,,
1515,,,,,0.004466849668,,,,,,
1515.2,,,,,0.004680883552,,,,,,
1515.4,,,,,0.004571067529,,,,,,
1515.6,,,,,0.004114291627,,,,,,
1515.8,,,,,0.003313385098,,,,,,
1516,,,,,0.002207134393,,,,,,
1516.2,,,,,0.0008766598611,,,,,,
1516.4,,,,,-0.0005559189708,,,,,,
1516.6,,,,,-0.001940079418,,,,,,
1516.8,,,,,-0.003122097592,,,,,,
1517,,,,,-0.003979037017,,,,,,
1517.2,,,,,-0.004451888764,,,,,,
1517.4,,,,,-0.004565105208,,,,,,
1517.6,,,,,-0.004422326209,,,,,,
1517.8,,,,,-0.00417650794,,,,,,
1518,,,,,-0.003983458454,,,,,,
1518.2,,,,,-0.003955370924,,,,,,
1518.4,,,,,-0.004130919992,,,,,,
1518.6,,,,,-0.004470825074,,,,,,
1518.8,,,,,-0.004876853763,,,,,,
1519,,,,,-0.005224122858,,,,,,
1519.2,,,,,-0.00539477596,,,,,,
1519.4,,,,,-0.005304487756,,,,,,
1519.6,,,,,-0.004917999848,,,,,,
1519.8,,,,,-0.004252953568,,,,,,
1520,,,,,-0.003372436952,,,,,,
1520.2,,,,,-0.002367688022,,,,,,
1520.4,,,,,-0.001334639308,,,,,,
1520.6,,,,,-0.0003507687635,,,,,,
1520.8,,,,,0.0005401198785,,,,,,
1521,,,,,0.001329583424,,,,,,
1521.2,,,,,0.002032227651,,,,,,
1521.4,,,,,0.002664862002,,,,,,
1521.6,,,,,0.003226353067,,,,,,
1521.8,,,,,0.003687091565,,,,,,
1522,,,,,0.003992829814,,,,,,
1522.2,,,,,0.004081702171,,,,,,
1522.4,,,,,0.003907921466,,,,,,
1522.6,,,,,0.003463158507,,,,,,
1522.8,,,,,0.002787020578,,,,,,
1523,,,,,0.001962493726,,,,,,
1523.2,,,,,0.00109835872,,,,,,
1523.4,,,,,0.0003059825619,,,,,,
1523.6,,,,,-0.0003208108297,,,,,,
1523.8,,,,,-0.000717721448,,,,,,
1524,,,,,-0.0008544596277,,,,,,
1524.2,,,,,-0.0007355109509,,,,,,
1524.4,,,,,-0.0003994746248,,,,,,
1524.6,,,,,8.493533333e-05,,,,,,
1524.8,,,,,0.0006300350909,,,,,,
1525,,,,,0.001148167203,,,,,,
1525.2,,,,,0.001573256005,,,,,,
1525.4,,,,,0.001875615588,,,,,,
1525.6,,,,,0.00206253239,,,,,,
1525.8,,,,,0.002164210105,,,,,,
1526,,,,,0.002212386309,,,,,,
1526.2,,,,,0.002222276432,,,,,,
1526.4,,,,,0.002185701565,,,,,,
1526.6,,,,,0.002076448204,,,,,,
1526.8,,,,,0.001862960632,,,,,,
1527,,,,,0.00152157851,,,,,,
1527.2,,,,,0.001045939978,,,,,,
1527.4,,,,,0.0004520680454,,,,,,
1527.6,,,,,-0.0002192606818,,,,,,
1527.8,,,,,-0.0009022475458,,,,,,
1528,,,,,-0.001509770581,,,,,,
1528.2,,,,,-0.00194411977,,,,,,
1528.4,,,,,-0.002115446077,,,,,,
1528.6,,,,,-0.001964356128,,,,,,
1528.8,,,,,-0.001481431927,,,,,,
1529,,,,,-0.000716392681,,,,,,
1529.2,,,,,0.0002269368929,,,,,,
1529.4,,,,,0.001209074267,,,,,,
1529.6,,,,,0.002082519691,,,,,,
1529.8,,,,,0.002722498535,,,,,,
1530,,,,,0.003053730655,,,,,,
1530.2,,,,,0.003066027711,,,,,,
1530.4,,,,,0.002813230124,,,,,,
1530.6,,,,,0.002394633685,,,,,,
1530.8,,,,,0.001924299748,,,,,,
1531,,,,,0.001498483986,,,,,,
1531.2,,,,,0.001172108579,,,,,,
1531.4,,,,,0.0009513728876,,,,,,
1531.6,,,,,0.0008034096511,,,,,,
1531.8,,,,,0.000678070255,,,,,,
1532,,,,,0.0005335341642,,,,,,
1532.2,,,,,0.0003568111924,,,,,,
1532.4,,,,,0.0001721765324,,,,,,
1532.6,,,,,3.475808231e-05,,,,,,
1532.8,,,,,1.190954102e-05,,,,,,
1533,,,,,0.0001596571493,,,,,,
1533.2,,,,,0.0005033359058,,,,,,
1533.4,,,,,0.001028856859,,,,,,
1533.6,,,,,0.001686717232,,,,,,
1533.8,,,,,0.002405571539,,,,,,
1534,,,,,0.003109697288,,,,,,
1534.2,,,,,0.003734628151,,,,,,
1534.4,,,,,0.00423690689,,,,,,
1534.6,,,,,0.004596275937,,,,,,
1534.8,,,,,0.004811203389,,,,,,
1535,,,,,0.004890881632,,,,,,
1535.2,,,,,0.004848094803,,,,,,
1535.4,,,,,0.004696423721,,,,,,
1535.6,,,,,0.004452258232,,,,,,
1535.8,,,,,0.004138816134,,,,,,
1536,,,,,0.003788061518,,,,,,
1536.2,,,,,0.00343814731,,,,,,
1536.4,,,,,0.003127415898,,,,,,
1536.6,,,,,0.002888355813,,,,,,
1536.8,,,,,0.002744008089,,,,,,
1537,,,,,0.002706961198,,,,,,
1537.2,,,,,0.002778635026,,,,,,
1537.4,,,,,0.002947251122,,,,,,
1537.6,,,,,0.003185667002,,,,,,
1537.8,,,,,0.00345259946,,,,,,
1538,,,,,0.003700071838,,,,,,
1538.2,,,,,0.003886360187,,,,,,
1538.4,,,,,0.003988964809,,,,,,
1538.6,,,,,0.004011376478,,,,,,
1538.8,,,,,0.003979584916,,,,,,
1539,,,,,0.003929664602,,,,,,
1539.2,,,,,0.003892258025,,,,,,
1539.4,,,,,0.003881110439,,,,,,
1539.6,,,,,0.003890490802,,,,,,
1539.8,,,,,0.003901977323,,,,,,
1540,,,,,0.003896323038,,,,,,
1540.2,,,,,0.003864255336,,,,,,
1540.4,,,,,0.003810671812,,,,,,
1540.6,,,,,0.003750555351,,,,,,
1540.8,,,,,0.003699605298,,,,,,
1541,,,,,0.003665525626,,,,,,
1541.2,,,,,0.003645194591,,,,,,
1541.4,,,,,0.003629118367,,,,,,
1541.6,,,,,0.003609400855,,,,,,
1541.8,,,,,0.003585883303,,,,,,
1542,,,,,0.003566470204,,,,,,
1542.2,,,,,0.003562077437,,,,,,
1542.4,,,,,0.003580064315,,,,,,
1542.6,,,,,0.003620224472,,,,,,
1542.8,,,,,0.003674726528,,,,,,
1543,,,,,0.003730552678,,,,,,
1543.2,,,,,0.003771862523,,,,,,
1543.4,,,,,0.003781907198,,,,,,
1543.6,,,,,0.003745801769,,,,,,
1543.8,,,,,0.003655653414,,,,,,
1544,,,,,0.003517083683,,,,,,
1544.2,,,,,0.003353358265,,,,,,
1544.4,,,,,0.003203010636,,,,,,
1544.6,,,,,0.003109826979,,,,,,
1544.8,,,,,0.003108612456,,,,,,
1545,,,,,0.003213289016,,,,,,
1545.2,,,,,0.003412569689,,,,,,
1545.4,,,,,0.003674278601,,,,,,
1545.6,,,,,0.003954853813,,,,,,
1545.8,,,,,0.004208906628,,,,,,
1546,,,,,0.004395747619,,,,,,
1546.2,,,,,0.004482964401,,,,,,
1546.4,,,,,0.004449428159,,,,,,
1546.6,,,,,0.004289266715,,,,,,
1546.8,,,,,0.004015882183,,,,,,
1547,,,,,0.003663182211,,,,,,
1547.2,,,,,0.003281456155,,,,,,
1547.4,,,,,0.002927786361,,,,,,
1547.6,,,,,0.002653958207,,,,,,
1547.8,,,,,0.002496082715,,,,,,
1548,,,,,0.002469695189,,,,,,
1548.2,,,,,0.002570930478,,,,,,
1548.4,,,,,0.002781662656,,,,,,
1548.6,,,,,0.003075203828,,,,,,
1548.8,,,,,0.00342003648,,,,,,
1549,,,,,0.003781414515,,,,,,
1549.2,,,,,0.004122233087,,,,,,
1549.4,,,,,0.004405374366,,,,,,
1549.6,,,,,0.004598359217,,,,,,
1549.8,,,,,0.004679325887,,,,,,
1550,,,,,0.00464211593,,,,,,
1550.2,,,,,0.0044982697,,,,,,
1550.4,,,,,0.004275061026,,,,,,
1550.6,,,,,0.004010320083,,,,,,
1550.8,,,,,0.003745838121,,,,,,
1551,,,,,0.003521264723,,,,,,
1551.2,,,,,0.003369238701,,,,,,
1551.4,,,,,0.003311695391,,,,,,
1551.6,,,,,0.003357180271,,,,,,
1551.8,,,,,0.003499657159,,,,,,
1552,,,,,0.003720007014,,,,,,
1552.2,,,,,0.003990421303,,,,,,
1552.4,,,,,0.004281087786,,,,,,
1552.6,,,,,0.004566495876,,,,,,
1552.8,,,,,0.004828798911,,,,,,
1553,,,,,0.005057296447,,,,,,
1553.2,,,,,0.005245488205,,,,,,
1553.4,,,,,0.005388781422,,,,,,
1553.6,,,,,0.005484575439,,,,,,
1553.8,,,,,0.005534841589,,,,,,
1554,,,,,0.005548523365,,,,,,
1554.2,,,,,0.005541027379,,,,,,
1554.4,,,,,0.005529933036,,,,,,
1554.6,,,,,0.005528617645,,,,,,
1554.8,,,,,0.00554110422,,,,,,
1555,,,,,0.005560347044,,,,,,
1555.2,,,,,0.005570673104,,,,,,
1555.4,,,,,0.005552888122,,,,,,
1555.6,,,,,0.005490064997,,,,,,
1555.8,,,,,0.005372608654,,,,,,
1556,,,,,0.005201875336,,,,,,
1556.2,,,,,0.004991971792,,,,,,
1556.4,,,,,0.004768469466,,,,,,
1556.6,,,,,0.004563580142,,,,,,
1556.8,,,,,0.004408266938,,,,,,
1557,,,,,0.004323843627,,,,,,
1557.2,,,,,0.004316873665,,,,,,
1557.4,,,,,0.004380254176,,,,,,
1557.6,,,,,0.004500729075,,,,,,
1557.8,,,,,0.004668733345,,,,,,
1558,,,,,0.004885621516,,,,,,
1558.2,,,,,0.005163773109,,,,,,
1558.4,,,,,0.005518950139,,,,,,
1558.6,,,,,0.005958468341,,,,,,
1558.8,,,,,0.006471024413,,,,,,
1559,,,,,0.007023662693,,,,,,
1559.2,,,,,0.0075671779,,,,,,
1559.4,,,,,0.008048388571,,,,,,
1559.6,,,,,0.00842384786,,,,,,
1559.8,,,,,0.008669591407,,,,,,
1560,,,,,0.008783742526,,,,,,
1560.2,,,,,0.008782390517,,,,,,
1560.4,,,,,0.008692091831,,,,,,
1560.6,,,,,0.00854238324,,,,,,
1560.8,,,,,0.008360992604,,,,,,
1561,,,,,0.0081716197,,,,,,
1561.2,,,,,0.007993229305,,,,,,
1561.4,,,,,0.007839787154,,,,,,
1561.6,,,,,0.007720255459,,,,,,
1561.8,,,,,0.007638986382,,,,,,
1562,,,,,0.007596639011,,,,,,
1562.2,,,,,0.007591870021,,,,,,
1562.4,,,,,0.007623265593,,,,,,
1562.6,,,,,0.007691035887,,,,,,
1562.8,,,,,0.007797815158,,,,,,
1563,,,,,0.007948539901,,,,,,
1563.2,,,,,0.008148744004,,,,,,
1563.4,,,,,0.008402596087,,,,,,
1563.6,,,,,0.008711810652,,,,,,
1563.8,,,,,0.009076489874,,,,,,
1564,,,,,0.009498033362,,,,,,
1564.2,,,,,0.009982922062,,,,,,
1564.4,,,,,0.01054569831,,,,,,
1564.6,,,,,0.01120823595,,,,,,
1564.8,,,,,0.01199586733,,,,,,
1565,,,,,0.01293067108,,,,,,
1565.2,,,,,0.01402422022,,,,,,
1565.4,,,,,0.01527213274,,,,,,
1565.6,,,,,0.01665281446,,,,,,
1565.8,,,,,0.01813018446,,,,,,
1566,,,,,0.01966040153,,,,,,
1566.2,,,,,0.02120108472,,,,,,
1566.4,,,,,0.02272045603,,,,,,
1566.6,,,,,0.02420409833,,,,,,
1566.8,,,,,0.02565752535,,,,,,
1567,,,,,0.02710485202,,,,,,
1567.2,,,,,0.02858219148,,,,,,
1567.4,,,,,0.03013008381,,,,,,
1567.6,,,,,0.0317857016,,,,,,
1567.8,,,,,0.0335767829,,,,,,
1568,,,,,0.03551789866,,,,,,
1568.2,,,,,0.03761056257,,,,,,
1568.4,,,,,0.03984464728,,,,,,
1568.6,,,,,0.04220262966,,,,,,
1568.8,,,,,0.04466580823,,,,,,
1569,,,,,0.0472210551,,,,,,
1569.2,,,,,0.04986645171,,,,,,
1569.4,,,,,0.05261464417,,,,,,
1569.6,,,,,0.05549261831,,,,,,
1569.8,,,,,0.05853575605,,,,,,
1570,,,,,0.06178075991,,,,,,
1570.2,,,,,0.06525762519,,,,,,
1570.4,,,,,0.06898354607,,,,,,
1570.6,,,,,0.07295976807,,,,,,
1570.8,,,,,0.07717624131,,,,,,
1571,,,,,0.08161480024,,,,,,
1571.2,,,,,0.08625825518,,,,,,
1571.4,,,,,0.09109842214,,,,,,
1571.6,,,,,0.09614158837,,,,,,
1571.8,,,,,0.1014088852,,,,,,
1572,,,,,0.1069354616,,,,,,
1572.2,,,,,0.1127620302,,,,,,
1572.4,,,,,0.1189277757,,,,,,
1572.6,,,,,0.1254652954,,,,,,
1572.8,,,,,0.1323978773,,,,,,
1573,,,,,0.1397381261,,,,,,
1573.2,,,,,0.1474903121,,,,,,
1573.4,,,,,0.1556500839,,,,,,
1573.6,,,,,0.1642034826,,,,,,
1573.8,,,,,0.1731297678,,,,,,
1574,,,,,0.1824055568,,,,,,
1574.2,,,,,0.1920100135,,,,,,
1574.4,,,,,0.2019320982,,,,,,
1574.6,,,,,0.2121758001,,,,,,
1574.8,,,,,0.2227560617,,,,,,
1575,,,,,0.2336961027,,,,,,
1575.2,,,,,0.2450209445,,,,,,
1575.4,,,,,0.2567508922,,,,,,
1575.6,,,,,0.2688989156,,,,,,
1575.8,,,,,0.2814755498,,,,,,
1576,,,,,0.2944847398,,,,,,
1576.2,,,,,0.307927378,,,,,,
1576.4,,,,,0.3217987823,,,,,,
1576.6,,,,,0.3360825856,,,,,,
1576.8,,,,,0.3507449959,,,,,,
1577,,,,,0.365742034,,,,,,
1577.2,,,,,0.381017454,,,,,,
1577.4,,,,,0.39651907,,,,,,
1577.6,,,,,0.4122113915,,,,,,
1577.8,,,,,0.4280812841,,,,,,
1578,,,,,0.4441335671,,,,,,
1578.2,,,,,0.460390015,,,,,,
1578.4,,,,,0.4768642775,,,,,,
1578.6,,,,,0.4935565628,,,,,,
1578.8,,,,,0.5104497966,,,,,,
1579,,,,,0.5275100962,,,,,,
1579.2,,,,,0.5446895207,,,,,,
1579.4,,,,,0.5619401079,,,,,,
1579.6,,,,,0.5792015856,,,,,,
1579.8,,,,,0.5964069563,,,,,,
1580,,,,,0.613483632,,,,,,
1580.2,,,,,0.6303557246,,,,,,
1580.4,,,,,0.6469521888,,,,,,
1580.6,,,,,0.6632263283,,,,,,
1580.8,,,,,0.6791506323,,,,,,
1581,,,,,0.6947255993,,,,,,
1581.2,,,,,0.7099741735,,,,,,
1581.4,,,,,0.7249246651,,,,,,
1581.6,,,,,0.7395960808,,,,,,
1581.8,,,,,0.753987352,,,,,,
1582,,,,,0.7680579637,,,,,,
1582.2,,,,,0.7817380064,,,,,,
1582.4,,,,,0.7949432434,,,,,,
1582.6,,,,,0.8075904001,,,,,,
1582.8,,,,,0.8196245781,,,,,,
1583,,,,,0.8310272605,,,,,,
1583.2,,,,,0.8418085861,,,,,,
1583.4,,,,,0.8520031352,,,,,,
1583.6,,,,,0.8616564473,,,,,,
1583.8,,,,,0.8708046413,,,,,,
1584,,,,,0.8794829522,,,,,,
1584.2,,,,,0.8877095092,,,,,,
1584.4,,,,,0.8954880618,,,,,,
1584.6,,,,,0.9028189712,,,,,,
1584.8,,,,,0.9097086643,,,,,,
1585,,,,,0.9161670033,,,,,,
1585.2,,,,,0.9222380581,,,,,,
1585.4,,,,,0.927967203,,,,,,
1585.6,,,,,0.9334000671,,,,,,
1585.8,,,,,0.9385710519,,,,,,
1586,,,,,0.9434912144,,,,,,
1586.2,,,,,0.948144695,,,,,,
1586.4,,,,,0.9525113055,,,,,,
1586.6,,,,,0.9565566889,,,,,,
1586.8,,,,,0.9602553679,,,,,,
1587,,,,,0.9636015309,,,,,,
1587.2,,,,,0.9666056633,,,,,,
1587.4,,,,,0.9693024211,,,,,,
1587.6,,,,,0.9717361691,,,,,,
1587.8,,,,,0.9739409525,,,,,,
1588,,,,,0.9759383835,,,,,,
1588.2,,,,,0.9777363567,,,,,,
1588.4,,,,,0.9793227106,,,,,,
1588.6,,,,,0.9807023539,,,,,,
1588.8,,,,,0.9818764962,,,,,,
1589,,,,,0.9828549829,,,,,,
1589.2,,,,,0.983659486,,,,,,
1589.4,,,,,0.9843190877,,,,,,
1589.6,,,,,0.9848690754,,,,,,
1589.8,,,,,0.985360264,,,,,,
1590,,,,,0.9858314651,,,,,,
1590.2,,,,,0.9863117182,,,,,,
1590.4,,,,,0.9868161557,,,,,,
1590.6,,,,,0.9873372009,,,,,,
1590.8,,,,,0.9878716702,,,,,,
1591,,,,,0.9884124766,,,,,,
1591.2,,,,,0.9889544712,,,,,,
1591.4,,,,,0.9895006735,,,,,,
1591.6,,,,,0.9900572047,,,,,,
1591.8,,,,,0.9906231123,,,,,,
1592,,,,,0.9912053356,,,,,,
1592.2,,,,,0.9917862229,,,,,,
1592.4,,,,,0.9923324721,,,,,,
1592.6,,,,,0.9927990126,,,,,,
1592.8,,,,,0.993129033,,,,,,
1593,,,,,0.9932867367,,,,,,
1593.2,,,,,0.993256948,,,,,,
1593.4,,,,,0.9930519097,,,,,,
1593.6,,,,,0.9927180796,,,,,,
1593.8,,,,,0.9923266722,,,,,,
1594,,,,,0.9919562092,,,,,,
1594.2,,,,,0.9916936643,,,,,,
1594.4,,,,,0.991590083,,,,,,
1594.6,,,,,0.9916592566,,,,,,
1594.8,,,,,0.9918766854,,,,,,
1595,,,,,0.9921786727,,,,,,
1595.2,,,,,0.992503903,,,,,,
1595.4,,,,,0.9927906094,,,,,,
1595.6,,,,,0.992992582,,,,,,
1595.8,,,,,0.9930898131,,,,,,
1596,,,,,0.9930839613,,,,,,
1596.2,,,,,0.9929985655,,,,,,
1596.4,,,,,0.9928793867,,,,,,
1596.6,,,,,0.9927662693,,,,,,
1596.8,,,,,0.9926926577,,,,,,
1597,,,,,0.992679541,,,,,,
1597.2,,,,,0.9927204101,,,,,,
1597.4,,,,,0.992819878,,,,,,
1597.6,,,,,0.9929616369,,,,,,
1597.8,,,,,0.993128081,,,,,,
1598,,,,,0.9933065778,,,,,,
1598.2,,,,,0.9934841077,,,,,,
1598.4,,,,,0.9936668952,,,,,,
1598.6,,,,,0.9938635221,,,,,,
1598.8,,,,,0.994074763,,,,,,
1599,,,,,0.9942921987,,,,,,
1599.2,,,,,0.9944929874,,,,,,
1599.4,,,,,0.9946480888,,,,,,
1599.6,,,,,0.994738919,,,,,,
1599.8,,,,,0.9947551816,,,,,,
1600,,,,,0.9946876773,,,,,,
1600.2,,,,,0.9945412599,,,,,,
1600.4,,,,,0.9943469598,,,,,,
1600.6,,,,,0.9941511461,,,,,,
1600.8,,,,,0.9939807543,,,,,,
1601,,,,,0.9938573888,,,,,,
1601.2,,,,,0.9937909132,,,,,,
1601.4,,,,,0.9937710261,,,,,,
1601.6,,,,,0.993798314,,,,,,
1601.8,,,,,0.9938647232,,,,,,
1602,,,,,0.9939641396,,,,,,
1602.2,,,,,0.9941002547,,,,,,
1602.4,,,,,0.9942808408,,,,,,
1602.6,,,,,0.9945333691,,,,,,
1602.8,,,,,0.9948898937,,,,,,
1603,,,,,0.9953698648,,,,,,
1603.2,,,,,0.9959754029,,,,,,
1603.4,,,,,0.9966792225,,,,,,
1603.6,,,,,0.9974326228,,,,,,
1603.8,,,,,0.9981795514,,,,,,
1604,,,,,0.9988523963,,,,,,
1604.2,,,,,0.9993946165,,,,,,
1604.4,,,,,0.9997693697,,,,,,
1604.6,,,,,0.9999649882,,,,,,
1604.8,,,,,1.000013092,,,,,,
1605,,,,,0.9999546214,,,,,,
1605.2,,,,,0.9998375455,,,,,,
1605.4,,,,,0.9997022173,,,,,,
1605.6,,,,,0.9995639518,,,,,,
1605.8,,,,,0.9994399224,,,,,,
1606,,,,,0.9993194534,,,,,,
1606.2,,,,,0.9991841664,,,,,,
1606.4,,,,,0.9990170026,,,,,,
1606.6,,,,,0.9987953293,,,,,,
1606.8,,,,,0.9985324981,,,,,,
1607,,,,,0.9982370303,,,,,,
1607.2,,,,,0.9979218097,,,,,,
1607.4,,,,,0.9975992003,,,,,,
1607.6,,,,,0.9972652013,,,,,,
1607.8,,,,,0.9969345384,,,,,,
1608,,,,,0.9966107365,,,,,,
1608.2,,,,,0.9963000958,,,,,,
1608.4,,,,,0.9960165236,,,,,,
1608.6,,,,,0.9957702436,,,,,,
1608.8,,,,,0.9955968718,,,,,,
1609,,,,,0.9955228197,,,,,,
1609.2,,,,,0.9955632485,,,,,,
1609.4,,,,,0.9957192094,,,,,,
1609.6,,,,,0.995961795,,,,,,
1609.8,,,,,0.9962651526,,,,,,
1610,,,,,0.9965988843,,,,,,
1610.2,,,,,0.9969307728,,,,,,
1610.4,,,,,0.9972288981,,,,,,
1610.6,,,,,0.9974658204,,,,,,
1610.8,,,,,0.9976521019,,,,,,
1611,,,,,0.9977977896,,,,,,
1611.2,,,,,0.9979075596,,,,,,
1611.4,,,,,0.9979786027,,,,,,
1611.6,,,,,0.9979868362,,,,,,
1611.8,,,,,0.997924383,,,,,,
1612,,,,,0.997782263,,,,,,
1612.2,,,,,0.9975665148,,,,,,
1612.4,,,,,0.9973065065,,,,,,
1612.6,,,,,0.9970403802,,,,,,
1612.8,,,,,0.9968389615,,,,,,
1613,,,,,0.9967595477,,,,,,
1613.2,,,,,0.9968384297,,,,,,
1613.4,,,,,0.9970820326,,,,,,
1613.6,,,,,0.9974512425,,,,,,
1613.8,,,,,0.9979063059,,,,,,
1614,,,,,0.998384079,,,,,,
1614.2,,,,,0.9988250173,,,,,,
1614.4,,,,,0.9991848175,,,,,,
1614.6,,,,,0.9994262903,,,,,,
1614.8,,,,,0.9995531267,,,,,,
1615,,,,,0.9995633921,,,,,,
1615.2,,,,,0.9994555956,,,,,,
1615.4,,,,,0.999223442,,,,,,
1615.6,,,,,0.9988530608,,,,,,
1615.8,,,,,0.9983588937,,,,,,
1616,,,,,0.997758874,,,,,,
1616.2,,,,,0.9970889134,,,,,,
1616.4,,,,,0.9963932829,,,,,,
1616.6,,,,,0.9957143403,,,,,,
1616.8,,,,,0.9950963513,,,,,,
1617,,,,,0.9945507857,,,,,,
1617.2,,,,,0.9940638374,,,,,,
1617.4,,,,,0.9935951147,,,,,,
1617.6,,,,,0.993099416,,,,,,
1617.8,,,,,0.9925453171,,,,,,
1618,,,,,0.9919115737,,,,,,
1618.2,,,,,0.9912019164,,,,,,
1618.4,,,,,0.990434862,,,,,,
1618.6,,,,,0.9896559643,,,,,,
1618.8,,,,,0.9889148311,,,,,,
1619,,,,,0.9882459609,,,,,,
1619.2,,,,,0.9876638918,,,,,,
1619.4,,,,,0.9871463453,,,,,,
1619.6,,,,,0.9866679865,,,,,,
1619.8,,,,,0.9861813653,,,,,,
1620,,,,,0.9856337143,,,,,,
1620.2,,,,,0.9849802816,,,,,,
1620.4,,,,,0.9841816035,,,,,,
1620.6,,,,,0.9832444148,,,,,,
1620.8,,,,,0.9821827253,,,,,,
1621,,,,,0.9810258422,,,,,,
1621.2,,,,,0.9798050417,,,,,,
1621.4,,,,,0.9785457333,,,,,,
1621.6,,,,,0.9772764022,,,,,,
1621.8,,,,,0.9760010785,,,,,,
1622,,,,,0.9747115865,,,,,,
1622.2,,,,,0.9733858161,,,,,,
1622.4,,,,,0.9720132722,,,,,,
1622.6,,,,,0.9705977228,,,,,,
1622.8,,,,,0.9691512448,,,,,,
1623,,,,,0.9676979974,,,,,,
1623.2,,,,,0.9662540786,,,,,,
1623.4,,,,,0.9648508543,,,,,,
1623.6,,,,,0.9634989333,,,,,,
1623.8,,,,,0.9621917211,,,,,,
1624,,,,,0.9609073556,,,,,,
1624.2,,,,,0.9596084308,,,,,,
1624.4,,,,,0.9582773372,,,,,,
1624.6,,,,,0.9568909151,,,,,,
1624.8,,,,,0.9554370844,,,,,,
1625,,,,,0.9539092627,,,,,,
1625.2,,,,,0.9523172098,,,,,,
1625.4,,,,,0.9506854451,,,,,,
1625.6,,,,,0.9490351238,,,,,,
1625.8,,,,,0.9473867476,,,,,,
1626,,,,,0.9457438745,,,,,,
1626.2,,,,,0.9441221032,,,,,,
1626.4,,,,,0.9425228917,,,,,,
1626.6,,,,,0.9409417276,,,,,,
1626.8,,,,,0.9393719613,,,,,,
1627,,,,,0.9378046114,,,,,,
1627.2,,,,,0.936254933,,,,,,
1627.4,,,,,0.9347315771,,,,,,
1627.6,,,,,0.9332440337,,,,,,
1627.8,,,,,0.9317885962,,,,,,
1628,,,,,0.9303610262,,,,,,
1628.2,,,,,0.9289495319,,,,,,
1628.4,,,,,0.9275302284,,,,,,
1628.6,,,,,0.926080793,,,,,,
1628.8,,,,,0.9245750374,,,,,,
1629,,,,,0.9230292624,,,,,,
1629.2,,,,,0.9214656832,,,,,,
1629.4,,,,,0.919922566,,,,,,
1629.6,,,,,0.9184408731,,,,,,
1629.8,,,,,0.9170622424,,,,,,
1630,,,,,0.9158287617,,,,,,
1630.2,,,,,0.9147602693,,,,,,
1630.4,,,,,0.9138617234,,,,,,
1630.6,,,,,0.9131124496,,,,,,
1630.8,,,,,0.9125010325,,,,,,
1631,,,,,0.9120016234,,,,,,
1631.2,,,,,0.9115842355,,,,,,
1631.4,,,,,0.9112169435,,,,,,
1631.6,,,,,0.9108721236,,,,,,
1631.8,,,,,0.9105464673,,,,,,
1632,,,,,0.9102403766,,,,,,
1632.2,,,,,0.9099688117,,,,,,
1632.4,,,,,0.9097477849,,,,,,
1632.6,,,,,0.9096175105,,,,,,
1632.8,,,,,0.909613031,,,,,,
1633,,,,,0.9097594945,,,,,,
1633.2,,,,,0.910065351,,,,,,
1633.4,,,,,0.9105193685,,,,,,
1633.6,,,,,0.9111097482,,,,,,
1633.8,,,,,0.9118034376,,,,,,
1634,,,,,0.912564343,,,,,,
1634.2,,,,,0.9133504725,,,,,,
1634.4,,,,,0.9141503149,,,,,,
1634.6,,,,,0.9149647067,,,,,,
1634.8,,,,,0.9158107652,,,,,,
1635,,,,,0.9167169667,,,,,,
1635.2,,,,,0.9177180126,,,,,,
1635.4,,,,,0.91886025,,,,,,
1635.6,,,,,0.9201681227,,,,,,
1635.8,,,,,0.9216464133,,,,,,
1636,,,,,0.9232635576,,,,,,
1636.2,,,,,0.9249859158,,,,,,
1636.4,,,,,0.9267547939,,,,,,
1636.6,,,,,0.9285036227,,,,,,
1636.8,,,,,0.930164886,,,,,,
1637,,,,,0.9316872555,,,,,,
1637.2,,,,,0.9330467069,,,,,,
1637.4,,,,,0.9342281072,,,,,,
1637.6,,,,,0.9352281241,,,,,,
1637.8,,,,,0.9360316175,,,,,,
1638,,,,,0.9366436,,,,,,
1638.2,,,,,0.9370421048,,,,,,
1638.4,,,,,0.9371907847,,,,,,
1638.6,,,,,0.9370325093,,,,,,
1638.8,,,,,0.9365123968,,,,,,
1639,,,,,0.935577397,,,,,,
1639.2,,,,,0.9341739732,,,,,,
1639.4,,,,,0.9322532074,,,,,,
1639.6,,,,,0.9297646098,,,,,,
1639.8,,,,,0.9266758102,,,,,,
1640,,,,,0.9229387361,,,,,,
1640.2,,,,,0.918497894,,,,,,
1640.4,,,,,0.9132784732,,,,,,
1640.6,,,,,0.9072192261,,,,,,
1640.8,,,,,0.9002542761,,,,,,
1641,,,,,0.8923237792,,,,,,
1641.2,,,,,0.8833739557,,,,,,
1641.4,,,,,0.873367794,,,,,,
1641.6,,,,,0.8622893994,,,,,,
1641.8,,,,,0.8501301127,,,,,,
1642,,,,,0.8368934807,,,,,,
1642.2,,,,,0.8225875809,,,,,,
1642.4,,,,,0.8072537489,,,,,,
1642.6,,,,,0.7909388872,,,,,,
1642.8,,,,,0.7737041399,,,,,,
1643,,,,,0.7556108075,,,,,,
1643.2,,,,,0.7367388607,,,,,,
1643.4,,,,,0.7171664339,,,,,,
1643.6,,,,,0.6969688062,,,,,,
1643.8,,,,,0.6762145137,,,,,,
1644,,,,,0.6549745083,,,,,,
1644.2,,,,,0.6333304792,,,,,,
1644.4,,,,,0.6113670048,,,,,,
1644.6,,,,,0.5891757123,,,,,,
1644.8,,,,,0.566849287,,,,,,
1645,,,,,0.5444988724,,,,,,
1645.2,,,,,0.5222306569,,,,,,
1645.4,,,,,0.5001479868,,,,,,
1645.6,,,,,0.4783379459,,,,,,
1645.8,,,,,0.4568902138,,,,,,
1646,,,,,0.4358789246,,,,,,
1646.2,,,,,0.4153656491,,,,,,
1646.4,,,,,0.3953946295,,,,,,
1646.6,,,,,0.3760035687,,,,,,
1646.8,,,,,0.3572236721,,,,,,
1647,,,,,0.3390773237,,,,,,
1647.2,,,,,0.32157953,,,,,,
1647.4,,,,,0.3047409327,,,,,,
1647.6,,,,,0.2885766215,,,,,,
1647.8,,,,,0.2730969435,,,,,,
1648,,,,,0.2583087398,,,,,,
1648.2,,,,,0.2442098724,,,,,,
1648.4,,,,,0.2308006361,,,,,,
1648.6,,,,,0.2180712967,,,,,,
1648.8,,,,,0.206005285,,,,,,
1649,,,,,0.194574852,,,,,,
1649.2,,,,,0.1837538146,,,,,,
1649.4,,,,,0.1735105224,,,,,,
1649.6,,,,,0.1638110688,,,,,,
1649.8,,,,,0.1546180358,,,,,,
1650,,,,,0.1458978168,,,,,,
1650.2,,,,,0.1376202103,,,,,,
1650.4,,,,,0.1297585636,,,,,,
1650.6,,,,,0.1222899424,,,,,,
1650.8,,,,,0.1151973984,,,,,,
1651,,,,,0.108470765,,,,,,
1651.2,,,,,0.1021020249,,,,,,
1651.4,,,,,0.09608367981,,,,,,
1651.6,,,,,0.09040724833,,,,,,
1651.8,,,,,0.08506617255,,,,,,
1652,,,,,0.08005235917,,,,,,
1652.2,,,,,0.075357486,,,,,,
1652.4,,,,,0.07097187313,,,,,,
1652.6,,,,,0.06688797686,,,,,,
1652.8,,,,,0.06309507845,,,,,,
1653,,,,,0.05957851489,,,,,,
1653.2,,,,,0.05631667217,,,,,,
1653.4,,,,,0.05328516644,,,,,,
1653.6,,,,,0.0504549155,,,,,,
1653.8,,,,,0.04779581966,,,,,,
1654,,,,,0.0452788686,,,,,,
1654.2,,,,,0.0428815563,,,,,,
1654.4,,,,,0.04058803576,,,,,,
1654.6,,,,,0.03838963323,,,,,,
1654.8,,,,,0.0362832613,,,,,,
1655,,,,,0.0342709012,,,,,,
1655.2,,,,,0.0323565777,,,,,,
1655.4,,,,,0.03054362355,,,,,,
1655.6,,,,,0.02883242177,,,,,,
1655.8,,,,,0.02722002368,,,,,,
1656,,,,,0.0257000828,,,,,,
1656.2,,,,,0.02426328043,,,,,,
1656.4,,,,,0.02289893558,,,,,,
1656.6,,,,,0.02159733983,,,,,,
1656.8,,,,,0.02035177407,,,,,,
1657,,,,,0.0191587337,,,,,,
1657.2,,,,,0.01801772907,,,,,,
1657.4,,,,,0.01693035927,,,,,,
1657.6,,,,,0.01589943104,,,,,,
1657.8,,,,,0.01492716651,,,,,,
1658,,,,,0.01401469863,,,,,,
1658.2,,,,,0.01316217741,,,,,,
1658.4,,,,,0.0123698886,,,,,,
1658.6,,,,,0.01163824835,,,,,,
1658.8,,,,,0.01096800551,,,,,,
1659,,,,,0.0103595659,,,,,,
1659.2,,,,,0.00981234065,,,,,,
1659.4,,,,,0.009322870507,,,,,,
1659.6,,,,,0.00888389947,,,,,,
1659.8,,,,,0.00848408665,,,,,,
1660,,,,,0.008109444831,,,,,,
1660.2,,,,,0.007744921927,,,,,,
1660.4,,,,,0.007377081702,,,,,,
1660.6,,,,,0.00699645933,,,,,,
1660.8,,,,,0.006599624582,,,,,,
1661,,,,,0.006189183938,,,,,,
1661.2,,,,,0.005772826351,,,,,,
1661.4,,,,,0.005361126062,,,,,,
1661.6,,,,,0.004965386426,,,,,,
1661.8,,,,,0.004595156497,,,,,,
1662,,,,,0.004256969255,,,,,,
1662.2,,,,,0.003953983052,,,,,,
1662.4,,,,,0.003686914432,,,,,,
1662.6,,,,,0.003454898437,,,,,,
1662.8,,,,,0.003256553017,,,,,,
1663,,,,,0.003090351771,,,,,,
1663.2,,,,,0.002954634711,,,,,,
1663.4,,,,,0.002846693529,,,,,,
1663.6,,,,,0.002762096733,,,,,,
1663.8,,,,,0.002694387974,,,,,,
1664,,,,,0.002635832114,,,,,,
1664.2,,,,,0.002578509476,,,,,,
1664.4,,,,,0.002515861934,,,,,,
1664.6,,,,,0.002443775661,,,,,,
1664.8,,,,,0.002360990669,,,,,,
1665,,,,,0.002268301272,,,,,,
1665.2,,,,,0.002167326472,,,,,,
1665.4,,,,,0.002059291443,,,,,,
1665.6,,,,,0.001944619356,,,,,,
1665.8,,,,,0.001823246322,,,,,,
1666,,,,,0.001695729707,,,,,,
1666.2,,,,,0.001564390454,,,,,,
1666.4,,,,,0.001433976486,,,,,,
1666.6,,,,,0.001311197097,,,,,,
1666.8,,,,,0.00120343761,,,,,,
1667,,,,,0.001116995694,,,,,,
1667.2,,,,,0.001055596029,,,,,,
1667.4,,,,,0.001019503472,,,,,,
1667.6,,,,,0.00100566441,,,,,,
1667.8,,,,,0.001008645318,,,,,,
1668,,,,,0.001022056163,,,,,,
1668.2,,,,,0.0010398444,,,,,,
1668.4,,,,,0.001057265782,,,,,,
1668.6,,,,,0.00107129506,,,,,,
1668.8,,,,,0.00108053582,,,,,,
1669,,,,,0.001084689269,,,,,,
1669.2,,,,,0.001083906566,,,,,,
1669.4,,,,,0.001078197398,,,,,,
1669.6,,,,,0.001067059808,,,,,,
1669.8,,,,,0.001049397418,,,,,,
1670,,,,,0.001023831121,,,,,,
1670.2,,,,,0.0009893382861,,,,,,
1670.4,,,,,0.00094602699,,,,,,
1670.6,,,,,0.0008957850553,,,,,,
1670.8,,,,,0.0008425297926,,,,,,
1671,,,,,0.0007918367517,,,,,,
1671.2,,,,,0.0007498644425,,,,,,
1671.4,,,,,0.0007218275133,,,,,,
1671.6,,,,,0.0007104771615,,,,,,
1671.8,,,,,0.0007151638371,,,,,,
1672,,,,,0.0007318105626,,,,,,
1672.2,,,,,0.0007539179095,,,,,,
1672.4,,,,,0.0007742607947,,,,,,
1672.6,,,,,0.0007867545616,,,,,,
1672.8,,,,,0.000787759692,,,,,,
1673,,,,,0.000776562861,,,,,,
1673.2,,,,,0.0007549969834,,,,,,
1673.4,,,,,0.0007266498385,,,,,,
1673.6,,,,,0.0006959482272,,,,,,
1673.8,,,,,0.0006676848173,,,,,,
1674,,,,,0.0006469549609,,,,,,
1674.2,,,,,0.000639326911,,,,,,
1674.4,,,,,0.0006506985416,,,,,,
1674.6,,,,,0.0006866775343,,,,,,
1674.8,,,,,0.0007513440117,,,,,,
1675,,,,,0.0008457334537,,,,,,
1675.2,,,,,0.0009665619206,,,,,,
1675.4,,,,,0.001105889625,,,,,,
1675.6,,,,,0.001252029104,,,,,,
1675.8,,,,,0.001391578948,,,,,,
1676,,,,,0.001512037349,,,,,,
1676.2,,,,,0.001604232277,,,,,,
1676.4,,,,,0.001663832085,,,,,,
1676.6,,,,,0.001691472026,,,,,,
1676.8,,,,,0.001691651187,,,,,,
1677,,,,,0.001670900322,,,,,,
1677.2,,,,,0.001635970137,,,,,,
1677.4,,,,,0.001592521361,,,,,,
1677.6,,,,,0.001544734132,,,,,,
1677.8,,,,,0.001495665846,,,,,,
1678,,,,,0.001448071193,,,,,,
1678.2,,,,,0.001405028332,,,,,,
1678.4,,,,,0.001370219648,,,,,,
1678.6,,,,,0.001347616303,,,,,,
1678.8,,,,,0.001340758305,,,,,,
1679,,,,,0.001351754401,,,,,,
1679.2,,,,,0.001380461934,,,,,,
1679.4,,,,,0.00142405044,,,,,,
1679.6,,,,,0.001477119739,,,,,,
1679.8,,,,,0.001532342776,,,,,,
1680,,,,,0.00158162615,,,,,,
1680.2,,,,,0.001617586327,,,,,,
1680.4,,,,,0.001634942734,,,,,,
1680.6,,,,,0.001631543823,,,,,,
1680.8,,,,,0.0016087308,,,,,,
1681,,,,,0.001570982125,,,,,,
1681.2,,,,,0.001524743359,,,,,,
1681.4,,,,,0.001476935457,,,,,,
1681.6,,,,,0.001433491536,,,,,,
1681.8,,,,,0.001398421623,,,,,,
1682,,,,,0.001373428516,,,,,,
1682.2,,,,,0.001358253827,,,,,,
1682.4,,,,,0.001351430969,,,,,,
1682.6,,,,,0.001351153667,,,,,,
1682.8,,,,,0.001355922502,,,,,,
1683,,,,,0.001364949403,,,,,,
1683.2,,,,,0.001378309593,,,,,,
1683.4,,,,,0.001396803949,,,,,,
1683.6,,,,,0.001421651331,,,,,,
1683.8,,,,,0.001454027697,,,,,,
1684,,,,,0.001494561515,,,,,,
1684.2,,,,,0.001542670275,,,,,,
1684.4,,,,,0.001596079588,,,,,,
1684.6,,,,,0.001650614353,,,,,,
1684.8,,,,,0.001700487934,,,,,,
1685,,,,,0.001738965427,,,,,,
1685.2,,,,,0.001759422016,,,,,,
1685.4,,,,,0.001756492661,,,,,,
1685.6,,,,,0.001727036005,,,,,,
1685.8,,,,,0.001670663846,,,,,,
1686,,,,,0.00158983617,,,,,,
1686.2,,,,,0.001489629971,,,,,,
1686.4,,,,,0.00137720882,,,,,,
1686.6,,,,,0.00126121031,,,,,,
1686.8,,,,,0.001151037501,,,,,,
1687,,,,,0.001056096617,,,,,,
1687.2,,,,,0.0009847126933,,,,,,
1687.4,,,,,0.0009429417963,,,,,,
1687.6,,,,,0.0009333557972,,,,,,
1687.8,,,,,0.0009541571786,,,,,,
1688,,,,,0.0009988834676,,,,,,
1688.2,,,,,0.0010570497,,,,,,
1688.4,,,,,0.001115783005,,,,,,
1688.6,,,,,0.001162122982,,,,,,
1688.8,,,,,0.001185527429,,,,,,
1689,,,,,0.001179960002,,,,,,
1689.2,,,,,0.001145095116,,,,,,
1689.4,,,,,0.001086105048,,,,,,
1689.6,,,,,0.001012261217,,,,,,
1689.8,,,,,0.0009346589921,,,,,,
1690,,,,,0.0008637151967,,,,,,
1690.2,,,,,0.0008070443938,,,,,,
1690.4,,,,,0.0007682878427,,,,,,
1690.6,,,,,0.0007470696296,,,,,,
1690.8,,,,,0.0007398704283,,,,,,
1691,,,,,0.0007414411699,,,,,,
1691.2,,,,,0.0007462370302,,,,,,
1691.4,,,,,0.0007495401624,,,,,,
1691.6,,,,,0.0007479479521,,,,,,
1691.8,,,,,0.0007394059807,,,,,,
1692,,,,,0.0007229839494,,,,,,
1692.2,,,,,0.0006986788094,,,,,,
1692.4,,,,,0.0006673651678,,,,,,
1692.6,,,,,0.0006309769787,,,,,,
1692.8,,,,,0.000592784719,,,,,,
1693,,,,,0.0005574050034,,,,,,
1693.2,,,,,0.000530440197,,,,,,
1693.4,,,,,0.0005176503416,,,,,,
1693.6,,,,,0.0005238282059,,,,,,
1693.8,,,,,0.0005515805669,,,,,,
1694,,,,,0.0006005223599,,,,,,
1694.2,,,,,0.0006671453004,,,,,,
1694.4,,,,,0.000745431324,,,,,,
1694.6,,,,,0.000828090256,,,,,,
1694.8,,,,,0.0009080560847,,,,,,
1695,,,,,0.0009798223834,,,,,,
1695.2,,,,,0.001040107219,,,,,,
1695.4,,,,,0.001087815566,,,,,,
1695.6,,,,,0.001123358122,,,,,,
1695.8,,,,,0.001147678834,,,,,,
1696,,,,,0.001161384703,,,,,,
1696.2,,,,,0.001164366012,,,,,,
1696.4,,,,,0.001156019601,,,,,,
1696.6,,,,,0.001135869192,,,,,,
1696.8,,,,,0.001104326193,,,,,,
1697,,,,,0.001063203273,,,,,,
1697.2,,,,,0.001015764375,,,,,,
1697.4,,,,,0.0009661966598,,,,,,
1697.6,,,,,0.0009187612534,,,,,,
1697.8,,,,,0.0008769195445,,,,,,
1698,,,,,0.0008427139066,,,,,,
1698.2,,,,,0.0008166242838,,,,,,
1698.4,,,,,0.0007979138261,,,,,,
1698.6,,,,,0.000785368524,,,,,,
1698.8,,,,,0.000777975362,,,,,,
1699,,,,,0.0007754298875,,,,,,
1699.2,,,,,0.0007782374841,,,,,,
1699.4,,,,,0.0007873831043,,,,,,
1699.6,,,,,0.0008036902117,,,,,,
1699.8,,,,,0.0008271505079,,,,,,
1700,,,,,0.0008565308538,,,,,,
1700.2,,,,,0.0008892736211,,,,,,
1700.4,,,,,0.0009218958393,,,,,,
1700.6,,,,,0.0009507388092,,,,,,
1700.8,,,,,0.0009728515743,,,,,,
1701,,,,,0.0009867124629,,,,,,
1701.2,,,,,0.0009926310059,,,,,,
1701.4,,,,,0.0009927272311,,,,,,
1701.6,,,,,0.0009903827097,,,,,,
1701.8,,,,,0.0009894423155,,,,,,
1702,,,,,0.0009933374051,,,,,,
1702.2,,,,,0.001004356064,,,,,,
1702.4,,,,,0.001023175079,,,,,,
1702.6,,,,,0.001048783504,,,,,,
1702.8,,,,,0.001078767585,,,,,,
1703,,,,,0.001109774221,,,,,,
1703.2,,,,,0.001138109535,,,,,,
1703.4,,,,,0.001160308252,,,,,,
1703.6,,,,,0.00117359205,,,,,,
1703.8,,,,,0.001176082722,,,,,,
1704,,,,,0.001166823623,,,,,,
1704.2,,,,,0.001145670018,,,,,,
1704.4,,,,,0.001113072086,,,,,,
1704.6,,,,,0.001069919942,,,,,,
1704.8,,,,,0.001017516867,,,,,,
1705,,,,,0.0009576995822,,,,,,
1705.2,,,,,0.0008929383017,,,,,,
1705.4,,,,,0.000826338143,,,,,,
1705.6,,,,,0.0007614291615,,,,,,
1705.8,,,,,0.0007016545176,,,,,,
1706,,,,,0.0006497078594,,,,,,
1706.2,,,,,0.0006069260176,,,,,,
1706.4,,,,,0.00057299837,,,,,,
1706.6,,,,,0.0005460579271,,,,,,
1706.8,,,,,0.0005232123668,,,,,,
1707,,,,,0.0005013785305,,,,,,
1707.2,,,,,0.0004780867907,,,,,,
1707.4,,,,,0.0004520513834,,,,,,
1707.6,,,,,0.0004233471776,,,,,,
1707.8,,,,,0.0003931918617,,,,,,
1708,,,,,0.0003633749686,,,,,,
1708.2,,,,,0.0003355710122,,,,,,
1708.4,,,,,0.0003107569062,,,,,,
1708.6,,,,,0.000288832525,,,,,,
1708.8,,,,,0.0002685627308,,,,,,
1709,,,,,0.0002478453213,,,,,,
1709.2,,,,,0.0002242390172,,,,,,
1709.4,,,,,0.0001955828332,,,,,,
1709.6,,,,,0.0001605798514,,,,,,
1709.8,,,,,0.0001192249145,,,,,,
1710,,,,,7.291551654e-05,,,,,,
1710.2,,,,,2.426466993e-05,,,,,,
1710.4,,,,,-2.332086715e-05,,,,,,
1710.6,,,,,-6.618515599e-05,,,,,,
1710.8,,,,,-0.000100952992,,,,,,
1711,,,,,-0.0001249125336,,,,,,
1711.2,,,,,-0.0001361992418,,,,,,
1711.4,,,,,-0.0001338632121,,,,,,
1711.6,,,,,-0.0001178425313,,,,,,
1711.8,,,,,-8.89271971e-05,,,,,,
1712,,,,,-4.876090511e-05,,,,,,
1712.2,,,,,1.644941761e-07,,,,,,
1712.4,,,,,5.458200579e-05,,,,,,
1712.6,,,,,0.0001106476548,,,,,,
1712.8,,,,,0.0001642640935,,,,,,
1713,,,,,0.0002115246399,,,,,,
1713.2,,,,,0.0002492040498,,,,,,
1713.4,,,,,0.0002751826088,,,,,,
1713.6,,,,,0.0002887549375,,,,,,
1713.8,,,,,0.0002907521415,,,,,,
1714,,,,,0.0002834260138,,,,,,
1714.2,,,,,0.0002701089663,,,,,,
1714.4,,,,,0.0002546798649,,,,,,
1714.6,,,,,0.0002408983066,,,,,,
1714.8,,,,,0.0002317401207,,,,,,
1715,,,,,0.0002288692893,,,,,,
1715.2,,,,,0.0002323517368,,,,,,
1715.4,,,,,0.0002406824878,,,,,,
1715.6,,,,,0.0002511011718,,,,,,
1715.8,,,,,0.0002601038153,,,,,,
1716,,,,,0.0002640517473,,,,,,
1716.2,,,,,0.0002597575871,,,,,,
1716.4,,,,,0.0002449817074,,,,,,
1716.6,,,,,0.0002188237296,,,,,,
1716.8,,,,,0.0001819607129,,,,,,
1717,,,,,0.0001367060766,,,,,,
1717.2,,,,,8.684902141e-05,,,,,,
1717.4,,,,,3.722951756e-05,,,,,,
1717.6,,,,,-6.947623772e-06,,,,,,
1717.8,,,,,-4.095201053e-05,,,,,,
1718,,,,,-6.134562875e-05,,,,,,
1718.2,,,,,-6.660528996e-05,,,,,,
1718.4,,,,,-5.73503953e-05,,,,,,
1718.6,,,,,-3.611099093e-05,,,,,,
1718.8,,,,,-6.712911357e-06,,,,,,
1719,,,,,2.655130677e-05,,,,,,
1719.2,,,,,5.973095176e-05,,,,,,
1719.4,,,,,8.980022936e-05,,,,,,
1719.6,,,,,0.0001148902015,,,,,,
1719.8,,,,,0.0001341944823,,,,,,
1720,,,,,0.0001476678732,,,,,,
1720.2,,,,,0.0001556551708,,,,,,
1720.4,,,,,0.0001585956218,,,,,,
1720.6,,,,,0.0001568616874,,,,,,
1720.8,,,,,0.0001507178571,,,,,,
1721,,,,,0.0001403484895,,,,,,
1721.2,,,,,0.0001259122258,,,,,,
1721.4,,,,,0.0001076033711,,,,,,
1721.6,,,,,8.574211864e-05,,,,,,
1721.8,,,,,6.092104071e-05,,,,,,
1722,,,,,3.420426498e-05,,,,,,
1722.2,,,,,7.307066728e-06,,,,,,
1722.4,,,,,-1.731869031e-05,,,,,,
1722.6,,,,,-3.660105294e-05,,,,,,
1722.8,,,,,-4.72264208e-05,,,,,,
1723,,,,,-4.623736908e-05,,,,,,
1723.2,,,,,-3.174062726e-05,,,,,,
1723.4,,,,,-3.546643133e-06,,,,,,
1723.6,,,,,3.643786717e-05,,,,,,
1723.8,,,,,8.420751597e-05,,,,,,
1724,,,,,0.0001341067325,,,,,,
1724.2,,,,,0.0001796685057,,,,,,
1724.4,,,,,0.0002146970853,,,,,,
1724.6,,,,,0.0002343738192,,,,,,
1724.8,,,,,0.0002361356428,,,,,,
1725,,,,,0.0002201060468,,,,,,
1725.2,,,,,0.0001889681838,,,,,,
1725.4,,,,,0.0001473068637,,,,,,
1725.6,,,,,0.0001005941304,,,,,,
1725.8,,,,,5.409916045e-05,,,,,,
1726,,,,,1.200649306e-05,,,,,,
1726.2,,,,,-2.304513695e-05,,,,,,
1726.4,,,,,-4.997219118e-05,,,,,,
1726.6,,,,,-6.892071878e-05,,,,,,
1726.8,,,,,-8.079641607e-05,,,,,,
1727,,,,,-8.687856684e-05,,,,,,
1727.2,,,,,-8.86272894e-05,,,,,,
1727.4,,,,,-8.76536077e-05,,,,,,
1727.6,,,,,-8.576521759e-05,,,,,,
1727.8,,,,,-8.494198983e-05,,,,,,
1728,,,,,-8.713272837e-05,,,,,,
1728.2,,,,,-9.390318485e-05,,,,,,
1728.4,,,,,-0.0001060339312,,,,,,
1728.6,,,,,-0.0001232194074,,,,,,
1728.8,,,,,-0.0001440131852,,,,,,
1729,,,,,-0.0001660982047,,,,,,
1729.2,,,,,-0.0001868331641,,,,,,
1729.4,,,,,-0.0002039178322,,,,,,
1729.6,,,,,-0.0002159982772,,,,,,
1729.8,,,,,-0.0002230180502,,,,,,
1730,,,,,-0.0002261978487,,,,,,
2150,,,,,,0.0007867424938,,,,,
2150.5,,,,,,0.000839070996,,,,,
2151,,,,,,0.0009207619258,,,,,
2151.5,,,,,,0.001019349563,,,,,
2152,,,,,,0.001121212783,,,,,
2152.5,,,,,,0.00121750408,,,,,
2153,,,,,,0.001306683007,,,,,
2153.5,,,,,,0.001392458175,,,,,
2154,,,,,,0.001478987991,,,,,
2154.5,,,,,,0.001566631947,,,,,
2155,,,,,,0.001650927178,,,,,
2155.5,,,,,,0.001725145303,,,,,
2156,,,,,,0.001784459932,,,,,
2156.5,,,,,,0.001828738167,,,,,
2157,,,,,,0.00186207811,,,,,
2157.5,,,,,,0.001889655484,,,,,
2158,,,,,,0.001914339212,,,,,
2158.5,,,,,,0.001935246153,,,,,
2159,,,,,,0.001948778604,,,,,
2159.5,,,,,,0.001950978825,,,,,
2160,,,,,,0.001939663549,,,,,
2160.5,,,,,,0.001915499338,,,,,
2161,,,,,,0.001882055608,,,,,
2161.5,,,,,,0.001845290128,,,,,
2162,,,,,,0.001812685355,,,,,
2162.5,,,,,,0.00179180062,,,,,
2163,,,,,,0.001787836641,,,,,
2163.5,,,,,,0.001800938368,,,,,
2164,,,,,,0.001824942277,,,,,
2164.5,,,,,,0.001849097022,,,,,
2165,,,,,,0.001862430584,,,,,
2165.5,,,,,,0.00185843418,,,,,
2166,,,,,,0.001837385737,,,,,
2166.5,,,,,,0.001805124832,,,,,
2167,,,,,,0.001769158031,,,,,
2167.5,,,,,,0.001734256108,,,,,
2168,,,,,,0.001699965883,,,,,
2168.5,,,,,,0.001661549385,,,,,
2169,,,,,,0.00161393291,,,,,
2169.5,,,,,,0.001556338242,,,,,
2170,,,,,,0.001494687449,,,,,
2170.5,,,,,,0.001440267135,,,,,
2171,,,,,,0.001405475968,,,,,
2171.5,,,,,,0.001399011266,,,,,
2172,,,,,,0.001422792147,,,,,
2172.5,,,,,,0.001471547814,,,,,
2173,,,,,,0.00153475938,,,,,
2173.5,,,,,,0.001599722515,,,,,
2174,,,,,,0.001654424254,,,,,
2174.5,,,,,,0.001689530641,,,,,
2175,,,,,,0.001699623002,,,,,
2175.5,,,,,,0.001684179808,,,,,
2176,,,,,,0.00164828395,,,,,
2176.5,,,,,,0.001602199253,,,,,
2177,,,,,,0.001558955849,,,,,
2177.5,,,,,,0.001530236768,,,,,
2178,,,,,,0.001522358897,,,,,
2178.5,,,,,,0.001534499796,,,,,
2179,,,,,,0.001560064587,,,,,
2179.5,,,,,,0.001590350484,,,,,
2180,,,,,,0.001618608877,,,,,
2180.5,,,,,,0.001642665497,,,,,
2181,,,,,,0.00166509162,,,,,
2181.5,,,,,,0.001691088123,,,,,
2182,,,,,,0.001725325305,,,,,
2182.5,,,,,,0.001769461137,,,,,
2183,,,,,,0.00182141839,,,,,
2183.5,,,,,,0.001876431963,,,,,
2184,,,,,,0.00192900408,,,,,
2184.5,,,,,,0.001974837205,,,,,
2185,,,,,,0.002012275017,,,,,
2185.5,,,,,,0.002043162445,,,,,
2186,,,,,,0.002073094783,,,,,
2186.5,,,,,,0.002110834271,,,,,
2187,,,,,,0.002166522755,,,,,
2187.5,,,,,,0.002248616616,,,,,
2188,,,,,,0.002360347566,,,,,
2188.5,,,,,,0.002497446018,,,,,
2189,,,,,,0.002648563178,,,,,
2189.5,,,,,,0.002798625257,,,,,
2190,,,,,,0.002933443987,,,,,
2190.5,,,,,,0.003043410113,,,,,
2191,,,,,,0.003125046144,,,,,
2191.5,,,,,,0.003180628541,,,,,
2192,,,,,,0.003216750217,,,,,
2192.5,,,,,,0.003242456344,,,,,
2193,,,,,,0.003267242514,,,,,
2193.5,,,,,,0.00329922985,,,,,
2194,,,,,,0.0033438951,,,,,
2194.5,,,,,,0.003403590993,,,,,
2195,,,,,,0.003477685319,,,,,
2195.5,,,,,,0.003563327549,,,,,
2196,,,,,,0.003656822845,,,,,
2196.5,,,,,,0.003755241929,,,,,
2197,,,,,,0.003857470286,,,,,
2197.5,,,,,,0.003964039336,,,,,
2198,,,,,,0.004075891365,,,,,
2198.5,,,,,,0.00419291124,,,,,
2199,,,,,,0.004312968198,,,,,
2199.5,,,,,,0.004431599491,,,,,
2200,,,,,,0.004542219311,,,,,
2200.5,,,,,,0.004636865378,,,,,
2201,,,,,,0.004708111298,,,,,
2201.5,,,,,,0.00475160354,,,,,
2202,,,,,,0.004768622465,,,,,
2202.5,,,,,,0.004766947984,,,,,
2203,,,,,,0.004758901442,,,,,
2203.5,,,,,,0.004756955355,,,,,
2204,,,,,,0.004768851451,,,,,
2204.5,,,,,,0.004794494629,,,,,
2205,,,,,,0.004825683514,,,,,
2205.5,,,,,,0.004847841571,,,,,
2206,,,,,,0.00484185261,,,,,
2206.5,,,,,,0.004784785299,,,,,
2207,,,,,,0.004650189447,,,,,
2207.5,,,,,,0.004410118719,,,,,
2208,,,,,,0.004040639121,,,,,
2208.5,,,,,,0.003530361473,,,,,
2209,,,,,,0.002888973491,,,,,
2209.5,,,,,,0.002151801472,,,,,
2210,,,,,,0.001377901725,,,,,
2210.5,,,,,,0.0006420279541,,,,,
2211,,,,,,2.336900066e-05,,,,,
2211.5,,,,,,-0.0004052687106,,,,,
2212,,,,,,-0.0005850915549,,,,,
2212.5,,,,,,-0.0004746694912,,,,,
2213,,,,,,-4.931467314e-05,,,,,
2213.5,,,,,,0.0007024477906,,,,,
2214,,,,,,0.00178411091,,,,,
2214.5,,,,,,0.003197197101,,,,,
2215,,,,,,0.004947508657,,,,,
2215.5,,,,,,0.007051161731,,,,,
2216,,,,,,0.009539634675,,,,,
2216.5,,,,,,0.01246265684,,,,,
2217,,,,,,0.01588861515,,,,,
2217.5,,,,,,0.01990219995,,,,,
2218,,,,,,0.02460104702,,,,,
2218.5,,,,,,0.0300934219,,,,,
2219,,,,,,0.03649820715,,,,,
2219.5,,,,,,0.04394754334,,,,,
2220,,,,,,0.05259139098,,,,,
2220.5,,,,,,0.06260254179,,,,,
2221,,,,,,0.07418013713,,,,,
2221.5,,,,,,0.08754963742,,,,,
2222,,,,,,0.1029577394,,,,,
2222.5,,,,,,0.120662078,,,,,
2223,,,,,,0.140917185,,,,,
2223.5,,,,,,0.1639591514,,,,,
2224,,,,,,0.1899910694,,,,,
2224.5,,,,,,0.21916983,,,,,
2225,,,,,,0.2515932502,,,,,
2225.5,,,,,,0.2872858341,,,,,
2226,,,,,,0.3261818817,,,,,
2226.5,,,,,,0.3681061439,,,,,
2227,,,,,,0.412759254,,,,,
2227.5,,,,,,0.4597027766,,,,,
2228,,,,,,0.5083598512,,,,,
2228.5,,,,,,0.5580296448,,,,,
2229,,,,,,0.607915865,,,,,
2229.5,,,,,,0.6571651953,,,,,
2230,,,,,,0.7049113019,,,,,
2230.5,,,,,,0.7503221891,,,,,
2231,,,,,,0.7926497109,,,,,
2231.5,,,,,,0.8312776724,,,,,
2232,,,,,,0.8657608809,,,,,
2232.5,,,,,,0.8958461862,,,,,
2233,,,,,,0.9214708181,,,,,
2233.5,,,,,,0.9427412263,,,,,
2234,,,,,,0.9599016618,,,,,
2234.5,,,,,,0.9733016153,,,,,
2235,,,,,,0.9833657877,,,,,
2235.5,,,,,,0.9905647469,,,,,
2236,,,,,,0.9953836655,,,,,
2236.5,,,,,,0.9982905438,,,,,
2237,,,,,,0.9997097054,,,,,
2237.5,,,,,,1.000006682,,,,,
2238,,,,,,0.9994863454,,,,,
2238.5,,,,,,0.9983990733,,,,,
2239,,,,,,0.9969547657,,,,,
2239.5,,,,,,0.9953275664,,,,,
2240,,,,,,0.9936559178,,,,,
2240.5,,,,,,0.992040052,,,,,
2241,,,,,,0.9905392405,,,,,
2241.5,,,,,,0.9891746364,,,,,
2242,,,,,,0.9879400569,,,,,
2242.5,,,,,,0.9868184175,,,,,
2243,,,,,,0.985797739,,,,,
2243.5,,,,,,0.984880363,,,,,
2244,,,,,,0.984082537,,,,,
2244.5,,,,,,0.983426327,,,,,
2245,,,,,,0.982928764,,,,,
2245.5,,,,,,0.9825930044,,,,,
2246,,,,,,0.9824040814,,,,,
2246.5,,,,,,0.9823293463,,,,,
2247,,,,,,0.9823222661,,,,,
2247.5,,,,,,0.9823282526,,,,,
2248,,,,,,0.9822920553,,,,,
2248.5,,,,,,0.9821664119,,,,,
2249,,,,,,0.9819205138,,,,,
2249.5,,,,,,0.9815451505,,,,,
2250,,,,,,0.9810522383,,,,,
2250.5,,,,,,0.9804691471,,,,,
2251,,,,,,0.9798209593,,,,,
2251.5,,,,,,0.9791294955,,,,,
2252,,,,,,0.9784105691,,,,,
2252.5,,,,,,0.977672557,,,,,
2253,,,,,,0.9769197356,,,,,
2253.5,,,,,,0.9761545598,,,,,
2254,,,,,,0.9753801604,,,,,
2254.5,,,,,,0.9746025745,,,,,
2255,,,,,,0.9738323749,,,,,
2255.5,,,,,,0.9730845738,,,,,
2256,,,,,,0.9723763569,,,,,
2256.5,,,,,,0.9717236729,,,,,
2257,,,,,,0.9711387972,,,,,
2257.5,,,,,,0.9706294071,,,,,
2258,,,,,,0.9702037945,,,,,
2258.5,,,,,,0.96986974,,,,,
2259,,,,,,0.9696341418,,,,,
2259.5,,,,,,0.9694992595,,,,,
2260,,,,,,0.9694590244,,,,,
2260.5,,,,,,0.9694992208,,,,,
2261,,,,,,0.9696029898,,,,,
2261.5,,,,,,0.9697594172,,,,,
2262,,,,,,0.9699703883,,,,,
2262.5,,,,,,0.970251119,,,,,
2263,,,,,,0.9706227031,,,,,
2263.5,,,,,,0.971098961,,,,,
2264,,,,,,0.971672617,,,,,
2264.5,,,,,,0.9723059128,,,,,
2265,,,,,,0.9729284171,,,,,
2265.5,,,,,,0.9734415201,,,,,
2266,,,,,,0.9737265051,,,,,
2266.5,,,,,,0.973652015,,,,,
2267,,,,,,0.9730773803,,,,,
2267.5,,,,,,0.9718504901,,,,,
2268,,,,,,0.9698019282,,,,,
2268.5,,,,,,0.9667394473,,,,,
2269,,,,,,0.9624470785,,,,,
2269.5,,,,,,0.9566910397,,,,,
2270,,,,,,0.9492313623,,,,,
2270.5,,,,,,0.9398356047,,,,,
2271,,,,,,0.9282905295,,,,,
2271.5,,,,,,0.9144095264,,,,,
2272,,,,,,0.8980369115,,,,,
2272.5,,,,,,0.8790527825,,,,,
2273,,,,,,0.8573816943,,,,,
2273.5,,,,,,0.83300497,,,,,
2274,,,,,,0.8059726892,,,,,
2274.5,,,,,,0.7764105391,,,,,
2275,,,,,,0.7445193365,,,,,
2275.5,,,,,,0.7105685672,,,,,
2276,,,,,,0.674886786,,,,,
2276.5,,,,,,0.6378506546,,,,,
2277,,,,,,0.5998725815,,,,,
2277.5,,,,,,0.5613862193,,,,,
2278,,,,,,0.5228297672,,,,,
2278.5,,,,,,0.4846281951,,,,,
2279,,,,,,0.4471762209,,,,,
2279.5,,,,,,0.4108239023,,,,,
2280,,,,,,0.3758663531,,,,,
2280.5,,,,,,0.3425385658,,,,,
2281,,,,,,0.3110155724,,,,,
2281.5,,,,,,0.2814170883,,,,,
2282,,,,,,0.2538146689,,,,,
2282.5,,,,,,0.2282389664,,,,,
2283,,,,,,0.2046853804,,,,,
2283.5,,,,,,0.1831178913,,,,,
2284,,,,,,0.1634721085,,,,,
2284.5,,,,,,0.1456587451,,,,,
2285,,,,,,0.1295680251,,,,,
2285.5,,,,,,0.1150748791,,,,,
2286,,,,,,0.1020447875,,,,,
2286.5,,,,,,0.0903404567,,,,,
2287,,,,,,0.07982931449,,,,,
2287.5,,,,,,0.07039082632,,,,,
2288,,,,,,0.06192161463,,,,,
2288.5,,,,,,0.05433643395,,,,,
2289,,,,,,0.04756456822,,,,,
2289.5,,,,,,0.04154330872,,,,,
2290,,,,,,0.0362114214,,,,,
2290.5,,,,,,0.03150512827,,,,,
2291,,,,,,0.02735753037,,,,,
2291.5,,,,,,0.02370076067,,,,,
2292,,,,,,0.02046938438,,,,,
2292.5,,,,,,0.0176037311,,,,,
2293,,,,,,0.01505240389,,,,,
2293.5,,,,,,0.01277365667,,,,,
2294,,,,,,0.01073554607,,,,,
2294.5,,,,,,0.008914910753,,,,,
2295,,,,,,0.007295442078,,,,,
2295.5,,,,,,0.00586534962,,,,,
2296,,,,,,0.004615254325,,,,,
2296.5,,,,,,0.003536846812,,,,,
2297,,,,,,0.002622517732,,,,,
2297.5,,,,,,0.001865708037,,,,,
2298,,,,,,0.001261333765,,,,,
2298.5,,,,,,0.0008055668622,,,,,
2299,,,,,,0.000494414866,,,,,
2299.5,,,,,,0.0003213485275,,,,,
2300,,,,,,0.000274745951,,,,,
2300.5,,,,,,0.0003363384302,,,,,
2301,,,,,,0.0004815932574,,,,,
2301.5,,,,,,0.0006822733432,,,,,
2302,,,,,,0.0009104485908,,,,,
2302.5,,,,,,0.001142578733,,,,,
2303,,,,,,0.001362167114,,,,,
2303.5,,,,,,0.001560059924,,,,,
2304,,,,,,0.001732536661,,,,,
2304.5,,,,,,0.001878383718,,,,,
2305,,,,,,0.001996560806,,,,,
2305.5,,,,,,0.002085554328,,,,,
2306,,,,,,0.002144367217,,,,,
2306.5,,,,,,0.002174084768,,,,,
2307,,,,,,0.00217874656,,,,,
2307.5,,,,,,0.00216489635,,,,,
2308,,,,,,0.002140105365,,,,,
2308.5,,,,,,0.002111287441,,,,,
2309,,,,,,0.00208349535,,,,,
2309.5,,,,,,0.002059401142,,,,,
2310,,,,,,0.002039309281,,,,,
2310.5,,,,,,0.002021558129,,,,,
2311,,,,,,0.002003340843,,,,,
2311.5,,,,,,0.001981964858,,,,,
2312,,,,,,0.001956255004,,,,,
2312.5,,,,,,0.001927464772,,,,,
2313,,,,,,0.001899093282,,,,,
2313.5,,,,,,0.001875519612,,,,,
2314,,,,,,0.001860038972,,,,,
2314.5,,,,,,0.001853242634,,,,,
2315,,,,,,0.001852498796,,,,,
2315.5,,,,,,0.001852723127,,,,,
2316,,,,,,0.001848036632,,,,,
2316.5,,,,,,0.001833591797,,,,,
2317,,,,,,0.001806895625,,,,,
2317.5,,,,,,0.001768268497,,,,,
2318,,,,,,0.00172042337,,,,,
2318.5,,,,,,0.001667369771,,,,,
2319,,,,,,0.001612982529,,,,,
2319.5,,,,,,0.001559635499,,,,,
2320,,,,,,0.001507414577,,,,,
2320.5,,,,,,0.00145436867,,,,,
2321,,,,,,0.001397857221,,,,,
2321.5,,,,,,0.001336401913,,,,,
2322,,,,,,0.001271004626,,,,,
2322.5,,,,,,0.0012051017,,,,,
2323,,,,,,0.00114314516,,,,,
2323.5,,,,,,0.001088653685,,,,,
2324,,,,,,0.001042831748,,,,,
2324.5,,,,,,0.001004387597,,,,,
2325,,,,,,0.0009704216784,,,,,
2325.5,,,,,,0.0009377604154,,,,,
2326,,,,,,0.0009040999006,,,,,
2326.5,,,,,,0.000868627688,,,,,
2327,,,,,,0.0008321040911,,,,,
2327.5,,,,,,0.0007965371021,,,,,
2328,,,,,,0.0007645963496,,,,,
2328.5,,,,,,0.0007388865512,,,,,
2329,,,,,,0.0007212179746,,,,,
2329.5,,,,,,0.0007120693051,,,,,
2330,,,,,,0.0007104579009,,,,,
2330.5,,,,,,0.0007143377685,,,,,
2331,,,,,,0.0007213673975,,,,,
2331.5,,,,,,0.0007296835144,,,,,
2332,,,,,,0.0007382557053,,,,,
2332.5,,,,,,0.0007466706218,,,,,
2333,,,,,,0.0007545966599,,,,,
2333.5,,,,,,0.0007613985671,,,,,
2334,,,,,,0.0007662093131,,,,,
2334.5,,,,,,0.0007683486273,,,,,
2335,,,,,,0.0007676673002,,,,,
2335.5,,,,,,0.0007644780714,,,,,
2336,,,,,,0.0007591461994,,,,,
2336.5,,,,,,0.0007517838963,,,,,
2337,,,,,,0.0007424638967,,,,,
2337.5,,,,,,0.0007319216709,,,,,
2338,,,,,,0.0007222128222,,,,,
2338.5,,,,,,0.0007166691516,,,,,
2339,,,,,,0.0007188985604,,,,,
2339.5,,,,,,0.0007312306617,,,,,
2340,,,,,,0.0007534497212,,,,,
2340.5,,,,,,0.0007825673159,,,,,
2341,,,,,,0.0008138122252,,,,,
2341.5,,,,,,0.0008423177977,,,,,
2342,,,,,,0.0008646403422,,,,,
2342.5,,,,,,0.0008793787642,,,,,
2343,,,,,,0.0008867557418,,,,,
2343.5,,,,,,0.0008876438658,,,,,
2344,,,,,,0.0008827979007,,,,,
2344.5,,,,,,0.0008728244588,,,,,
2345,,,,,,0.000858856389,,,,,
2345.5,,,,,,0.0008433787355,,,,,
2346,,,,,,0.0008304995315,,,,,
2346.5,,,,,,0.000825250213,,,,,
2347,,,,,,0.0008320604826,,,,,
2347.5,,,,,,0.0008530720401,,,,,
2348,,,,,,0.0008871430635,,,,,
2348.5,,,,,,0.0009301122628,,,,,
2349,,,,,,0.0009762527328,,,,,
2349.5,,,,,,0.001020228338,,,,,
2350,,,,,,0.001058606707,,,,,
2980,,,,,,,0.001966807718,,,0.001966807718,
2981,,,,,,,0.00193603293,,,0.00193603293,
2982,,,,,,,0.001296785433,,,0.001296785433,
2983,,,,,,,0.001099424889,,,0.001099424889,
2984,,,,,,,0.0008874624075,,,0.0008874624075,
2985,,,,,,,0.0001869632947,,,0.0001869632947,
2986,,,,,,,-0.0002746393832,,,-0.0002746393832,
2987,,,,,,,3.213374294e-05,,,3.213374294e-05,
2988,,,,,,,0.0002130458325,,,0.0002130458325,
2989,,,,,,,-0.0003262905296,,,-0.0003262905296,
2990,,,,,,,-0.0006260891276,,,-0.0006260891276,
2991,,,,,,,-0.0001872938463,,,-0.0001872938463,
2992,,,,,,,0.0003936684567,,,0.0003936684567,
2993,,,,,,,0.0007462835929,,,0.0007462835929,
2994,,,,,,,0.0007041620431,,,0.0007041620431,
2995,,,,,,,0.0003325582933,,,0.0003325582933,
2996,,,,,,,0.0001907451661,,,0.0001907451661,
2997,,,,,,,0.0004600038776,,,0.0004600038776,
2998,,,,,,,0.0007812955625,,,0.0007812955625,
2999,,,,,,,0.0009717669702,,,0.0009717669702,
3000,,,,,,,0.0009162512859,,,0.0009162512859,
3001,,,,,,,0.0006642623329,,,0.0006642623329,
3002,,,,,,,0.000446848394,,,0.000446848394,
3003,,,,,,,0.0002938899549,,,0.0002938899549,
3004,,,,,,,5.944287993e-05,,,5.944287993e-05,
3005,,,,,,,-0.0002025448494,,,-0.0002025448494,
3006,,,,,,,-0.0003211513578,,,-0.0003211513578,
3007,,,,,,,-0.0003366112108,,,-0.0003366112108,
3008,,,,,,,-0.0003277603174,,,-0.0003277603174,
3009,,,,,,,-0.0003333973618,,,-0.0003333973618,
3010,,,,,,,-0.0003138207238,,,-0.0003138207238,
3011,,,,,,,-0.0001242995971,,,-0.0001242995971,
3012,,,,,,,2.609698948e-05,,,2.609698948e-05,
3013,,,,,,,-0.0001428395806,,,-0.0001428395806,
3014,,,,,,,-0.0003218700874,,,-0.0003218700874,
3015,,,,,,,-7.058841353e-05,,,-7.058841353e-05,
3016,,,,,,,0.000271691746,,,0.000271691746,
3017,,,,,,,8.792911691e-06,,,8.792911691e-06,
3018,,,,,,,-0.0006284713556,,,-0.0006284713556,
3019,,,,,,,-0.0009236691695,,,-0.0009236691695,
3020,,,,,,,-0.0008275483914,,,-0.0008275483914,
3021,,,,,,,-0.0007935130406,,,-0.0007935130406,
3022,,,,,,,-0.0009709799001,,,-0.0009709799001,
3023,,,,,,,-0.0008144061495,,,-0.0008144061495,
3024,,,,,,,-0.0001638707653,,,-0.0001638707653,
3025,,,,,,,0.0003981762365,,,0.0003981762365,
3026,,,,,,,0.0005744979554,,,0.0005744979554,
3027,,,,,,,0.0003791676745,,,0.0003791676745,
3028,,,,,,,-0.0001146143795,,,-0.0001146143795,
3029,,,,,,,-0.000480961975,,,-0.000480961975,
3030,,,,,,,-0.0004035307268,,,-0.0004035307268,
3031,,,,,,,-9.678060026e-05,,,-9.678060026e-05,
3032,,,,,,,0.0002718890787,,,0.0002718890787,
3033,,,,,,,0.0007320576699,,,0.0007320576699,
3034,,,,,,,0.001011575982,,,0.001011575982,
3035,,,,,,,0.0006649033237,,,0.0006649033237,
3036,,,,,,,1.533199424e-05,,,1.533199424e-05,
3037,,,,,,,-6.600752912e-06,,,-6.600752912e-06,
3038,,,,,,,0.000489882451,,,0.000489882451,
3039,,,,,,,0.0004851466907,,,0.0004851466907,
3040,,,,,,,-1.751292186e-05,,,-1.751292186e-05,
3041,,,,,,,-0.0002176945046,,,-0.0002176945046,
3042,,,,,,,-2.653130156e-06,,,-2.653130156e-06,
3043,,,,,,,0.0002462471485,,,0.0002462471485,
3044,,,,,,,0.0004160906697,,,0.0004160906697,
3045,,,,,,,0.0006249681706,,,0.0006249681706,
3046,,,,,,,0.0009172210681,,,0.0009172210681,
3047,,,,,,,0.0011606939,,,0.0011606939,
3048,,,,,,,0.001135475943,,,0.001135475943,
3049,,,,,,,0.000845592077,,,0.000845592077,
3050,,,,,,,0.0004748199247,,,0.0004748199247,
3051,,,,,,,0.0001534876768,,,0.0001534876768,
3052,,,,,,,4.631520687e-05,,,4.631520687e-05,
3053,,,,,,,-3.656224323e-05,,,-3.656224323e-05,
3054,,,,,,,-0.0003229879764,,,-0.0003229879764,
3055,,,,,,,-0.000271272859,,,-0.000271272859,
3056,,,,,,,0.0002979237901,,,0.0002979237901,
3057,,,,,,,0.0007798357291,,,0.0007798357291,
3058,,,,,,,0.0009521243517,,,0.0009521243517,
3059,,,,,,,0.0009657955498,,,0.0009657955498,
3060,,,,,,,0.0009404432653,,,0.0009404432653,
3061,,,,,,,0.0007376121421,,,0.0007376121421,
3062,,,,,,,0.0001844333799,,,0.0001844333799,
3063,,,,,,,-0.0002762685697,,,-0.0002762685697,
3064,,,,,,,-0.0001494818787,,,-0.0001494818787,
3065,,,,,,,0.0003308455709,,,0.0003308455709,
3066,,,,,,,0.0006568117713,,,0.0006568117713,
3067,,,,,,,0.000777481093,,,0.000777481093,
3068,,,,,,,0.0009181954634,,,0.0009181954634,
3069,,,,,,,0.001045097021,,,0.001045097021,
3070,,,,,,,0.0008388166969,,,0.0008388166969,
3071,,,,,,,0.0002279250806,,,0.0002279250806,
3072,,,,,,,-0.0002554324255,,,-0.0002554324255,
3073,,,,,,,-0.0003088599134,,,-0.0003088599134,
3074,,,,,,,-0.0002737166811,,,-0.0002737166811,
3075,,,,,,,-0.0004234489461,,,-0.0004234489461,
3076,,,,,,,-0.0006411477839,,,-0.0006411477839,
3077,,,,,,,-0.000684490112,,,-0.000684490112,
3078,,,,,,,-0.0005332396753,,,-0.0005332396753,
3079,,,,,,,-0.0003294411995,,,-0.0003294411995,
3080,,,,,,,-8.835724621e-05,,,-8.835724621e-05,
3081,,,,,,,9.455259376e-05,,,9.455259376e-05,
3082,,,,,,,5.500583753e-05,,,5.500583753e-05,
3083,,,,,,,-3.75622059e-05,,,-3.75622059e-05,
3084,,,,,,,5.665553297e-05,,,5.665553297e-05,
3085,,,,,,,0.0001882162586,,,0.0001882162586,
3086,,,,,,,0.0001468760548,,,0.0001468760548,
3087,,,,,,,-1.726687023e-05,,,-1.726687023e-05,
3088,,,,,,,-0.0003063458277,,,-0.0003063458277,
3089,,,,,,,-0.0008065109835,,,-0.0008065109835,
3090,,,,,,,-0.001273185988,,,-0.001273185988,
3091,,,,,,,-0.001345375941,,,-0.001345375941,
3092,,,,,,,-0.001050465795,,,-0.001050465795,
3093,,,,,,,-0.0006337654086,,,-0.0006337654086,
3094,,,,,,,-0.0002588701371,,,-0.0002588701371,
3095,,,,,,,0.0001206123011,,,0.0001206123011,
3096,,,,,,,0.000653720189,,,0.000653720189,
3097,,,,,,,0.001191375302,,,0.001191375302,
3098,,,,,,,0.001346343431,,,0.001346343431,
3099,,,,,,,0.0009199567057,,,0.0009199567057,
3100,,,,,,,4.818368118e-05,,,4.818368118e-05,
3101,,,,,,,-0.0006675324298,,,-0.0006675324298,
3102,,,,,,,-0.0007448892469,,,-0.0007448892469,
3103,,,,,,,-0.0003916734875,,,-0.0003916734875,
3104,,,,,,,3.344245777e-05,,,3.344245777e-05,
3105,,,,,,,0.000365229283,,,0.000365229283,
3106,,,,,,,0.000511545581,,,0.000511545581,
3107,,,,,,,0.0004427847714,,,0.0004427847714,
3108,,,,,,,0.0002693436837,,,0.0002693436837,
3109,,,,,,,0.0001695038236,,,0.0001695038236,
3110,,,,,,,0.0002468339586,,,0.0002468339586,
3111,,,,,,,0.0004240533116,,,0.0004240533116,
3112,,,,,,,0.0004235260159,,,0.0004235260159,
3113,,,,,,,0.0001859037287,,,0.0001859037287,
3114,,,,,,,5.472961482e-05,,,5.472961482e-05,
3115,,,,,,,0.0001323250386,,,0.0001323250386,
3116,,,,,,,0.000127284946,,,0.000127284946,
3117,,,,,,,-1.246254224e-05,,,-1.246254224e-05,
3118,,,,,,,-5.477169186e-05,,,-5.477169186e-05,
3119,,,,,,,0.0001589361554,,,0.0001589361554,
3120,,,,,,,0.000471855435,,,0.000471855435,
3121,,,,,,,0.0005179766546,,,0.0005179766546,
3122,,,,,,,0.0003217927789,,,0.0003217927789,
3123,,,,,,,0.0001848098178,,,0.0001848098178,
3124,,,,,,,-3.306758538e-05,,,-3.306758538e-05,
3125,,,,,,,-0.0004850227234,,,-0.0004850227234,
3126,,,,,,,-0.000814462814,,,-0.000814462814,
3127,,,,,,,-0.0007975069559,,,-0.0007975069559,
3128,,,,,,,-0.0005389164839,,,-0.0005389164839,
3129,,,,,,,-0.0002600359616,,,-0.0002600359616,
3130,,,,,,,-8.509666329e-05,,,-8.509666329e-05,
3131,,,,,,,0.0001341168716,,,0.0001341168716,
3132,,,,,,,0.000279380732,,,0.000279380732,
3133,,,,,,,0.0001343616918,,,0.0001343616918,
3134,,,,,,,-4.721172254e-06,,,-4.721172254e-06,
3135,,,,,,,0.0001587668355,,,0.0001587668355,
3136,,,,,,,0.0005038494951,,,0.0005038494951,
3137,,,,,,,0.0007903004101,,,0.0007903004101,
3138,,,,,,,0.0007892354329,,,0.0007892354329,
3139,,,,,,,0.0003638077853,,,0.0003638077853,
3140,,,,,,,-0.0002684060579,,,-0.0002684060579,
3141,,,,,,,-0.0006638359422,,,-0.0006638359422,
3142,,,,,,,-0.000557783276,,,-0.000557783276,
3143,,,,,,,-5.723580034e-05,,,-5.723580034e-05,
3144,,,,,,,0.0003491989442,,,0.0003491989442,
3145,,,,,,,0.0002126143567,,,0.0002126143567,
3146,,,,,,,-0.0003334387838,,,-0.0003334387838,
3147,,,,,,,-0.0008787316958,,,-0.0008787316958,
3148,,,,,,,-0.001206993239,,,-0.001206993239,
3149,,,,,,,-0.00112507788,,,-0.00112507788,
3150,,,,,,,-0.0006694840524,,,-0.0006694840524,
3151,,,,,,,-0.0003053771202,,,-0.0003053771202,
3152,,,,,,,-0.0002821925762,,,-0.0002821925762,
3153,,,,,,,-0.0003329158479,,,-0.0003329158479,
3154,,,,,,,-0.0001987953374,,,-0.0001987953374,
3155,,,,,,,3.438914009e-05,,,3.438914009e-05,
3156,,,,,,,0.0002639528014,,,0.0002639528014,
3157,,,,,,,0.0004354084285,,,0.0004354084285,
3158,,,,,,,0.0004586471988,,,0.0004586471988,
3159,,,,,,,0.0003231344137,,,0.0003231344137,
3160,,,,,,,-4.920435951e-05,,,-4.920435951e-05,
3161,,,,,,,-0.0005176754397,,,-0.0005176754397,
3162,,,,,,,-0.0006401553738,,,-0.0006401553738,
3163,,,,,,,-0.0002419915466,,,-0.0002419915466,
3164,,,,,,,0.0004130410626,,,0.0004130410626,
3165,,,,,,,0.0008219401042,,,0.0008219401042,
3166,,,,,,,0.000798807516,,,0.000798807516,
3167,,,,,,,0.0005852133888,,,0.0005852133888,
3168,,,,,,,0.0003457504349,,,0.0003457504349,
3169,,,,,,,0.0001115757904,,,0.0001115757904,
3170,,,,,,,5.823125466e-06,,,5.823125466e-06,
3171,,,,,,,0.0001073911113,,,0.0001073911113,
3172,,,,,,,0.0001185758796,,,0.0001185758796,
3173,,,,,,,-0.0001876486173,,,-0.0001876486173,
3174,,,,,,,-0.0004749783237,,,-0.0004749783237,
3175,,,,,,,-0.0004677127017,,,-0.0004677127017,
3176,,,,,,,-0.000399334311,,,-0.000399334311,
3177,,,,,,,-0.0003861609451,,,-0.0003861609451,
3178,,,,,,,-0.000156341714,,,-0.000156341714,
3179,,,,,,,0.000265820665,,,0.000265820665,
3180,,,,,,,0.0004793994679,,,0.0004793994679,
3181,,,,,,,0.0003219339433,,,0.0003219339433,
3182,,,,,,,2.264970668e-05,,,2.264970668e-05,
3183,,,,,,,-0.000180641896,,,-0.000180641896,
3184,,,,,,,-0.0002999799392,,,-0.0002999799392,
3185,,,,,,,-0.0003255036877,,,-0.0003255036877,
3186,,,,,,,-0.0002336258616,,,-0.0002336258616,
3187,,,,,,,-0.0002978457542,,,-0.0002978457542,
3188,,,,,,,-0.0005216197196,,,-0.0005216197196,
3189,,,,,,,-0.0004839134456,,,-0.0004839134456,
3190,,,,,,,-0.000327915677,,,-0.000327915677,
3191,,,,,,,-0.0004612463711,,,-0.0004612463711,
3192,,,,,,,-0.0006590129741,,,-0.0006590129741,
3193,,,,,,,-0.0005436819927,,,-0.0005436819927,
3194,,,,,,,-0.000199630394,,,-0.000199630394,
3195,,,,,,,1.429773594e-05,,,1.429773594e-05,
3196,,,,,,,-2.850204702e-05,,,-2.850204702e-05,
3197,,,,,,,-0.0001219092579,,,-0.0001219092579,
3198,,,,,,,-8.309180089e-05,,,-8.309180089e-05,
3199,,,,,,,3.208008136e-05,,,3.208008136e-05,
3200,,,,,,,0.0001142064164,,,0.0001142064164,
3201,,,,,,,0.000203801459,,,0.000203801459,
3202,,,,,,,0.0003358106014,,,0.0003358106014,
3203,,,,,,,0.0003950698877,,,0.0003950698877,
3204,,,,,,,0.0002788379941,,,0.0002788379941,
3205,,,,,,,-2.213257271e-05,,,-2.213257271e-05,
3206,,,,,,,-0.0004224761973,,,-0.0004224761973,
3207,,,,,,,-0.0006599749476,,,-0.0006599749476,
3208,,,,,,,-0.0005950086081,,,-0.0005950086081,
3209,,,,,,,-0.0004199122005,,,-0.0004199122005,
3210,,,,,,,-0.0002763503742,,,-0.0002763503742,
3211,,,,,,,-0.0001857022771,,,-0.0001857022771,
3212,,,,,,,-0.000346842692,,,-0.000346842692,
3213,,,,,,,-0.0008624559471,,,-0.0008624559471,
3214,,,,,,,-0.001356488225,,,-0.001356488225,
3215,,,,,,,-0.001437135997,,,-0.001437135997,
3216,,,,,,,-0.00111077999,,,-0.00111077999,
3217,,,,,,,-0.0005413813918,,,-0.0005413813918,
3218,,,,,,,-1.78245545e-05,,,-1.78245545e-05,
3219,,,,,,,0.0001159195088,,,0.0001159195088,
3220,,,,,,,-0.0001538323828,,,-0.0001538323828,
3221,,,,,,,-0.0004770316665,,,-0.0004770316665,
3222,,,,,,,-0.0005445922553,,,-0.0005445922553,
3223,,,,,,,-0.0003728932493,,,-0.0003728932493,
3224,,,,,,,-0.0001841559838,,,-0.0001841559838,
3225,,,,,,,-0.0001998894012,,,-0.0001998894012,
3226,,,,,,,-0.0004692570744,,,-0.0004692570744,
3227,,,,,,,-0.0008132678786,,,-0.0008132678786,
3228,,,,,,,-0.0009813315851,,,-0.0009813315851,
3229,,,,,,,-0.0007700424375,,,-0.0007700424375,
3230,,,,,,,-0.0002101872221,,,-0.0002101872221,
3231,,,,,,,0.000280663075,,,0.000280663075,
3232,,,,,,,0.0003836954366,,,0.0003836954366,
3233,,,,,,,0.0002781193939,,,0.0002781193939,
3234,,,,,,,0.0002454246579,,,0.0002454246579,
3235,,,,,,,0.0003576930674,,,0.0003576930674,
3236,,,,,,,0.0004558488183,,,0.0004558488183,
3237,,,,,,,0.0003445926423,,,0.0003445926423,
3238,,,,,,,0.000163317585,,,0.000163317585,
3239,,,,,,,0.0002082427796,,,0.0002082427796,
3240,,,,,,,0.0005218464246,,,0.0005218464246,
3241,,,,,,,0.000962010501,,,0.000962010501,
3242,,,,,,,0.001422891908,,,0.001422891908,
3243,,,,,,,0.001772068587,,,0.001772068587,
3244,,,,,,,0.001829605906,,,0.001829605906,
3245,,,,,,,0.001628147248,,,0.001628147248,
3246,,,,,,,0.001350277774,,,0.001350277774,
3247,,,,,,,0.001114855145,,,0.001114855145,
3248,,,,,,,0.0010559294,,,0.0010559294,
3249,,,,,,,0.001199313006,,,0.001199313006,
3250,,,,,,,0.001327383559,,,0.001327383559,
3251,,,,,,,0.001282276804,,,0.001282276804,
3252,,,,,,,0.001232852524,,,0.001232852524,
3253,,,,,,,0.001408392292,,,0.001408392292,
3254,,,,,,,0.001746880458,,,0.001746880458,
3255,,,,,,,0.001997405853,,,0.001997405853,
3256,,,,,,,0.001938549861,,,0.001938549861,
3257,,,,,,,0.001602861324,,,0.001602861324,
3258,,,,,,,0.001354954252,,,0.001354954252,
3259,,,,,,,0.001460206286,,,0.001460206286,
3260,,,,,,,0.001757660369,,,0.001757660369,
3261,,,,,,,0.001884632047,,,0.001884632047,
3262,,,,,,,0.001664940518,,,0.001664940518,
3263,,,,,,,0.001262364206,,,0.001262364206,
3264,,,,,,,0.0009681872616,,,0.0009681872616,
3265,,,,,,,0.0009373463427,,,0.0009373463427,
3266,,,,,,,0.001109419459,,,0.001109419459,
3267,,,,,,,0.0012886878,,,0.0012886878,
3268,,,,,,,0.001330291243,,,0.001330291243,
3269,,,,,,,0.001216150188,,,0.001216150188,
3270,,,,,,,0.001019136193,,,0.001019136193,
3271,,,,,,,0.0008636893614,,,0.0008636893614,
3272,,,,,,,0.0007678997245,,,0.0007678997245,
3273,,,,,,,0.0005435371228,,,0.0005435371228,
3274,,,,,,,4.313244815e-05,,,4.313244815e-05,
3275,,,,,,,-0.0005370147313,,,-0.0005370147313,
3276,,,,,,,-0.0007667969022,,,-0.0007667969022,
3277,,,,,,,-0.0004184486187,,,-0.0004184486187,
3278,,,,,,,0.0002970703235,,,0.0002970703235,
3279,,,,,,,0.0009699760842,,,0.0009699760842,
3280,,,,,,,0.001357442308,,,0.001357442308,
3281,,,,,,,0.001456284256,,,0.001456284256,
3282,,,,,,,0.001373334046,,,0.001373334046,
3283,,,,,,,0.001215738331,,,0.001215738331,
3284,,,,,,,0.001048808975,,,0.001048808975,
3285,,,,,,,0.0009440425121,,,0.0009440425121,
3286,,,,,,,0.0009714033261,,,0.0009714033261,
3287,,,,,,,0.001037457941,,,0.001037457941,
3288,,,,,,,0.00101243583,,,0.00101243583,
3289,,,,,,,0.001033972356,,,0.001033972356,
3290,,,,,,,0.001198217152,,,0.001198217152,
3291,,,,,,,0.001215766392,,,0.001215766392,
3292,,,,,,,0.0008511216257,,,0.0008511216257,
3293,,,,,,,0.0002711676177,,,0.0002711676177,
3294,,,,,,,-0.000169122236,,,-0.000169122236,
3295,,,,,,,-0.0002297497956,,,-0.0002297497956,
3296,,,,,,,1.668655211e-05,,,1.668655211e-05,
3297,,,,,,,0.0003385263665,,,0.0003385263665,
3298,,,,,,,0.0006001552998,,,0.0006001552998,
3299,,,,,,,0.000664678504,,,0.000664678504,
3300,,,,,,,0.0003936234128,,,0.0003936234128,
3301,,,,,,,-0.0001244645886,,,-0.0001244645886,
3302,,,,,,,-0.0006140695452,,,-0.0006140695452,
3303,,,,,,,-0.0008475985142,,,-0.0008475985142,
3304,,,,,,,-0.000749790477,,,-0.000749790477,
3305,,,,,,,-0.0003945286968,,,-0.0003945286968,
3306,,,,,,,-1.337725596e-06,,,-1.337725596e-06,
3307,,,,,,,0.0002295856145,,,0.0002295856145,
3308,,,,,,,0.0003305346005,,,0.0003305346005,
3309,,,,,,,0.0004256057538,,,0.0004256057538,
3310,,,,,,,0.00052698635,,,0.00052698635,
3311,,,,,,,0.0005894775976,,,0.0005894775976,
3312,,,,,,,0.0005181144741,,,0.0005181144741,
3313,,,,,,,0.0002909888945,,,0.0002909888945,
3314,,,,,,,0.0002129451954,,,0.0002129451954,
3315,,,,,,,0.0005248509573,,,0.0005248509573,
3316,,,,,,,0.000890922885,,,0.000890922885,
3317,,,,,,,0.0008728241281,,,0.0008728241281,
3318,,,,,,,0.0005014804584,,,0.0005014804584,
3319,,,,,,,6.128373601e-05,,,6.128373601e-05,
3320,,,,,,,-0.0002134093255,,,-0.0002134093255,
3321,,,,,,,-0.0002490463083,,,-0.0002490463083,
3322,,,,,,,-0.000162655829,,,-0.000162655829,
3323,,,,,,,-6.927228088e-05,,,-6.927228088e-05,
3324,,,,,,,3.227894248e-06,,,3.227894248e-06,
3325,,,,,,,6.904865365e-05,,,6.904865365e-05,
3326,,,,,,,0.0002372798549,,,0.0002372798549,
3327,,,,,,,0.000529147401,,,0.000529147401,
3328,,,,,,,0.0006832276689,,,0.0006832276689,
3329,,,,,,,0.0004404090674,,,0.0004404090674,
3330,,,,,,,-7.853413487e-05,,,-7.853413487e-05,
3331,,,,,,,-0.0004220732431,,,-0.0004220732431,
3332,,,,,,,-0.0002552438811,,,-0.0002552438811,
3333,,,,,,,0.0002211841735,,,0.0002211841735,
3334,,,,,,,0.0004657939468,,,0.0004657939468,
3335,,,,,,,0.0002763528846,,,0.0002763528846,
3336,,,,,,,1.818975352e-06,,,1.818975352e-06,
3337,,,,,,,2.149804839e-05,,,2.149804839e-05,
3338,,,,,,,0.0002818659091,,,0.0002818659091,
3339,,,,,,,0.0004571517231,,,0.0004571517231,
3340,,,,,,,0.0004656804862,,,0.0004656804862,
3341,,,,,,,0.0005934689022,,,0.0005934689022,
3342,,,,,,,0.001002058762,,,0.001002058762,
3343,,,,,,,0.001445198669,,,0.001445198669,
3344,,,,,,,0.001635034972,,,0.001635034972,
3345,,,,,,,0.001535969395,,,0.001535969395,
3346,,,,,,,0.001166297217,,,0.001166297217,
3347,,,,,,,0.0005427033935,,,0.0005427033935,
3348,,,,,,,-6.683387094e-05,,,-6.683387094e-05,
3349,,,,,,,-0.0002652872572,,,-0.0002652872572,
3350,,,,,,,3.692254443e-05,,,3.692254443e-05,
3351,,,,,,,0.0005858325982,,,0.0005858325982,
3352,,,,,,,0.001094783671,,,0.001094783671,
3353,,,,,,,0.00138730365,,,0.00138730365,
3354,,,,,,,0.001384987398,,,0.001384987398,
3355,,,,,,,0.0011799828,,,0.0011799828,
3356,,,,,,,0.0009776111202,,,0.0009776111202,
3357,,,,,,,0.0009011504683,,,0.0009011504683,
3358,,,,,,,0.001031611832,,,0.001031611832,
3359,,,,,,,0.001324908064,,,0.001324908064,
3360,,,,,,,0.001476648122,,,0.001476648122,
3361,,,,,,,0.00132187529,,,0.00132187529,
3362,,,,,,,0.00112472837,,,0.00112472837,
3363,,,,,,,0.001211371851,,,0.001211371851,
3364,,,,,,,0.001650790745,,,0.001650790745,
3365,,,,,,,0.002275907618,,,0.002275907618,
3366,,,,,,,0.002831663825,,,0.002831663825,
3367,,,,,,,0.003139666111,,,0.003139666111,
3368,,,,,,,0.003090218805,,,0.003090218805,
3369,,,,,,,0.002712048007,,,0.002712048007,
3370,,,,,,,0.002351337394,,,0.002351337394,
3371,,,,,,,0.002368272726,,,0.002368272726,
3372,,,,,,,0.002655082754,,,0.002655082754,
3373,,,,,,,0.002868150224,,,0.002868150224,
3374,,,,,,,0.002939596963,,,0.002939596963,
3375,,,,,,,0.00295539962,,,0.00295539962,
3376,,,,,,,0.00283697544,,,0.00283697544,
3377,,,,,,,0.002510463068,,,0.002510463068,
3378,,,,,,,0.002132755507,,,0.002132755507,
3379,,,,,,,0.001957229243,,,0.001957229243,
3380,,,,,,,0.002148605178,,,0.002148605178,
3381,,,,,,,0.002700787831,,,0.002700787831,
3382,,,,,,,0.003371171737,,,0.003371171737,
3383,,,,,,,0.003796102662,,,0.003796102662,
3384,,,,,,,0.003825275912,,,0.003825275912,
3385,,,,,,,0.00371784841,,,0.00371784841,
3386,,,,,,,0.003897729753,,,0.003897729753,
3387,,,,,,,0.004460365626,,,0.004460365626,
3388,,,,,,,0.005037128502,,,0.005037128502,
3389,,,,,,,0.00524509218,,,0.00524509218,
3390,,,,,,,0.005112557438,,,0.005112557438,
3391,,,,,,,0.005007578899,,,0.005007578899,
3392,,,,,,,0.005231370841,,,0.005231370841,
3393,,,,,,,0.005731983127,,,0.005731983127,
3394,,,,,,,0.006273601406,,,0.006273601406,
3395,,,,,,,0.006707985172,,,0.006707985172,
3396,,,,,,,0.006979059324,,,0.006979059324,
3397,,,,,,,0.007143313079,,,0.007143313079,
3398,,,,,,,0.007418148159,,,0.007418148159,
3399,,,,,,,0.007916324934,,,0.007916324934,
3400,,,,,,,0.008401715201,,,0.008401715201,
3401,,,,,,,0.008510969561,,,0.008510969561,
3402,,,,,,,0.008239694285,,,0.008239694285,
3403,,,,,,,0.008026947907,,,0.008026947907,
3404,,,,,,,0.008272878492,,,0.008272878492,
3405,,,,,,,0.00897988043,,,0.00897988043,
3406,,,,,,,0.00986660228,,,0.00986660228,
3407,,,,,,,0.01058686204,,,0.01058686204,
3408,,,,,,,0.01092710172,,,0.01092710172,
3409,,,,,,,0.01099546225,,,0.01099546225,
3410,,,,,,,0.01115101718,,,0.01115101718,
3411,,,,,,,0.01169892961,,,0.01169892961,
3412,,,,,,,0.01263873879,,,0.01263873879,
3413,,,,,,,0.01371328139,,,0.01371328139,
3414,,,,,,,0.01470906934,,,0.01470906934,
3415,,,,,,,0.01558440162,,,0.01558440162,
3416,,,,,,,0.0163250771,,,0.0163250771,
3417,,,,,,,0.01694753105,,,0.01694753105,
3418,,,,,,,0.01758137947,,,0.01758137947,
3419,,,,,,,0.01825499222,,,0.01825499222,
3420,,,,,,,0.01882516208,,,0.01882516208,
3421,,,,,,,0.0193122413,,,0.0193122413,
3422,,,,,,,0.01993198509,,,0.01993198509,
3423,,,,,,,0.02073788358,,,0.02073788358,
3424,,,,,,,0.02163071876,,,0.02163071876,
3425,,,,,,,0.02263505832,,,0.02263505832,
3426,,,,,,,0.02377954567,,,0.02377954567,
3427,,,,,,,0.02489462497,,,0.02489462497,
3428,,,,,,,0.02587312541,,,0.02587312541,
3429,,,,,,,0.0268921747,,,0.0268921747,
3430,,,,,,,0.02807233845,,,0.02807233845,
3431,,,,,,,0.02923635703,,,0.02923635703,
3432,,,,,,,0.03030206701,,,0.03030206701,
3433,,,,,,,0.03154453775,,,0.03154453775,
3434,,,,,,,0.03318879817,,,0.03318879817,
3435,,,,,,,0.03506833388,,,0.03506833388,
3436,,,,,,,0.03681363954,,,0.03681363954,
3437,,,,,,,0.03812232742,,,0.03812232742,
3438,,,,,,,0.03895846452,,,0.03895846452,
3439,,,,,,,0.03965524831,,,0.03965524831,
3440,,,,,,,0.04062420808,,,0.04062420808,
3441,,,,,,,0.04194374273,,,0.04194374273,
3442,,,,,,,0.04344297503,,,0.04344297503,
3443,,,,,,,0.04504991543,,,0.04504991543,
3444,,,,,,,0.04680854009,,,0.04680854009,
3445,,,,,,,0.04868437047,,,0.04868437047,
3446,,,,,,,0.05058815904,,,0.05058815904,
3447,,,,,,,0.05250441815,,,0.05250441815,
3448,,,,,,,0.05438390248,,,0.05438390248,
3449,,,,,,,0.05606137615,,,0.05606137615,
3450,,,,,,,0.05753319733,,,0.05753319733,
3451,,,,,,,0.05913168442,,,0.05913168442,
3452,,,,,,,0.06113645124,,,0.06113645124,
3453,,,,,,,0.06336793375,,,0.06336793375,
3454,,,,,,,0.06541915818,,,0.06541915818,
3455,,,,,,,0.06720853203,,,0.06720853203,
3456,,,,,,,0.0690495186,,,0.0690495186,
3457,,,,,,,0.07120726795,,,0.07120726795,
3458,,,,,,,0.07362989936,,,0.07362989936,
3459,,,,,,,0.0760864648,,,0.0760864648,
3460,,,,,,,0.0783355621,,,0.0783355621,
3461,,,,,,,0.08024588017,,,0.08024588017,
3462,,,,,,,0.0819035585,,,0.0819035585,
3463,,,,,,,0.08352405629,,,0.08352405629,
3464,,,,,,,0.08524426825,,,0.08524426825,
3465,,,,,,,0.08707254253,,,0.08707254253,
3466,,,,,,,0.08894837494,,,0.08894837494,
3467,,,,,,,0.09077612251,,,0.09077612251,
3468,,,,,,,0.09251056698,,,0.09251056698,
3469,,,,,,,0.09423648547,,,0.09423648547,
3470,,,,,,,0.09611213221,,,0.09611213221,
3471,,,,,,,0.09822714893,,,0.09822714893,
3472,,,,,,,0.1005007874,,,0.1005007874,
3473,,,,,,,0.1027464223,,,0.1027464223,
3474,,,,,,,0.1049054566,,,0.1049054566,
3475,,,,,,,0.1070935029,,,0.1070935029,
3476,,,,,,,0.1093074641,,,0.1093074641,
3477,,,,,,,0.1113443637,,,0.1113443637,
3478,,,,,,,0.1131989664,,,0.1131989664,
3479,,,,,,,0.1152114586,,,0.1152114586,
3480,,,,,,,0.1175688634,,,0.1175688634,
3481,,,,,,,0.1200005173,,,0.1200005173,
3482,,,,,,,0.1222061121,,,0.1222061121,
3483,,,,,,,0.1242636889,,,0.1242636889,
3484,,,,,,,0.1264354916,,,0.1264354916,
3485,,,,,,,0.1288468828,,,0.1288468828,
3486,,,,,,,0.1314729912,,,0.1314729912,
3487,,,,,,,0.1342114436,,,0.1342114436,
3488,,,,,,,0.1368853498,,,0.1368853498,
3489,,,,,,,0.1393473262,,,0.1393473262,
3490,,,,,,,0.1417010557,,,0.1417010557,
3491,,,,,,,0.1442487946,,,0.1442487946,
3492,,,,,,,0.147086537,,,0.147086537,
3493,,,,,,,0.1499509409,,,0.1499509409,
3494,,,,,,,0.1526236159,,,0.1526236159,
3495,,,,,,,0.155244445,,,0.155244445,
3496,,,,,,,0.1580546659,,,0.1580546659,
3497,,,,,,,0.1610561422,,,0.1610561422,
3498,,,,,,,0.1640799356,,,0.1640799356,
3499,,,,,,,0.1670624045,,,0.1670624045,
3500,,,,,,,0.1700830684,,,0.1700830684,
3501,,,,,,,0.1731595193,,,0.1731595193,
3502,,,,,,,0.1761675453,,,0.1761675453,
3503,,,,,,,0.1790592442,,,0.1790592442,
3504,,,,,,,0.1820223343,,,0.1820223343,
3505,,,,,,,0.1853255092,,,0.1853255092,
3506,,,,,,,0.1890861259,,,0.1890861259,
3507,,,,,,,0.1931910606,,,0.1931910606,
3508,,,,,,,0.1973512078,,,0.1973512078,
3509,,,,,,,0.2013371978,,,0.2013371978,
3510,,,,,,,0.2052259639,,,0.2052259639,
3511,,,,,,,0.2093009802,,,0.2093009802,
3512,,,,,,,0.2137900634,,,0.2137900634,
3513,,,,,,,0.2187806743,,,0.2187806743,
3514,,,,,,,0.2242088642,,,0.2242088642,
3515,,,,,,,0.2298612856,,,0.2298612856,
3516,,,,,,,0.2356047696,,,0.2356047696,
3517,,,,,,,0.2415140501,,,0.2415140501,
3518,,,,,,,0.2476373664,,,0.2476373664,
3519,,,,,,,0.2538276052,,,0.2538276052,
3520,,,,,,,0.2599687849,,,0.2599687849,
3521,,,,,,,0.2661679792,,,0.2661679792,
3522,,,,,,,0.27264452,,,0.27264452,
3523,,,,,,,0.2795486026,,,0.2795486026,
3524,,,,,,,0.2868689331,,,0.2868689331,
3525,,,,,,,0.2944161236,,,0.2944161236,
3526,,,,,,,0.3019967764,,,0.3019967764,
3527,,,,,,,0.3096697365,,,0.3096697365,
3528,,,,,,,0.3176562561,,,0.3176562561,
3529,,,,,,,0.3259953209,,,0.3259953209,
3530,,,,,,,0.3345125448,,,0.3345125448,
3531,,,,,,,0.3430767304,,,0.3430767304,
3532,,,,,,,0.3516809432,,,0.3516809432,
3533,,,,,,,0.3603929059,,,0.3603929059,
3534,,,,,,,0.3694017387,,,0.3694017387,
3535,,,,,,,0.3788768187,,,0.3788768187,
3536,,,,,,,0.3886879332,,,0.3886879332,
3537,,,,,,,0.3985458726,,,0.3985458726,
3538,,,,,,,0.4084570878,,,0.4084570878,
3539,,,,,,,0.4186990307,,,0.4186990307,
3540,,,,,,,0.4294489486,,,0.4294489486,
3541,,,,,,,0.4406972705,,,0.4406972705,
3542,,,,,,,0.4523101927,,,0.4523101927,
3543,,,,,,,0.4639976298,,,0.4639976298,
3544,,,,,,,0.4755131789,,,0.4755131789,
3545,,,,,,,0.4869375139,,,0.4869375139,
3546,,,,,,,0.4985671938,,,0.4985671938,
3547,,,,,,,0.5106071073,,,0.5106071073,
3548,,,,,,,0.5230901396,,,0.5230901396,
3549,,,,,,,0.5359301046,,,0.5359301046,
3550,,,,,,,0.5489812516,,,0.5489812516,
3551,,,,,,,0.5621560267,,,0.5621560267,
3552,,,,,,,0.5754621519,,,0.5754621519,
3553,,,,,,,0.5888660403,,,0.5888660403,
3554,,,,,,,0.602262909,,,0.602262909,
3555,,,,,,,0.6156337365,,,0.6156337365,
3556,,,,,,,0.6290619138,,,0.6290619138,
3557,,,,,,,0.6426038708,,,0.6426038708,
3558,,,,,,,0.6562565406,,,0.6562565406,
3559,,,,,,,0.6699297625,,,0.6699297625,
3560,,,,,,,0.6834163958,,,0.6834163958,
3561,,,,,,,0.6966419766,,,0.6966419766,
3562,,,,,,,0.7098664466,,,0.7098664466,
3563,,,,,,,0.7233551098,,,0.7233551098,
3564,,,,,,,0.7369783934,,,0.7369783934,
3565,,,,,,,0.7504461992,,,0.7504461992,
3566,,,,,,,0.7636836597,,,0.7636836597,
3567,,,,,,,0.7766285441,,,0.7766285441,
3568,,,,,,,0.7890608003,,,0.7890608003,
3569,,,,,,,0.800915111,,,0.800915111,
3570,,,,,,,0.8124117912,,,0.8124117912,
3571,,,,,,,0.8237506165,,,0.8237506165,
3572,,,,,,,0.8350125386,,,0.8350125386,
3573,,,,,,,0.8462284378,,,0.8462284378,
3574,,,,,,,0.857242091,,,0.857242091,
3575,,,,,,,0.8676762121,,,0.8676762121,
3576,,,,,,,0.877330567,,,0.877330567,
3577,,,,,,,0.8864418639,,,0.8864418639,
3578,,,,,,,0.8953387696,,,0.8953387696,
3579,,,,,,,0.9041852141,,,0.9041852141,
3580,,,,,,,0.9129918253,,,0.9129918253,
3581,,,,,,,0.9215440039,,,0.9215440039,
3582,,,,,,,0.9294362321,,,0.9294362321,
3583,,,,,,,0.936465722,,,0.936465722,
3584,,,,,,,0.9427897766,,,0.9427897766,
3585,,,,,,,0.9486081629,,,0.9486081629,
3586,,,,,,,0.9540160193,,,0.9540160193,
3587,,,,,,,0.9592079326,,,0.9592079326,
3588,,,,,,,0.9643749244,,,0.9643749244,
3589,,,,,,,0.9693558045,,,0.9693558045,
3590,,,,,,,0.9738351391,,,0.9738351391,
3591,,,,,,,0.9777122926,,,0.9777122926,
3592,,,,,,,0.9810151623,,,0.9810151623,
3593,,,,,,,0.9837743171,,,0.9837743171,
3594,,,,,,,0.9861822179,,,0.9861822179,
3595,,,,,,,0.9885161276,,,0.9885161276,
3596,,,,,,,0.9907526253,,,0.9907526253,
3597,,,,,,,0.992618202,,,0.992618202,
3598,,,,,,,0.9940508619,,,0.9940508619,
3599,,,,,,,0.9951560709,,,0.9951560709,
3600,,,,,,,0.9960328939,,,0.9960328939,
3601,,,,,,,0.9968495683,,,0.9968495683,
3602,,,,,,,0.997802906,,,0.997802906,
3603,,,,,,,0.9988304351,,,0.9988304351,
3604,,,,,,,0.999610442,,,0.999610442,
3605,,,,,,,0.999987994,,,0.999987994,
3606,,,,,,,1.00000334,,,1.00000334,
3607,,,,,,,0.9996163536,,,0.9996163536,
3608,,,,,,,0.9988674173,,,0.9988674173,
3609,,,,,,,0.9980549548,,,0.9980549548,
3610,,,,,,,0.9974893112,,,0.9974893112,
3611,,,,,,,0.9971990625,,,0.9971990625,
3612,,,,,,,0.9970234185,,,0.9970234185,
3613,,,,,,,0.9967566579,,,0.9967566579,
3614,,,,,,,0.9961196767,,,0.9961196767,
3615,,,,,,,0.995025359,,,0.995025359,
3616,,,,,,,0.9938276169,,,0.9938276169,
3617,,,,,,,0.993059942,,,0.993059942,
3618,,,,,,,0.9929417718,,,0.9929417718,
3619,,,,,,,0.9932479961,,,0.9932479961,
3620,,,,,,,0.9935466873,,,0.9935466873,
3621,,,,,,,0.9934135733,,,0.9934135733,
3622,,,,,,,0.9926624814,,,0.9926624814,
3623,,,,,,,0.9915459929,,,0.9915459929,
3624,,,,,,,0.9905872767,,,0.9905872767,
3625,,,,,,,0.9901476239,,,0.9901476239,
3626,,,,,,,0.9901968502,,,0.9901968502,
3627,,,,,,,0.9904874811,,,0.9904874811,
3628,,,,,,,0.9907136971,,,0.9907136971,
3629,,,,,,,0.9906493079,,,0.9906493079,
3630,,,,,,,0.9903030505,,,0.9903030505,
3631,,,,,,,0.9898537747,,,0.9898537747,
3632,,,,,,,0.9894337245,,,0.9894337245,
3633,,,,,,,0.9890732396,,,0.9890732396,
3634,,,,,,,0.9889141603,,,0.9889141603,
3635,,,,,,,0.9890869157,,,0.9890869157,
3636,,,,,,,0.9894250333,,,0.9894250333,
3637,,,,,,,0.9896425191,,,0.9896425191,
3638,,,,,,,0.9896812184,,,0.9896812184,
3639,,,,,,,0.9896099976,,,0.9896099976,
3640,,,,,,,0.9893329511,,,0.9893329511,
3641,,,,,,,0.9887924603,,,0.9887924603,
3642,,,,,,,0.9882339937,,,0.9882339937,
3643,,,,,,,0.9879980985,,,0.9879980985,
3644,,,,,,,0.9881709573,,,0.9881709573,
3645,,,,,,,0.9885700983,,,0.9885700983,
3646,,,,,,,0.9889604312,,,0.9889604312,
3647,,,,,,,0.9891313123,,,0.9891313123,
3648,,,,,,,0.9890447416,,,0.9890447416,
3649,,,,,,,0.9889179904,,,0.9889179904,
3650,,,,,,,0.9890571055,,,0.9890571055,
3651,,,,,,,0.9895219891,,,0.9895219891,
3652,,,,,,,0.9900832332,,,0.9900832332,
3653,,,,,,,0.9905178681,,,0.9905178681,
3654,,,,,,,0.9907973048,,,0.9907973048,
3655,,,,,,,0.9910382759,,,0.9910382759,
3656,,,,,,,0.9913246521,,,0.9913246521,
3657,,,,,,,0.9916578151,,,0.9916578151,
3658,,,,,,,0.9919503161,,,0.9919503161,
3659,,,,,,,0.9921427032,,,0.9921427032,
3660,,,,,,,0.9923014915,,,0.9923014915,
3661,,,,,,,0.9924758315,,,0.9924758315,
3662,,,,,,,0.992553629,,,0.992553629,
3663,,,,,,,0.9924212433,,,0.9924212433,
3664,,,,,,,0.9921983861,,,0.9921983861,
3665,,,,,,,0.9919892396,,,0.9919892396,
3666,,,,,,,0.991703335,,,0.991703335,
3667,,,,,,,0.9913011595,,,0.9913011595,
3668,,,,,,,0.9910536523,,,0.9910536523,
3669,,,,,,,0.9911867441,,,0.9911867441,
3670,,,,,,,0.9915708157,,,0.9915708157,
3671,,,,,,,0.9919402279,,,0.9919402279,
3672,,,,,,,0.9922087956,,,0.9922087956,
3673,,,,,,,0.992380234,,,0.992380234,
3674,,,,,,,0.9924381725,,,0.9924381725,
3675,,,,,,,0.9924727555,,,0.9924727555,
3676,,,,,,,0.9926045496,,,0.9926045496,
3677,,,,,,,0.9927462597,,,0.9927462597,
3678,,,,,,,0.9926530654,,,0.9926530654,
3679,,,,,,,0.9922752112,,,0.9922752112,
3680,,,,,,,0.9917829972,,,0.9917829972,
3681,,,,,,,0.9913645655,,,0.9913645655,
3682,,,,,,,0.991142296,,,0.991142296,
3683,,,,,,,0.9911595021,,,0.9911595021,
3684,,,,,,,0.9912641405,,,0.9912641405,
3685,,,,,,,0.9911828878,,,0.9911828878,
3686,,,,,,,0.9908378011,,,0.9908378011,
3687,,,,,,,0.9904258567,,,0.9904258567,
3688,,,,,,,0.9901636521,,,0.9901636521,
3689,,,,,,,0.9900908832,,,0.9900908832,
3690,,,,,,,0.9901504171,,,0.9901504171,
3691,,,,,,,0.9901990528,,,0.9901990528,
3692,,,,,,,0.9900686969,,,0.9900686969,
3693,,,,,,,0.9897464694,,,0.9897464694,
3694,,,,,,,0.9894857023,,,0.9894857023,
3695,,,,,,,0.989468826,,,0.989468826,
3696,,,,,,,0.9896515462,,,0.9896515462,
3697,,,,,,,0.9899454376,,,0.9899454376,
3698,,,,,,,0.990363671,,,0.990363671,
3699,,,,,,,0.9907285317,,,0.9907285317,
3700,,,,,,,0.9907264458,,,0.9907264458,
3701,,,,,,,0.9903100076,,,0.9903100076,
3702,,,,,,,0.9898289138,,,0.9898289138,
3703,,,,,,,0.989565217,,,0.989565217,
3704,,,,,,,0.9894723069,,,0.9894723069,
3705,,,,,,,0.9894481647,,,0.9894481647,
3706,,,,,,,0.9895973038,,,0.9895973038,
3707,,,,,,,0.9899306298,,,0.9899306298,
3708,,,,,,,0.9901957853,,,0.9901957853,
3709,,,,,,,0.9901788936,,,0.9901788936,
3710,,,,,,,0.9899992715,,,0.9899992715,
3711,,,,,,,0.9899091642,,,0.9899091642,
3712,,,,,,,0.9900607289,,,0.9900607289,
3713,,,,,,,0.990492446,,,0.990492446,
3714,,,,,,,0.991137528,,,0.991137528,
3715,,,,,,,0.9917434116,,,0.9917434116,
3716,,,,,,,0.9920320989,,,0.9920320989,
3717,,,,,,,0.9919694034,,,0.9919694034,
3718,,,,,,,0.9917690104,,,0.9917690104,
3719,,,,,,,0.9916386811,,,0.9916386811,
3720,,,,,,,0.9916764382,,,0.9916764382,
3721,,,,,,,0.9919099636,,,0.9919099636,
3722,,,,,,,0.992270756,,,0.992270756,
3723,,,,,,,0.9925519023,,,0.9925519023,
3724,,,,,,,0.9925607901,,,0.9925607901,
3725,,,,,,,0.9922843026,,,0.9922843026,
3726,,,,,,,0.99185937,,,0.99185937,
3727,,,,,,,0.9914480839,,,0.9914480839,
3728,,,,,,,0.9912216496,,,0.9912216496,
3729,,,,,,,0.991304472,,,0.991304472,
3730,,,,,,,0.9916596403,,,0.9916596403,
3731,,,,,,,0.9921228685,,,0.9921228685,
3732,,,,,,,0.9926414171,,,0.9926414171,
3733,,,,,,,0.9932801115,,,0.9932801115,
3734,,,,,,,0.9939774687,,,0.9939774687,
3735,,,,,,,0.9944860904,,,0.9944860904,
3736,,,,,,,0.9946928488,,,0.9946928488,
3737,,,,,,,0.9947369678,,,0.9947369678,
3738,,,,,,,0.9947712101,,,0.9947712101,
3739,,,,,,,0.9947711588,,,0.9947711588,
3740,,,,,,,0.9946951121,,,0.9946951121,
3741,,,,,,,0.994565827,,,0.994565827,
3742,,,,,,,0.9944056767,,,0.9944056767,
3743,,,,,,,0.9942262752,,,0.9942262752,
3744,,,,,,,0.9941496821,,,0.9941496821,
3745,,,,,,,0.9942861745,,,0.9942861745,
3746,,,,,,,0.9945734091,,,0.9945734091,
3747,,,,,,,0.9948350348,,,0.9948350348,
3748,,,,,,,0.9950024398,,,0.9950024398,
3749,,,,,,,0.9950405272,,,0.9950405272,
3750,,,,,,,0.9948119256,,,0.9948119256,
3751,,,,,,,0.9942312801,,,0.9942312801,
3752,,,,,,,0.9935053753,,,0.9935053753,
3753,,,,,,,0.992949746,,,0.992949746,
3754,,,,,,,0.9926178309,,,0.9926178309,
3755,,,,,,,0.992323601,,,0.992323601,
3756,,,,,,,0.991925562,,,0.991925562,
3757,,,,,,,0.9913724693,,,0.9913724693,
3758,,,,,,,0.9905342532,,,0.9905342532,
3759,,,,,,,0.9893300515,,,0.9893300515,
3760,,,,,,,0.9879749971,,,0.9879749971,
3761,,,,,,,0.9869117099,,,0.9869117099,
3762,,,,,,,0.9863666033,,,0.9863666033,
3763,,,,,,,0.986186558,,,0.986186558,
3764,,,,,,,0.9860209363,,,0.9860209363,
3765,,,,,,,0.9855931072,,,0.9855931072,
3766,,,,,,,0.9847410734,,,0.9847410734,
3767,,,,,,,0.9834748573,,,0.9834748573,
3768,,,,,,,0.9819810542,,,0.9819810542,
3769,,,,,,,0.9805022051,,,0.9805022051,
3770,,,,,,,0.9791766142,,,0.9791766142,
3771,,,,,,,0.9780541791,,,0.9780541791,
3772,,,,,,,0.9771882686,,,0.9771882686,
3773,,,,,,,0.9765656353,,,0.9765656353,
3774,,,,,,,0.9760530547,,,0.9760530547,
3775,,,,,,,0.9754545914,,,0.9754545914,
3776,,,,,,,0.9746618723,,,0.9746618723,
3777,,,,,,,0.9736139519,,,0.9736139519,
3778,,,,,,,0.9723196243,,,0.9723196243,
3779,,,,,,,0.9708940589,,,0.9708940589,
3780,,,,,,,0.9695315358,,,0.9695315358,
3781,,,,,,,0.9683325552,,,0.9683325552,
3782,,,,,,,0.9672514974,,,0.9672514974,
3783,,,,,,,0.9662039296,,,0.9662039296,
3784,,,,,,,0.965121985,,,0.965121985,
3785,,,,,,,0.963962723,,,0.963962723,
3786,,,,,,,0.9627580608,,,0.9627580608,
3787,,,,,,,0.9617039585,,,0.9617039585,
3788,,,,,,,0.9609269894,,,0.9609269894,
3789,,,,,,,0.9602535088,,,0.9602535088,
3790,,,,,,,0.959309204,,,0.959309204,
3791,,,,,,,0.9579314842,,,0.9579314842,
3792,,,,,,,0.9563087152,,,0.9563087152,
3793,,,,,,,0.9547323948,,,0.9547323948,
3794,,,,,,,0.9533830544,,,0.9533830544,
3795,,,,,,,0.9523328769,,,0.9523328769,
3796,,,,,,,0.9515685403,,,0.9515685403,
3797,,,,,,,0.9508943336,,,0.9508943336,
3798,,,,,,,0.9500364556,,,0.9500364556,
3799,,,,,,,0.9489552152,,,0.9489552152,
3800,,,,,,,0.9479277874,,,0.9479277874,
3801,,,,,,,0.947192522,,,0.947192522,
3802,,,,,,,0.9466122247,,,0.9466122247,
3803,,,,,,,0.9458757074,,,0.9458757074,
3804,,,,,,,0.9448397535,,,0.9448397535,
3805,,,,,,,0.9435845441,,,0.9435845441,
3806,,,,,,,0.9422473938,,,0.9422473938,
3807,,,,,,,0.9410289466,,,0.9410289466,
3808,,,,,,,0.9401655246,,,0.9401655246,
3809,,,,,,,0.9396457641,,,0.9396457641,
3810,,,,,,,0.9391240237,,,0.9391240237,
3811,,,,,,,0.9382568163,,,0.9382568163,
3812,,,,,,,0.9371181036,,,0.9371181036,
3813,,,,,,,0.936051792,,,0.936051792,
3814,,,,,,,0.9353174755,,,0.9353174755,
3815,,,,,,,0.9349269395,,,0.9349269395,
3816,,,,,,,0.9347098568,,,0.9347098568,
3817,,,,,,,0.9344373699,,,0.9344373699,
3818,,,,,,,0.9339610969,,,0.9339610969,
3819,,,,,,,0.933376652,,,0.933376652,
3820,,,,,,,0.9329248591,,,0.9329248591,
3821,,,,,,,0.9327723777,,,0.9327723777,
3822,,,,,,,0.9329005294,,,0.9329005294,
3823,,,,,,,0.9331943009,,,0.9331943009,
3824,,,,,,,0.9335519076,,,0.9335519076,
3825,,,,,,,0.9338741622,,,0.9338741622,
3826,,,,,,,0.9340767392,,,0.9340767392,
3827,,,,,,,0.9341544898,,,0.9341544898,
3828,,,,,,,0.9342106351,,,0.9342106351,
3829,,,,,,,0.934350947,,,0.934350947,
3830,,,,,,,0.9345457945,,,0.9345457945,
3831,,,,,,,0.9347355069,,,0.9347355069,
3832,,,,,,,0.9349668564,,,0.9349668564,
3833,,,,,,,0.9353283752,,,0.9353283752,
3834,,,,,,,0.9357946287,,,0.9357946287,
3835,,,,,,,0.9362814267,,,0.9362814267,
3836,,,,,,,0.9368437214,,,0.9368437214,
3837,,,,,,,0.937571852,,,0.937571852,
3838,,,,,,,0.9384331907,,,0.9384331907,
3839,,,,,,,0.9393061028,,,0.9393061028,
3840,,,,,,,0.9401587356,,,0.9401587356,
3841,,,,,,,0.9410380617,,,0.9410380617,
3842,,,,,,,0.9419096055,,,0.9419096055,
3843,,,,,,,0.9426521818,,,0.9426521818,
3844,,,,,,,0.9431767999,,,0.9431767999,
3845,,,,,,,0.9434843063,,,0.9434843063,
3846,,,,,,,0.9436302552,,,0.9436302552,
3847,,,,,,,0.9437176513,,,0.9437176513,
3848,,,,,,,0.9439495297,,,0.9439495297,
3849,,,,,,,0.9444989955,,,0.9444989955,
3850,,,,,,,0.9452605207,,,0.9452605207,
3851,,,,,,,0.9459216774,,,0.9459216774,
3852,,,,,,,0.9463005987,,,0.9463005987,
3853,,,,,,,0.9465255695,,,0.9465255695,
3854,,,,,,,0.9467960641,,,0.9467960641,
3855,,,,,,,0.9471995364,,,0.9471995364,
3856,,,,,,,0.9477642566,,,0.9477642566,
3857,,,,,,,0.9484431728,,,0.9484431728,
3858,,,,,,,0.9490707914,,,0.9490707914,
3859,,,,,,,0.9494460625,,,0.9494460625,
3860,,,,,,,0.9495358966,,,0.9495358966,
3861,,,,,,,0.9495043888,,,0.9495043888,
3862,,,,,,,0.9495029106,,,0.9495029106,
3863,,,,,,,0.9495050133,,,0.9495050133,
3864,,,,,,,0.9493864425,,,0.9493864425,
3865,,,,,,,0.9490984021,,,0.9490984021,
3866,,,,,,,0.948665015,,,0.948665015,
3867,,,,,,,0.9479788599,,,0.9479788599,
3868,,,,,,,0.946901155,,,0.946901155,
3869,,,,,,,0.945529037,,,0.945529037,
3870,,,,,,,0.9441454038,,,0.9441454038,
3871,,,,,,,0.9429164551,,,0.9429164551,
3872,,,,,,,0.9417234562,,,0.9417234562,
3873,,,,,,,0.940312548,,,0.940312548,
3874,,,,,,,0.9385008356,,,0.9385008356,
3875,,,,,,,0.93628055,,,0.93628055,
3876,,,,,,,0.9338058992,,,0.9338058992,
3877,,,,,,,0.9312475285,,,0.9312475285,
3878,,,,,,,0.9286734855,,,0.9286734855,
3879,,,,,,,0.9260291698,,,0.9260291698,
3880,,,,,,,0.9231366154,,,0.9231366154,
3881,,,,,,,0.9198463025,,,0.9198463025,
3882,,,,,,,0.9161816032,,,0.9161816032,
3883,,,,,,,0.9122717142,,,0.9122717142,
3884,,,,,,,0.908216295,,,0.908216295,
3885,,,,,,,0.90404212,,,0.90404212,
3886,,,,,,,0.8997383953,,,0.8997383953,
3887,,,,,,,0.8952747342,,,0.8952747342,
3888,,,,,,,0.8906430158,,,0.8906430158,
3889,,,,,,,0.8859096236,,,0.8859096236,
3890,,,,,,,0.8811586899,,,0.8811586899,
3891,,,,,,,0.8763820689,,,0.8763820689,
3892,,,,,,,0.8714555354,,,0.8714555354,
3893,,,,,,,0.8662314107,,,0.8662314107,
3894,,,,,,,0.8606849444,,,0.8606849444,
3895,,,,,,,0.8549207877,,,0.8549207877,
3896,,,,,,,0.8489475493,,,0.8489475493,
3897,,,,,,,0.8426595282,,,0.8426595282,
3898,,,,,,,0.8360340221,,,0.8360340221,
3899,,,,,,,0.8291798232,,,0.8291798232,
3900,,,,,,,0.822218406,,,0.822218406,
3901,,,,,,,0.8151939063,,,0.8151939063,
3902,,,,,,,0.8081041556,,,0.8081041556,
3903,,,,,,,0.8009386915,,,0.8009386915,
3904,,,,,,,0.7936739671,,,0.7936739671,
3905,,,,,,,0.7862492065,,,0.7862492065,
3906,,,,,,,0.7785962133,,,0.7785962133,
3907,,,,,,,0.7707001249,,,0.7707001249,
3908,,,,,,,0.7625925992,,,0.7625925992,
3909,,,,,,,0.754318286,,,0.754318286,
3910,,,,,,,0.7459569184,,,0.7459569184,
3911,,,,,,,0.7376166524,,,0.7376166524,
3912,,,,,,,0.7292982734,,,0.7292982734,
3913,,,,,,,0.7208721421,,,0.7208721421,
3914,,,,,,,0.7122325267,,,0.7122325267,
3915,,,,,,,0.7033791817,,,0.7033791817,
3916,,,,,,,0.6943890344,,,0.6943890344,
3917,,,,,,,0.6853588038,,,0.6853588038,
3918,,,,,,,0.6763651218,,,0.6763651218,
3919,,,,,,,0.6675042475,,,0.6675042475,
3920,,,,,,,0.6588835063,,,0.6588835063,
3921,,,,,,,0.6504417225,,,0.6504417225,
3922,,,,,,,0.6419203953,,,0.6419203953,
3923,,,,,,,0.6330802058,,,0.6330802058,
3924,,,,,,,0.623895021,,,0.623895021,
3925,,,,,,,0.6145802719,,,0.6145802719,
3926,,,,,,,0.605450322,,,0.605450322,
3927,,,,,,,0.5966899261,,,0.5966899261,
3928,,,,,,,0.5882266893,,,0.5882266893,
3929,,,,,,,0.579787019,,,0.579787019,
3930,,,,,,,0.5710575577,,,0.5710575577,
3931,,,,,,,0.561930477,,,0.561930477,
3932,,,,,,,0.5526450321,,,0.5526450321,
3933,,,,,,,0.543601409,,,0.543601409,
3934,,,,,,,0.5350222507,,,0.5350222507,
3935,,,,,,,0.5267996754,,,0.5267996754,
3936,,,,,,,0.5186228638,,,0.5186228638,
3937,,,,,,,0.5102353578,,,0.5102353578,
3938,,,,,,,0.5016138449,,,0.5016138449,
3939,,,,,,,0.4929288281,,,0.4929288281,
3940,,,,,,,0.4844000681,,,0.4844000681,
3941,,,,,,,0.4761851319,,,0.4761851319,
3942,,,,,,,0.4682912207,,,0.4682912207,
3943,,,,,,,0.46055323,,,0.46055323,
3944,,,,,,,0.4527385457,,,0.4527385457,
3945,,,,,,,0.444698561,,,0.444698561,
3946,,,,,,,0.4364676061,,,0.4364676061,
3947,,,,,,,0.4282526326,,,0.4282526326,
3948,,,,,,,0.4202849783,,,0.4202849783,
3949,,,,,,,0.4126724741,,,0.4126724741,
3950,,,,,,,0.4053779576,,,0.4053779576,
3951,,,,,,,0.3982694907,,,0.3982694907,
3952,,,,,,,0.3911881437,,,0.3911881437,
3953,,,,,,,0.3840340348,,,0.3840340348,
3954,,,,,,,0.3768115558,,,0.3768115558,
3955,,,,,,,0.3696098175,,,0.3696098175,
3956,,,,,,,0.3625569433,,,0.3625569433,
3957,,,,,,,0.3557421086,,,0.3557421086,
3958,,,,,,,0.3491613202,,,0.3491613202,
3959,,,,,,,0.3427280308,,,0.3427280308,
3960,,,,,,,0.336301343,,,0.336301343,
3961,,,,,,,0.3297651078,,,0.3297651078,
3962,,,,,,,0.3231324916,,,0.3231324916,
3963,,,,,,,0.3165444504,,,0.3165444504,
3964,,,,,,,0.3101674044,,,0.3101674044,
3965,,,,,,,0.3040967619,,,0.3040967619,
3966,,,,,,,0.2983078065,,,0.2983078065,
3967,,,,,,,0.2926749701,,,0.2926749701,
3968,,,,,,,0.2870492828,,,0.2870492828,
3969,,,,,,,0.281324021,,,0.281324021,
3970,,,,,,,0.2755099343,,,0.2755099343,
3971,,,,,,,0.2697658292,,,0.2697658292,
3972,,,,,,,0.2642699915,,,0.2642699915,
3973,,,,,,,0.2590610317,,,0.2590610317,
3974,,,,,,,0.2540040989,,,0.2540040989,
3975,,,,,,,0.2488848865,,,0.2488848865,
3976,,,,,,,0.2435725069,,,0.2435725069,
3977,,,,,,,0.2381122957,,,0.2381122957,
3978,,,,,,,0.2326675146,,,0.2326675146,
3979,,,,,,,0.227419278,,,0.227419278,
3980,,,,,,,0.2224927949,,,0.2224927949,
3981,,,,,,,0.217898376,,,0.217898376,
3982,,,,,,,0.2135333646,,,0.2135333646,
3983,,,,,,,0.2092423404,,,0.2092423404,
3984,,,,,,,0.2049015551,,,0.2049015551,
3985,,,,,,,0.200496688,,,0.200496688,
3986,,,,,,,0.1961202741,,,0.1961202741,
3987,,,,,,,0.1918834101,,,0.1918834101,
3988,,,,,,,0.1878486584,,,0.1878486584,
3989,,,,,,,0.1840166306,,,0.1840166306,
3990,,,,,,,0.1803316176,,,0.1803316176,
3991,,,,,,,0.1767099888,,,0.1767099888,
3992,,,,,,,0.1730728947,,,0.1730728947,
3993,,,,,,,0.1693919231,,,0.1693919231,
3994,,,,,,,0.1657286668,,,0.1657286668,
3995,,,,,,,0.1621884084,,,0.1621884084,
3996,,,,,,,0.1588206637,,,0.1588206637,
3997,,,,,,,0.1555577989,,,0.1555577989,
3998,,,,,,,0.1522302678,,,0.1522302678,
3999,,,,,,,0.1486931328,,,0.1486931328,
4000,,,,,,,0.1449729843,,,0.1449729843,
4001,,,,,,,0.1412774788,,,0.1412774788,
4002,,,,,,,0.1378671887,,,0.1378671887,
4003,,,,,,,0.1348859031,,,0.1348859031,
4004,,,,,,,0.1322755973,,,0.1322755973,
4005,,,,,,,0.1298481575,,,0.1298481575,
4006,,,,,,,0.1274255136,,,0.1274255136,
4007,,,,,,,0.1249185561,,,0.1249185561,
4008,,,,,,,0.1223227458,,,0.1223227458,
4009,,,,,,,0.1196649759,,,0.1196649759,
4010,,,,,,,0.1169723692,,,0.1169723692,
4011,,,,,,,0.1142880036,,,0.1142880036,
4012,,,,,,,0.1116704392,,,0.1116704392,
4013,,,,,,,0.1091627333,,,0.1091627333,
4014,,,,,,,0.1067674264,,,0.1067674264,
4015,,,,,,,0.1044406081,,,0.1044406081,
4016,,,,,,,0.1021237343,,,0.1021237343,
4017,,,,,,,0.09979377955,,,0.09979377955,
4018,,,,,,,0.0974832498,,,0.0974832498,
4019,,,,,,,0.09525861356,,,0.09525861356,
4020,,,,,,,0.09316443297,,,0.09316443297,
4021,,,,,,,0.09117867388,,,0.09117867388,
4022,,,,,,,0.08924663795,,,0.08924663795,
4023,,,,,,,0.08735425283,,,0.08735425283,
4024,,,,,,,0.08554137574,,,0.08554137574,
4025,,,,,,,0.08384699197,,,0.08384699197,
4026,,,,,,,0.0822413502,,,0.0822413502,
4027,,,,,,,0.08063435481,,,0.08063435481,
4028,,,,,,,0.07896366283,,,0.07896366283,
4029,,,,,,,0.07725120993,,,0.07725120993,
4030,,,,,,,0.07558294413,,,0.07558294413,
4031,,,,,,,0.07403261239,,,0.07403261239,
4032,,,,,,,0.07259652261,,,0.07259652261,
4033,,,,,,,0.07121144317,,,0.07121144317,
4034,,,,,,,0.06982350329,,,0.06982350329,
4035,,,,,,,0.06842458912,,,0.06842458912,
4036,,,,,,,0.06703141125,,,0.06703141125,
4037,,,,,,,0.06563406122,,,0.06563406122,
4038,,,,,,,0.06418827746,,,0.06418827746,
4039,,,,,,,0.06266427818,,,0.06266427818,
4040,,,,,,,0.06108014381,,,0.06108014381,
4041,,,,,,,0.05949672378,,,0.05949672378,
4042,,,,,,,0.05798969418,,,0.05798969418,
4043,,,,,,,0.05662300555,,,0.05662300555,
4044,,,,,,,0.05542735382,,,0.05542735382,
4045,,,,,,,0.05437443953,,,0.05437443953,
4046,,,,,,,0.05337435289,,,0.05337435289,
4047,,,,,,,0.05232472538,,,0.05232472538,
4048,,,,,,,0.0511774354,,,0.0511774354,
4049,,,,,,,0.04996194725,,,0.04996194725,
4050,,,,,,,0.04875693311,,,0.04875693311,
4051,,,,,,,0.04763510226,,,0.04763510226,
4052,,,,,,,0.04662938387,,,0.04662938387,
4053,,,,,,,0.0457328717,,,0.0457328717,
4054,,,,,,,0.04491225902,,,0.04491225902,
4055,,,,,,,0.04413109603,,,0.04413109603,
4056,,,,,,,0.04336731952,,,0.04336731952,
4057,,,,,,,0.04261468005,,,0.04261468005,
4058,,,,,,,0.04187539756,,,0.04187539756,
4059,,,,,,,0.04114258236,,,0.04114258236,
4060,,,,,,,0.04039102513,,,0.04039102513,
4061,,,,,,,0.03958983024,,,0.03958983024,
4062,,,,,,,0.03872426032,,,0.03872426032,
4063,,,,,,,0.03781591132,,,0.03781591132,
4064,,,,,,,0.03691913813,,,0.03691913813,
4065,,,,,,,0.03609090023,,,0.03609090023,
4066,,,,,,,0.03535880329,,,0.03535880329,
4067,,,,,,,0.03470314767,,,0.03470314767,
4068,,,,,,,0.03406747998,,,0.03406747998,
4069,,,,,,,0.03339480137,,,0.03339480137,
4070,,,,,,,0.03265870884,,,0.03265870884,
4071,,,,,,,0.03187710205,,,0.03187710205,
4072,,,,,,,0.03110112763,,,0.03110112763,
4073,,,,,,,0.03038815261,,,0.03038815261,
4074,,,,,,,0.02977733425,,,0.02977733425,
4075,,,,,,,0.02927069615,,,0.02927069615,
4076,,,,,,,0.02882792681,,,0.02882792681,
4077,,,,,,,0.02838933562,,,0.02838933562,
4078,,,,,,,0.02791485648,,,0.02791485648,
4079,,,,,,,0.02741693551,,,0.02741693551,
4080,,,,,,,0.02695121989,,,0.02695121989,
4081,,,,,,,0.02655854767,,,0.02655854767,
4082,,,,,,,0.02621895693,,,0.02621895693,
4083,,,,,,,0.02586382004,,,0.02586382004,
4084,,,,,,,0.02543516988,,,0.02543516988,
4085,,,,,,,0.02493728824,,,0.02493728824,
4086,,,,,,,0.0244256275,,,0.0244256275,
4087,,,,,,,0.02396252912,,,0.02396252912,
4088,,,,,,,0.02358071668,,,0.02358071668,
4089,,,,,,,0.02326797933,,,0.02326797933,
4090,,,,,,,0.02298099766,,,0.02298099766,
4091,,,,,,,0.02267241054,,,0.02267241054,
4092,,,,,,,0.02231846823,,,0.02231846823,
4093,,,,,,,0.02192875338,,,0.02192875338,
4094,,,,,,,0.02152221959,,,0.02152221959,
4095,,,,,,,0.0211011851,,,0.0211011851,
4096,,,,,,,0.02064763283,,,0.02064763283,
4097,,,,,,,0.02013995352,,,0.02013995352,
4098,,,,,,,0.01957934403,,,0.01957934403,
4099,,,,,,,0.019002144,,,0.019002144,
4100,,,,,,,0.01847356452,,,0.01847356452,
4101,,,,,,,0.01806384563,,,0.01806384563,
4102,,,,,,,0.01781260987,,,0.01781260987,
4103,,,,,,,0.01770624002,,,0.01770624002,
4104,,,,,,,0.01767904482,,,0.01767904482,
4105,,,,,,,0.01763568981,,,0.01763568981,
4106,,,,,,,0.01748632115,,,0.01748632115,
4107,,,,,,,0.01717814457,,,0.01717814457,
4108,,,,,,,0.01672104622,,,0.01672104622,
4109,,,,,,,0.01619430763,,,0.01619430763,
4110,,,,,,,0.01572097409,,,0.01572097409,
4111,,,,,,,0.01541464327,,,0.01541464327,
4112,,,,,,,0.01531838637,,,0.01531838637,
4113,,,,,,,0.01537966355,,,0.01537966355,
4114,,,,,,,0.0154800929,,,0.0154800929,
4115,,,,,,,0.01549778465,,,0.01549778465,
4116,,,,,,,0.01536887623,,,0.01536887623,
4117,,,,,,,0.01511023048,,,0.01511023048,
4118,,,,,,,0.01479305245,,,0.01479305245,
4119,,,,,,,0.01448657256,,,0.01448657256,
4120,,,,,,,0.0142045043,,,0.0142045043,
4121,,,,,,,0.01390231244,,,0.01390231244,
4122,,,,,,,0.01352371639,,,0.01352371639,
4123,,,,,,,0.01304571578,,,0.01304571578,
4124,,,,,,,0.01248937318,,,0.01248937318,
4125,,,,,,,0.01189697382,,,0.01189697382,
4126,,,,,,,0.01131697903,,,0.01131697903,
4127,,,,,,,0.01080906709,,,0.01080906709,
4128,,,,,,,0.01043925585,,,0.01043925585,
4129,,,,,,,0.01025506562,,,0.01025506562,
4130,,,,,,,0.01025334347,,,0.01025334347,
4131,,,,,,,0.01037098318,,,0.01037098318,
4132,,,,,,,0.01051369243,,,0.01051369243,
4133,,,,,,,0.01060496147,,,0.01060496147,
4134,,,,,,,0.01062542605,,,0.01062542605,
4135,,,,,,,0.01061239378,,,0.01061239378,
4136,,,,,,,0.0106171947,,,0.0106171947,
4137,,,,,,,0.0106525379,,,0.0106525379,
4138,,,,,,,0.01067114659,,,0.01067114659,
4139,,,,,,,0.01059767789,,,0.01059767789,
4140,,,,,,,0.0103888728,,,0.0103888728,
4141,,,,,,,0.01007219535,,,0.01007219535,
4142,,,,,,,0.00973260384,,,0.00973260384,
4143,,,,,,,0.009456137896,,,0.009456137896,
4144,,,,,,,0.009280251096,,,0.009280251096,
4145,,,,,,,0.009184342595,,,0.009184342595,
4146,,,,,,,0.009113102995,,,0.009113102995,
4147,,,,,,,0.009008320515,,,0.009008320515,
4148,,,,,,,0.008828073553,,,0.008828073553,
4149,,,,,,,0.008558194086,,,0.008558194086,
4150,,,,,,,0.008221009788,,,0.008221009788,
4151,,,,,,,0.007874406607,,,0.007874406607,
4152,,,,,,,0.007593079445,,,0.007593079445,
4153,,,,,,,0.00743164445,,,0.00743164445,
4154,,,,,,,0.007393221643,,,0.007393221643,
4155,,,,,,,0.007425329489,,,0.007425329489,
4156,,,,,,,0.007449529804,,,0.007449529804,
4157,,,,,,,0.007401641878,,,0.007401641878,
4158,,,,,,,0.007250751662,,,0.007250751662,
4159,,,,,,,0.007004880421,,,0.007004880421,
4160,,,,,,,0.00671208259,,,0.00671208259,
4161,,,,,,,0.006452697453,,,0.006452697453,
4162,,,,,,,0.00630910777,,,0.00630910777,
4163,,,,,,,0.006311290765,,,0.006311290765,
4164,,,,,,,0.00640958678,,,0.00640958678,
4165,,,,,,,0.006505665208,,,0.006505665208,
4166,,,,,,,0.00651590864,,,0.00651590864,
4167,,,,,,,0.006421915967,,,0.006421915967,
4168,,,,,,,0.006270741189,,,0.006270741189,
4169,,,,,,,0.006133740897,,,0.006133740897,
4170,,,,,,,0.006057661639,,,0.006057661639,
4171,,,,,,,0.0060374877,,,0.0060374877,
4172,,,,,,,0.006030185279,,,0.006030185279,
4173,,,,,,,0.005997847801,,,0.005997847801,
4174,,,,,,,0.005938547827,,,0.005938547827,
4175,,,,,,,0.00587669176,,,0.00587669176,
4176,,,,,,,0.005827964663,,,0.005827964663,
4177,,,,,,,0.005779878331,,,0.005779878331,
4178,,,,,,,0.005711614108,,,0.005711614108,
4179,,,,,,,0.005627513321,,,0.005627513321,
4180,,,,,,,0.005561160101,,,0.005561160101,
4181,,,,,,,0.005540326678,,,0.005540326678,
4182,,,,,,,0.00554751527,,,0.00554751527,
4183,,,,,,,0.005521520947,,,0.005521520947,
4184,,,,,,,0.005402202799,,,0.005402202799,
4185,,,,,,,0.005178828034,,,0.005178828034,
4186,,,,,,,0.004900401907,,,0.004900401907,
4187,,,,,,,0.004643307997,,,0.004643307997,
4188,,,,,,,0.004469834893,,,0.004469834893,
4189,,,,,,,0.004404509875,,,0.004404509875,
4190,,,,,,,0.004433244511,,,0.004433244511,
4191,,,,,,,0.00452010843,,,0.00452010843,
4192,,,,,,,0.004627202701,,,0.004627202701,
4193,,,,,,,0.004726708268,,,0.004726708268,
4194,,,,,,,0.004802553976,,,0.004802553976,
4195,,,,,,,0.004843687249,,,0.004843687249,
4196,,,,,,,0.004841577245,,,0.004841577245,
4197,,,,,,,0.004793802297,,,0.004793802297,
4198,,,,,,,0.004703150539,,,0.004703150539,
4199,,,,,,,0.004573079162,,,0.004573079162,
4200,,,,,,,0.004405988472,,,0.004405988472,
4201,,,,,,,0.004207686639,,,0.004207686639,
4202,,,,,,,0.003993199149,,,0.003993199149,
4203,,,,,,,0.003786314456,,,0.003786314456,
4204,,,,,,,0.003609542255,,,0.003609542255,
4205,,,,,,,0.003469792854,,,0.003469792854,
4206,,,,,,,0.003351214738,,,0.003351214738,
4207,,,,,,,0.003222404421,,,0.003222404421,
4208,,,,,,,0.003061420013,,,0.003061420013,
4209,,,,,,,0.002880916594,,,0.002880916594,
4210,,,,,,,0.002726491917,,,0.002726491917,
4211,,,,,,,0.002650935247,,,0.002650935247,
4212,,,,,,,0.002684143068,,,0.002684143068,
4213,,,,,,,0.002817821482,,,0.002817821482,
4214,,,,,,,0.003009370428,,,0.003009370428,
4215,,,,,,,0.00319310862,,,0.00319310862,
4216,,,,,,,0.003300101962,,,0.003300101962,
4217,,,,,,,0.003289892685,,,0.003289892685,
4218,,,,,,,0.00317378445,,,0.00317378445,
4219,,,,,,,0.003007301554,,,0.003007301554,
4220,,,,,,,0.002852714436,,,0.002852714436,
4221,,,,,,,0.002739554575,,,0.002739554575,
4222,,,,,,,0.002657953226,,,0.002657953226,
4223,,,,,,,0.002584010355,,,0.002584010355,
4224,,,,,,,0.00250716438,,,0.00250716438,
4225,,,,,,,0.002434621864,,,0.002434621864,
4226,,,,,,,0.002374148769,,,0.002374148769,
4227,,,,,,,0.002322903165,,,0.002322903165,
4228,,,,,,,0.002274114378,,,0.002274114378,
4229,,,,,,,0.002229066099,,,0.002229066099,
4230,,,,,,,0.00219658851,,,0.00219658851,
4231,,,,,,,0.002177158213,,,0.002177158213,
4232,,,,,,,0.002158151507,,,0.002158151507,
4233,,,,,,,0.002127078915,,,0.002127078915,
4234,,,,,,,0.002080367375,,,0.002080367375,
4235,,,,,,,0.002016066162,,,0.002016066162,
4236,,,,,,,0.001917070465,,,0.001917070465,
4237,,,,,,,0.001753389309,,,0.001753389309,
4238,,,,,,,0.001512055921,,,0.001512055921,
4239,,,,,,,0.001221713997,,,0.001221713997,
4240,,,,,,,0.0009472468914,,,0.0009472468914,
4241,,,,,,,0.0007579100518,,,0.0007579100518,
4242,,,,,,,0.0006899791244,,,0.0006899791244,
4243,,,,,,,0.0007289217362,,,0.0007289217362,
4244,,,,,,,0.0008227596404,,,0.0008227596404,
4245,,,,,,,0.0009146364519,,,0.0009146364519,
4246,,,,,,,0.0009717905822,,,0.0009717905822,
4247,,,,,,,0.000990865697,,,0.000990865697,
4248,,,,,,,0.0009770433599,,,0.0009770433599,
4249,,,,,,,0.0009268809614,,,0.0009268809614,
4250,,,,,,,0.0008377491771,,,0.0008377491771,
4251,,,,,,,0.0007294292971,,,0.0007294292971,
4252,,,,,,,0.0006502005483,,,0.0006502005483,
4253,,,,,,,0.0006524196873,,,0.0006524196873,
4254,,,,,,,0.000754021544,,,0.000754021544,
4255,,,,,,,0.00091946264,,,0.00091946264,
4256,,,,,,,0.00107676767,,,0.00107676767,
4257,,,,,,,0.001158088586,,,0.001158088586,
4258,,,,,,,0.001133098151,,,0.001133098151,
4259,,,,,,,0.001014594925,,,0.001014594925,
4260,,,,,,,0.0008405345456,,,0.0008405345456,
4261,,,,,,,0.0006539671216,,,0.0006539671216,
4262,,,,,,,0.0004979135659,,,0.0004979135659,
4263,,,,,,,0.0004149013267,,,0.0004149013267,
4264,,,,,,,0.0004351140829,,,0.0004351140829,
4265,,,,,,,0.0005576309506,,,0.0005576309506,
4266,,,,,,,0.0007404891816,,,0.0007404891816,
4267,,,,,,,0.0009136983259,,,0.0009136983259,
4268,,,,,,,0.00101153568,,,0.00101153568,
4269,,,,,,,0.001002984633,,,0.001002984633,
4270,,,,,,,0.0009007940163,,,0.0009007940163,
4271,,,,,,,0.0007458717724,,,0.0007458717724,
4272,,,,,,,0.0005823599976,,,0.0005823599976,
4273,,,,,,,0.0004429103077,,,0.0004429103077,
4274,,,,,,,0.0003533869408,,,0.0003533869408,
4275,,,,,,,0.0003398763451,,,0.0003398763451,
4276,,,,,,,0.0004162251542,,,0.0004162251542,
4277,,,,,,,0.0005621256511,,,0.0005621256511,
4278,,,,,,,0.0007170712826,,,0.0007170712826,
4279,,,,,,,0.0008087036247,,,0.0008087036247,
4280,,,,,,,0.0008002044821,,,0.0008002044821,
4281,,,,,,,0.0007110091424,,,0.0007110091424,
4282,,,,,,,0.0005964071811,,,0.0005964071811,
4283,,,,,,,0.0005096137343,,,0.0005096137343,
4284,,,,,,,0.0004732940049,,,0.0004732940049,
4285,,,,,,,0.0004758474715,,,0.0004758474715,
4286,,,,,,,0.0004829778697,,,0.0004829778697,
4287,,,,,,,0.0004529197945,,,0.0004529197945,
4288,,,,,,,0.0003592446199,,,0.0003592446199,
4289,,,,,,,0.0002140844457,,,0.0002140844457,
4290,,,,,,,7.317954901e-05,,,7.317954901e-05,
4291,,,,,,,1.234893708e-05,,,1.234893708e-05,
4292,,,,,,,8.224036995e-05,,,8.224036995e-05,
4293,,,,,,,0.0002708168752,,,0.0002708168752,
4294,,,,,,,0.0005025608023,,,0.0005025608023,
4295,,,,,,,0.0006779815082,,,0.0006779815082,
4296,,,,,,,0.0007294526308,,,0.0007294526308,
4297,,,,,,,0.0006565698511,,,0.0006565698511,
4298,,,,,,,0.0005179668497,,,0.0005179668497,
4299,,,,,,,0.0003856356849,,,0.0003856356849,
4300,,,,,,,0.0002980027795,,,0.0002980027795,
4301,,,,,,,0.0002457887735,,,0.0002457887735,
4302,,,,,,,0.0001927454036,,,0.0001927454036,
4303,,,,,,,0.0001093691063,,,0.0001093691063,
4304,,,,,,,-8.377722231e-06,,,-8.377722231e-06,
4305,,,,,,,-0.0001448259531,,,-0.0001448259531,
4306,,,,,,,-0.0002809508217,,,-0.0002809508217,
4307,,,,,,,-0.0004067262774,,,-0.0004067262774,
4308,,,,,,,-0.0005231437688,,,-0.0005231437688,
4309,,,,,,,-0.0006340630536,,,-0.0006340630536,
4310,,,,,,,-0.0007357084045,,,-0.0007357084045,
4311,,,,,,,-0.0008131384642,,,-0.0008131384642,
4312,,,,,,,-0.0008459434136,,,-0.0008459434136,
4313,,,,,,,-0.0008188454555,,,-0.0008188454555,
4314,,,,,,,-0.0007295945677,,,-0.0007295945677,
4315,,,,,,,-0.0005885337244,,,-0.0005885337244,
4316,,,,,,,-0.0004153155163,,,-0.0004153155163,
4317,,,,,,,-0.0002389449452,,,-0.0002389449452,
4318,,,,,,,-9.40897416e-05,,,-9.40897416e-05,
4319,,,,,,,-8.761612358e-06,,,-8.761612358e-06,
4320,,,,,,,1.037458093e-05,,,1.037458093e-05,
4321,,,,,,,-1.691084664e-05,,,-1.691084664e-05,
4322,,,,,,,-6.001600096e-05,,,-6.001600096e-05,
4323,,,,,,,-0.0001015954534,,,-0.0001015954534,
4324,,,,,,,-0.000145971328,,,-0.000145971328,
4325,,,,,,,-0.0002077980138,,,-0.0002077980138,
4326,,,,,,,-0.0002937384353,,,-0.0002937384353,
4327,,,,,,,-0.0003952204995,,,-0.0003952204995,
4328,,,,,,,-0.0004984497074,,,-0.0004984497074,
4329,,,,,,,-0.0005955774555,,,-0.0005955774555,
4330,,,,,,,-0.000685404948,,,-0.000685404948,
4331,,,,,,,-0.0007684815795,,,-0.0007684815795,
4332,,,,,,,-0.0008433429899,,,-0.0008433429899,
4333,,,,,,,-0.0009075799112,,,-0.0009075799112,
4334,,,,,,,-0.0009588497718,,,-0.0009588497718,
4335,,,,,,,-0.0009900086208,,,-0.0009900086208,
4336,,,,,,,-0.0009861963981,,,-0.0009861963981,
4337,,,,,,,-0.0009321628439,,,-0.0009321628439,
4338,,,,,,,-0.0008274487361,,,-0.0008274487361,
4339,,,,,,,-0.0006976266477,,,-0.0006976266477,
4340,,,,,,,-0.000586650595,,,-0.000586650595,
4341,,,,,,,-0.0005325128875,,,-0.0005325128875,
4342,,,,,,,-0.0005446244103,,,-0.0005446244103,
4343,,,,,,,-0.0005991877772,,,-0.0005991877772,
4344,,,,,,,-0.0006554806475,,,-0.0006554806475,
4345,,,,,,,-0.0006777611985,,,-0.0006777611985,
4346,,,,,,,-0.0006451584572,,,-0.0006451584572,
4347,,,,,,,-0.0005476642305,,,-0.0005476642305,
4348,,,,,,,-0.0003787057051,,,-0.0003787057051,
4349,,,,,,,-0.0001385985475,,,-0.0001385985475,
4350,,,,,,,0.0001512496454,,,0.0001512496454,
4351,,,,,,,0.0004398041129,,,0.0004398041129,
4352,,,,,,,0.0006564984734,,,0.0006564984734,
4353,,,,,,,0.0007392938039,,,0.0007392938039,
4354,,,,,,,0.0006648866225,,,0.0006648866225,
4355,,,,,,,0.000461080732,,,0.000461080732,
4356,,,,,,,0.0001922921078,,,0.0001922921078,
4357,,,,,,,-7.262406222e-05,,,-7.262406222e-05,
4358,,,,,,,-0.0002896896303,,,-0.0002896896303,
4359,,,,,,,-0.0004492489511,,,-0.0004492489511,
4360,,,,,,,-0.0005621687043,,,-0.0005621687043,
4361,,,,,,,-0.000639149065,,,-0.000639149065,
4362,,,,,,,-0.0006859673388,,,-0.0006859673388,
4363,,,,,,,-0.0007135900227,,,-0.0007135900227,
4364,,,,,,,-0.0007445039952,,,-0.0007445039952,
4365,,,,,,,-0.0008018807062,,,-0.0008018807062,
4366,,,,,,,-0.000884472633,,,-0.000884472633,
4367,,,,,,,-0.0009540057178,,,-0.0009540057178,
4368,,,,,,,-0.0009545054887,,,-0.0009545054887,
4369,,,,,,,-0.0008493624621,,,-0.0008493624621,
4370,,,,,,,-0.000649955171,,,-0.000649955171,
4371,,,,,,,-0.0004174323196,,,-0.0004174323196,
4372,,,,,,,-0.0002355866598,,,-0.0002355866598,
4373,,,,,,,-0.0001717491888,,,-0.0001717491888,
4374,,,,,,,-0.0002469043056,,,-0.0002469043056,
4375,,,,,,,-0.0004282690477,,,-0.0004282690477,
4376,,,,,,,-0.0006448382335,,,-0.0006448382335,
4377,,,,,,,-0.0008160500182,,,-0.0008160500182,
4378,,,,,,,-0.0008794990835,,,-0.0008794990835,
4379,,,,,,,-0.0008076557004,,,-0.0008076557004,
4380,,,,,,,-0.0006131125424,,,-0.0006131125424,
4381,,,,,,,-0.0003440388632,,,-0.0003440388632,
4382,,,,,,,-6.939963786e-05,,,-6.939963786e-05,
4383,,,,,,,0.0001429920958,,,0.0001429920958,
4384,,,,,,,0.0002482505439,,,0.0002482505439,
4385,,,,,,,0.000237320058,,,0.000237320058,
4386,,,,,,,0.0001347984236,,,0.0001347984236,
4387,,,,,,,-1.628244662e-05,,,-1.628244662e-05,
4388,,,,,,,-0.0001733353477,,,-0.0001733353477,
4389,,,,,,,-0.0003081393077,,,-0.0003081393077,
4390,,,,,,,-0.0004108417691,,,-0.0004108417691,
4391,,,,,,,-0.0004846525908,,,-0.0004846525908,
4392,,,,,,,-0.0005361109217,,,-0.0005361109217,
4393,,,,,,,-0.0005685487833,,,-0.0005685487833,
4394,,,,,,,-0.0005817055078,,,-0.0005817055078,
4395,,,,,,,-0.0005741667588,,,-0.0005741667588,
4396,,,,,,,-0.0005462164562,,,-0.0005462164562,
4397,,,,,,,-0.0005025778365,,,-0.0005025778365,
4398,,,,,,,-0.0004540056784,,,-0.0004540056784,
4399,,,,,,,-0.0004171976802,,,-0.0004171976802,
4400,,,,,,,-0.0004083161799,,,-0.0004083161799,
4401,,,,,,,-0.0004276906412,,,-0.0004276906412,
4402,,,,,,,-0.0004515334519,,,-0.0004515334519,
4403,,,,,,,-0.0004449253713,,,-0.0004449253713,
4404,,,,,,,-0.0003879122747,,,-0.0003879122747,
4405,,,,,,,-0.0002950740359,,,-0.0002950740359,
4406,,,,,,,-0.0002109894565,,,-0.0002109894565,
4407,,,,,,,-0.0001807709362,,,-0.0001807709362,
4408,,,,,,,-0.0002187074619,,,-0.0002187074619,
4409,,,,,,,-0.000297468581,,,-0.000297468581,
4410,,,,,,,-0.0003625499332,,,-0.0003625499332,
4411,,,,,,,-0.0003617806437,,,-0.0003617806437,
4412,,,,,,,-0.0002726105208,,,-0.0002726105208,
4413,,,,,,,-0.0001116054859,,,-0.0001116054859,
4414,,,,,,,7.858380806e-05,,,7.858380806e-05,
4415,,,,,,,0.0002501795937,,,0.0002501795937,
4416,,,,,,,0.0003616232818,,,0.0003616232818,
4417,,,,,,,0.000381301602,,,0.000381301602,
4418,,,,,,,0.0002934484356,,,0.0002934484356,
4419,,,,,,,0.0001083059339,,,0.0001083059339,
4420,,,,,,,-0.0001298009819,,,-0.0001298009819,
4421,,,,,,,-0.0003537519856,,,-0.0003537519856,
4422,,,,,,,-0.0005068829803,,,-0.0005068829803,
4423,,,,,,,-0.0005722118651,,,-0.0005722118651,
4424,,,,,,,-0.000577145301,,,-0.000577145301,
4425,,,,,,,-0.0005749437886,,,-0.0005749437886,
4426,,,,,,,-0.0006149264859,,,-0.0006149264859,
4427,,,,,,,-0.000718738244,,,-0.000718738244,
4428,,,,,,,-0.0008725770543,,,-0.0008725770543,
4429,,,,,,,-0.001032055396,,,-0.001032055396,
4430,,,,,,,-0.00113856055,,,-0.00113856055,
4431,,,,,,,-0.001145523833,,,-0.001145523833,
4432,,,,,,,-0.001040948097,,,-0.001040948097,
4433,,,,,,,-0.0008516269792,,,-0.0008516269792,
4434,,,,,,,-0.0006276170322,,,-0.0006276170322,
4435,,,,,,,-0.0004157864854,,,-0.0004157864854,
4436,,,,,,,-0.0002395171058,,,-0.0002395171058,
4437,,,,,,,-9.656304099e-05,,,-9.656304099e-05,
4438,,,,,,,2.749688497e-05,,,2.749688497e-05,
4439,,,,,,,0.0001417974775,,,0.0001417974775,
4440,,,,,,,0.0002391313499,,,0.0002391313499,
4441,,,,,,,0.0002972076705,,,0.0002972076705,
4442,,,,,,,0.0002898584126,,,0.0002898584126,
4443,,,,,,,0.0002007559483,,,0.0002007559483,
4444,,,,,,,3.203892364e-05,,,3.203892364e-05,
4445,,,,,,,-0.0001963151006,,,-0.0001963151006,
4446,,,,,,,-0.0004547541841,,,-0.0004547541841,
4447,,,,,,,-0.0007146683265,,,-0.0007146683265,
4448,,,,,,,-0.0009556150846,,,-0.0009556150846,
4449,,,,,,,-0.001165889589,,,-0.001165889589,
4450,,,,,,,-0.001336442542,,,-0.001336442542,
4451,,,,,,,-0.001456036823,,,-0.001456036823,
4452,,,,,,,-0.001514078065,,,-0.001514078065,
4453,,,,,,,-0.001506430341,,,-0.001506430341,
4454,,,,,,,-0.001436497642,,,-0.001436497642,
4455,,,,,,,-0.001310843186,,,-0.001310843186,
4456,,,,,,,-0.001133159511,,,-0.001133159511,
4457,,,,,,,-0.0009057380147,,,-0.0009057380147,
4458,,,,,,,-0.0006405083418,,,-0.0006405083418,
4459,,,,,,,-0.0003665723692,,,-0.0003665723692,
4460,,,,,,,-0.0001248211903,,,-0.0001248211903,
4461,,,,,,,4.520371728e-05,,,4.520371728e-05,
4462,,,,,,,0.0001184198543,,,0.0001184198543,
4463,,,,,,,9.099173052e-05,,,9.099173052e-05,
4464,,,,,,,-1.968814244e-05,,,-1.968814244e-05,
4465,,,,,,,-0.000176544358,,,-0.000176544358,
4466,,,,,,,-0.0003266531684,,,-0.0003266531684,
4467,,,,,,,-0.0004134848207,,,-0.0004134848207,
4468,,,,,,,-0.0003980146578,,,-0.0003980146578,
4469,,,,,,,-0.0002819316793,,,-0.0002819316793,
4470,,,,,,,-0.0001156331471,,,-0.0001156331471,
4471,,,,,,,2.424304583e-05,,,2.424304583e-05,
4472,,,,,,,7.575862178e-05,,,7.575862178e-05,
4473,,,,,,,2.376791841e-05,,,2.376791841e-05,
4474,,,,,,,-9.734423588e-05,,,-9.734423588e-05,
4475,,,,,,,-0.0002323320516,,,-0.0002323320516,
4476,,,,,,,-0.0003421040908,,,-0.0003421040908,
4477,,,,,,,-0.0004200096575,,,-0.0004200096575,
4478,,,,,,,-0.0004822763574,,,-0.0004822763574,
4479,,,,,,,-0.0005453935096,,,-0.0005453935096,
4480,,,,,,,-0.000608947613,,,-0.000608947613,
4481,,,,,,,-0.0006566042386,,,-0.0006566042386,
4482,,,,,,,-0.0006708381036,,,-0.0006708381036,
4483,,,,,,,-0.0006474588335,,,-0.0006474588335,
4484,,,,,,,-0.0006008751896,,,-0.0006008751896,
4485,,,,,,,-0.0005568958361,,,-0.0005568958361,
4486,,,,,,,-0.0005354552232,,,-0.0005354552232,
4487,,,,,,,-0.0005339116692,,,-0.0005339116692,
4488,,,,,,,-0.0005247647955,,,-0.0005247647955,
4489,,,,,,,-0.00047075731,,,-0.00047075731,
4490,,,,,,,-0.0003479871236,,,-0.0003479871236,
4491,,,,,,,-0.0001628346316,,,-0.0001628346316,
4492,,,,,,,4.95161629e-05,,,4.95161629e-05,
4493,,,,,,,0.0002431194566,,,0.0002431194566,
4494,,,,,,,0.0003793381566,,,0.0003793381566,
4495,,,,,,,0.0004357539865,,,0.0004357539865,
4496,,,,,,,0.0004086209049,,,0.0004086209049,
4497,,,,,,,0.0003112106167,,,0.0003112106167,
4498,,,,,,,0.0001690227086,,,0.0001690227086,
4499,,,,,,,1.286563986e-05,,,1.286563986e-05,
4500,,,,,,,-0.0001303556578,,,-0.0001303556578,
9050,,,,,,,,6.974099692e-05,,,6.974099692e-05
9060,,,,,,,,8.534105563e-05,,,8.534105563e-05
9070,,,,,,,,0.0001019265986,,,0.0001019265986
9080,,,,,,,,0.0001025191539,,,0.0001025191539
9090,,,,,,,,0.0001037766543,,,0.0001037766543
9100,,,,,,,,0.0001128248268,,,0.0001128248268
9110,,,,,,,,0.0001213834806,,,0.0001213834806
9120,,,,,,,,0.0001293071723,,,0.0001293071723
9130,,,,,,,,0.0001339550545,,,0.0001339550545
9140,,,,,,,,0.0001288392498,,,0.0001288392498
9150,,,,,,,,0.0001173376472,,,0.0001173376472
9160,,,,,,,,0.000110884432,,,0.000110884432
9170,,,,,,,,0.0001108748374,,,0.0001108748374
9180,,,,,,,,0.0001092241956,,,0.0001092241956
9190,,,,,,,,0.0001036752275,,,0.0001036752275
9200,,,,,,,,0.0001012276252,,,0.0001012276252
9210,,,,,,,,9.791477289e-05,,,9.791477289e-05
9220,,,,,,,,8.433287228e-05,,,8.433287228e-05
9230,,,,,,,,7.719567943e-05,,,7.719567943e-05
9240,,,,,,,,8.637410255e-05,,,8.637410255e-05
9250,,,,,,,,0.0001058898296,,,0.0001058898296
9260,,,,,,,,0.000130356194,,,0.000130356194
9270,,,,,,,,0.0001454591091,,,0.0001454591091
9280,,,,,,,,0.0001446457242,,,0.0001446457242
9290,,,,,,,,0.0001256917202,,,0.0001256917202
9300,,,,,,,,9.538280261e-05,,,9.538280261e-05
9310,,,,,,,,7.579429287e-05,,,7.579429287e-05
9320,,,,,,,,6.870364845e-05,,,6.870364845e-05
9330,,,,,,,,6.469214156e-05,,,6.469214156e-05
9340,,,,,,,,6.668243924e-05,,,6.668243924e-05
9350,,,,,,,,8.306454446e-05,,,8.306454446e-05
9360,,,,,,,,9.928826384e-05,,,9.928826384e-05
9370,,,,,,,,9.148775331e-05,,,9.148775331e-05
9380,,,,,,,,6.933450802e-05,,,6.933450802e-05
9390,,,,,,,,6.383376974e-05,,,6.383376974e-05
9400,,,,,,,,6.824565846e-05,,,6.824565846e-05
9410,,,,,,,,6.405670254e-05,,,6.405670254e-05
9420,,,,,,,,6.174263323e-05,,,6.174263323e-05
9430,,,,,,,,6.247155886e-05,,,6.247155886e-05
9440,,,,,,,,6.224060299e-05,,,6.224060299e-05
9450,,,,,,,,6.897591375e-05,,,6.897591375e-05
9460,,,,,,,,7.663702097e-05,,,7.663702097e-05
9470,,,,,,,,7.294099272e-05,,,7.294099272e-05
9480,,,,,,,,6.39736074e-05,,,6.39736074e-05
9490,,,,,,,,5.938956795e-05,,,5.938956795e-05
9500,,,,,,,,6.064784689e-05,,,6.064784689e-05
9510,,,,,,,,6.30315233e-05,,,6.30315233e-05
9520,,,,,,,,6.469675836e-05,,,6.469675836e-05
9530,,,,,,,,5.930065404e-05,,,5.930065404e-05
9540,,,,,,,,4.155562231e-05,,,4.155562231e-05
9550,,,,,,,,2.802400745e-05,,,2.802400745e-05
9560,,,,,,,,2.155536125e-05,,,2.155536125e-05
9570,,,,,,,,9.704744584e-07,,,9.704744584e-07
9580,,,,,,,,-2.216928e-05,,,-2.216928e-05
9590,,,,,,,,-1.377175561e-05,,,-1.377175561e-05
9600,,,,,,,,1.404460681e-05,,,1.404460681e-05
9610,,,,,,,,2.746659459e-05,,,2.746659459e-05
9620,,,,,,,,3.433588784e-05,,,3.433588784e-05
9630,,,,,,,,5.065308014e-05,,,5.065308014e-05
9640,,,,,,,,6.112647297e-05,,,6.112647297e-05
9650,,,,,,,,5.254355812e-05,,,5.254355812e-05
9660,,,,,,,,3.589218696e-05,,,3.589218696e-05
9670,,,,,,,,2.89257531e-05,,,2.89257531e-05
9680,,,,,,,,2.962542369e-05,,,2.962542369e-05
9690,,,,,,,,2.597133028e-05,,,2.597133028e-05
9700,,,,,,,,1.783550715e-05,,,1.783550715e-05
9710,,,,,,,,1.265562396e-05,,,1.265562396e-05
9720,,,,,,,,1.941073401e-05,,,1.941073401e-05
9730,,,,,,,,4.067170522e-05,,,4.067170522e-05
9740,,,,,,,,6.1842202e-05,,,6.1842202e-05
9750,,,,,,,,6.80847714e-05,,,6.80847714e-05
9760,,,,,,,,6.692607732e-05,,,6.692607732e-05
9770,,,,,,,,6.749042602e-05,,,6.749042602e-05
9780,,,,,,,,6.852730749e-05,,,6.852730749e-05
9790,,,,,,,,7.467093146e-05,,,7.467093146e-05
9800,,,,,,,,8.97265737e-05,,,8.97265737e-05
9810,,,,,,,,0.0001003674033,,,0.0001003674033
9820,,,,,,,,0.0001015971329,,,0.0001015971329
9830,,,,,,,,0.0001053019301,,,0.0001053019301
9840,,,,,,,,0.0001140395694,,,0.0001140395694
9850,,,,,,,,0.0001103843703,,,0.0001103843703
9860,,,,,,,,9.055154557e-05,,,9.055154557e-05
9870,,,,,,,,7.901385681e-05,,,7.901385681e-05
9880,,,,,,,,8.718798049e-05,,,8.718798049e-05
9890,,,,,,,,0.0001050734403,,,0.0001050734403
9900,,,,,,,,0.0001219820479,,,0.0001219820479
9910,,,,,,,,0.0001336554451,,,0.0001336554451
9920,,,,,,,,0.0001409629306,,,0.0001409629306
9930,,,,,,,,0.0001479909366,,,0.0001479909366
9940,,,,,,,,0.0001603530743,,,0.0001603530743
9950,,,,,,,,0.0002019859878,,,0.0002019859878
9960,,,,,,,,0.0002810407728,,,0.0002810407728
9970,,,,,,,,0.0003707327041,,,0.0003707327041
9980,,,,,,,,0.0004433647185,,,0.0004433647185
9990,,,,,,,,0.0005015000855,,,0.0005015000855
10000,,,,,,,,0.00057169985,7.063869351e-05,,0.00057169985
10010,,,,,,,,0.0006671950261,8.141277878e-05,,0.0006671950261
10020,,,,,,,,0.0007850445994,9.253228518e-05,,0.0007850445994
10030,,,,,,,,0.0009140424785,9.71794191e-05,,0.0009140424785
10040,,,,,,,,0.001061028101,0.0001017702473,,0.001061028101
10050,,,,,,,,0.001242032154,0.0001141009495,,0.001242032154
10060,,,,,,,,0.001467360902,0.0001264866775,,0.001467360902
10070,,,,,,,,0.001736548617,0.0001271569596,,0.001736548617
10080,,,,,,,,0.002048160087,0.000121084842,,0.002048160087
10090,,,,,,,,0.002409239867,0.0001230436506,,0.002409239867
10100,,,,,,,,0.002819666423,0.0001312666396,,0.002819666423
10110,,,,,,,,0.003294795537,0.0001283927581,,0.003294795537
10120,,,,,,,,0.003860952935,0.0001080958134,,0.003860952935
10130,,,,,,,,0.004547717961,8.320866526e-05,,0.004547717961
10140,,,,,,,,0.005368657543,7.319313563e-05,,0.005368657543
10150,,,,,,,,0.006335581946,8.647450723e-05,,0.006335581946
10160,,,,,,,,0.007489703689,0.0001074394493,,0.007489703689
10170,,,,,,,,0.008879791258,0.0001137729437,,0.008879791258
10180,,,,,,,,0.01054754959,0.0001044186254,,0.01054754959
10190,,,,,,,,0.01252219066,9.363793708e-05,,0.01252219066
10200,,,,,,,,0.01486384674,9.04434246e-05,,0.01486384674
10210,,,,,,,,0.01765776746,9.498760709e-05,,0.01765776746
10220,,,,,,,,0.02100320342,0.0001040925994,,0.02100320342
10230,,,,,,,,0.02501019515,0.0001172606545,,0.02501019515
10240,,,,,,,,0.02975746516,0.0001429851215,,0.02975746516
10250,,,,,,,,0.03533414695,0.0001830717042,,0.03533414695
10260,,,,,,,,0.04189323503,0.0002101158849,,0.04189323503
10270,,,,,,,,0.04966540593,0.0001998182414,,0.04966540593
10280,,,,,,,,0.05888446034,0.0001684266025,,0.05888446034
10290,,,,,,,,0.06974843923,0.0001417643593,,0.06974843923
10300,,,,,,,,0.08238811953,0.0001248962376,,0.08238811953
10310,,,,,,,,0.09684622928,0.0001168921383,,0.09684622928
10320,,,,,,,,0.1133553333,0.0001186402714,,0.1133553333
10330,,,,,,,,0.1323843692,0.0001266202487,,0.1323843692
10340,,,,,,,,0.1542133467,0.0001347739094,,0.1542133467
10350,,,,,,,,0.1787573944,0.0001358466204,,0.1787573944
10360,,,,,,,,0.2058937949,0.0001264605033,,0.2058937949
10370,,,,,,,,0.2356656433,0.0001119873505,,0.2356656433
10380,,,,,,,,0.2681822661,9.785639017e-05,,0.2681822661
10390,,,,,,,,0.3037015853,8.714574231e-05,,0.3037015853
10400,,,,,,,,0.342170196,8.391167527e-05,,0.342170196
10410,,,,,,,,0.3825827839,8.839585794e-05,,0.3825827839
10420,,,,,,,,0.4237757914,9.228287724e-05,,0.4237757914
10430,,,,,,,,0.4656457719,8.4261767e-05,,0.4656457719
10440,,,,,,,,0.5087443787,6.389068888e-05,,0.5087443787
10450,,,,,,,,0.5529242696,4.494750711e-05,,0.5529242696
10460,,,,,,,,0.5969375608,4.096075158e-05,,0.5969375608
10470,,,,,,,,0.6391540698,5.007365609e-05,,0.6391540698
10480,,,,,,,,0.6786097418,5.928917317e-05,,0.6786097418
10490,,,,,,,,0.7156779014,6.160856207e-05,,0.7156779014
10500,,,,,,,,0.7514226757,5.916491625e-05,,0.7514226757
10510,,,,,,,,0.7860586073,5.465011086e-05,,0.7860586073
10520,,,,,,,,0.8182223083,4.995347762e-05,,0.8182223083
10530,,,,,,,,0.8459769777,4.553177179e-05,,0.8459769777
10540,,,,,,,,0.8690632896,3.851004073e-05,,0.8690632896
10550,,,,,,,,0.8895415168,2.720284943e-05,,0.8895415168
10560,,,,,,,,0.9091807869,1.36613405e-05,,0.9091807869
10570,,,,,,,,0.9274870976,2.732388521e-06,,0.9274870976
10580,,,,,,,,0.9429664803,5.913311482e-07,,0.9429664803
10590,,,,,,,,0.9548620237,7.988558648e-06,,0.9548620237
10600,,,,,,,,0.9634912768,1.595298952e-05,,0.9634912768
10610,,,,,,,,0.9704900928,1.623147291e-05,,0.9704900928
10620,,,,,,,,0.9780710735,1.418941939e-05,,0.9780710735
10630,,,,,,,,0.9861438458,1.761626796e-05,,0.9861438458
10640,,,,,,,,0.9918978022,2.105030535e-05,,0.9918978022
10650,,,,,,,,0.9938368111,1.888167998e-05,,0.9938368111
10660,,,,,,,,0.9938565343,1.917844357e-05,,0.9938565343
10670,,,,,,,,0.9944638229,2.95326423e-05,,0.9944638229
10680,,,,,,,,0.996324485,4.427500546e-05,,0.996324485
10690,,,,,,,,0.9986977614,5.338956892e-05,,0.9986977614
10700,,,,,,,,1.000046782,5.5097186e-05,,1.000046782
10710,,,,,,,,0.9987504137,5.256511757e-05,,0.9987504137
10720,,,,,,,,0.995294476,4.795924452e-05,,0.995294476
10730,,,,,,,,0.9926329205,4.467338859e-05,,0.9926329205
10740,,,,,,,,0.9927513521,4.516452533e-05,,0.9927513521
10750,,,,,,,,0.9941819178,4.624198488e-05,,0.9941819178
10760,,,,,,,,0.9939977668,4.461335088e-05,,0.9939977668
10770,,,,,,,,0.9911526379,4.301996776e-05,,0.9911526379
10780,,,,,,,,0.9871449957,4.391755508e-05,,0.9871449957
10790,,,,,,,,0.9841540593,4.265851696e-05,,0.9841540593
10800,,,,,,,,0.9831709865,3.471087881e-05,,0.9831709865
10810,,,,,,,,0.9834248658,2.489897786e-05,,0.9834248658
10820,,,,,,,,0.9828857406,2.067052823e-05,,0.9828857406
10830,,,,,,,,0.979990095,2.093503119e-05,,0.979990095
10840,,,,,,,,0.9753379285,2.151874817e-05,,0.9753379285
10850,,,,,,,,0.9714227204,2.293676458e-05,,0.9714227204
10860,,,,,,,,0.9700191435,2.64774161e-05,,0.9700191435
10870,,,,,,,,0.969904156,2.91420238e-05,,0.969904156
10880,,,,,,,,0.9683298758,2.524470341e-05,,0.9683298758
10890,,,,,,,,0.9643356801,1.68353179e-05,,0.9643356801
10900,,,,,,,,0.9593026131,1.311240875e-05,,0.9593026131
10910,,,,,,,,0.955022811,1.338184267e-05,,0.955022811
10920,,,,,,,,0.9523998059,1.199637855e-05,,0.9523998059
10930,,,,,,,,0.9511806685,1.066747939e-05,,0.9511806685
10940,,,,,,,,0.9496764321,1.511057197e-05,,0.9496764321
10950,,,,,,,,0.945563358,2.98566374e-05,,0.945563358
10960,,,,,,,,0.9384526276,5.185457335e-05,,0.9384526276
10970,,,,,,,,0.9308427291,7.550643e-05,,0.9308427291
10980,,,,,,,,0.9250259822,0.0001042681778,,0.9250259822
10990,,,,,,,,0.9203445414,0.0001449856902,,0.9203445414
11000,,,,,,,,0.9144353699,0.0002016955389,,0.9144353699
11010,,,,,,,,0.9058536272,0.0002727741218,,0.9058536272
11020,,,,,,,,0.894704441,0.0003548513346,,0.894704441
11030,,,,,,,,0.8819479482,0.0004592732435,,0.8819479482
11040,,,,,,,,0.8689170851,0.0006017375497,,0.8689170851
11050,,,,,,,,0.8564282985,0.0007881852079,,0.8564282985
11060,,,,,,,,0.8434335545,0.001019266935,,0.8434335545
11070,,,,,,,,0.8275964644,0.00129197587,,0.8275964644
11080,,,,,,,,0.8079392778,0.00160717142,,0.8079392778
11090,,,,,,,,0.7860073399,0.001981001598,,0.7860073399
11100,,,,,,,,0.7640060906,0.002432799757,,0.7640060906
11110,,,,,,,,0.7425705368,0.002980863895,,0.7425705368
11120,,,,,,,,0.7205192305,0.003631229006,,0.7205192305
11130,,,,,,,,0.6963146094,0.00437567715,,0.6963146094
11140,,,,,,,,0.6694024573,0.005210934197,,0.6694024573
11150,,,,,,,,0.6404131672,0.006145529214,,0.6404131672
11160,,,,,,,,0.6107249838,0.00719456071,,0.6107249838
11170,,,,,,,,0.5817421974,0.008389615198,,0.5817421974
11180,,,,,,,,0.5538485892,0.009754436325,,0.5538485892
11190,,,,,,,,0.5261158595,0.01128451984,,0.5261158595
11200,,,,,,,,0.4973457576,0.01295687134,,0.4973457576
11210,,,,,,,,0.4674306854,0.01476098623,,0.4674306854
11220,,,,,,,,0.4375835886,0.01673408917,,0.4375835886
11230,,,,,,,,0.4090792056,0.01894256116,,0.4090792056
11240,,,,,,,,0.3820886121,0.02141691265,,0.3820886121
11250,,,,,,,,0.3560328844,0.0241489275,,0.3560328844
11260,,,,,,,,0.3304535804,0.02712683617,,0.3304535804
11270,,,,,,,,0.3051977536,0.03034365904,,0.3051977536
11280,,,,,,,,0.2804254584,0.03381419272,,0.2804254584
11290,,,,,,,,0.256616392,0.03758604127,,0.256616392
11300,,,,,,,,0.2343335822,0.04175265841,,0.2343335822
11310,,,,,,,,0.2137393201,0.04640449543,,0.2137393201
11320,,,,,,,,0.1944149046,0.05152336887,,0.1944149046
11330,,,,,,,,0.175846155,0.05699284786,,0.175846155
11340,,,,,,,,0.1580427371,0.06277519313,,0.1580427371
11350,,,,,,,,0.1414089572,0.06898606955,,0.1414089572
11360,,,,,,,,0.1262341796,0.07580308519,,0.1262341796
11370,,,,,,,,0.1125297097,0.08335351364,,0.1125297097
11380,,,,,,,,0.1001592086,0.09167787437,,0.1001592086
11390,,,,,,,,0.08892215098,0.1007400639,,0.08892215098
11400,,,,,,,,0.07864601539,0.1104402715,,0.07864601539
11410,,,,,,,,0.0692478595,0.120680299,,0.0692478595
11420,,,,,,,,0.06075539675,0.1315566446,,0.06075539675
11430,,,,,,,,0.05326655079,0.1434524951,,0.05326655079
11440,,,,,,,,0.04677208579,0.156730681,,0.04677208579
11450,,,,,,,,0.0411057841,0.1713948264,,0.0411057841
11460,,,,,,,,0.03608241464,0.1871123023,,0.03608241464
11470,,,,,,,,0.0315996425,0.2035545739,,0.0315996425
11480,,,,,,,,0.02761743099,0.2207119905,,0.02761743099
11490,,,,,,,,0.02412999521,0.2388862365,,0.02412999521
11500,,,,,,,,0.02110618491,0.2584056223,,0.02110618491
11510,,,,,,,,0.01848090018,0.2794344831,,0.01848090018
11520,,,,,,,,0.01619610048,0.3019063181,,0.01619610048
11530,,,,,,,,0.01419744759,0.3254268685,,0.01419744759
11540,,,,,,,,0.0124318596,0.3494047205,,0.0124318596
11550,,,,,,,,0.01087324773,0.3735319106,,0.01087324773
11560,,,,,,,,0.009517441667,0.3981660018,,0.009517441667
11570,,,,,,,,0.00835071655,0.4240870234,,0.00835071655
11580,,,,,,,,0.007351706304,0.4516717122,,0.007351706304
11590,,,,,,,,0.006483319231,0.4803188215,,0.006483319231
11600,,,,,,,,0.005712151807,0.5089514546,,0.005712151807
11610,,,,,,,,0.005032855708,0.5369550764,,0.005032855708
11620,,,,,,,,0.004444283656,0.5643944922,,0.004444283656
11630,,,,,,,,0.00393277808,0.5916296594,,0.00393277808
11640,,,,,,,,0.003484850476,0.6191071157,,0.003484850476
11650,,,,,,,,0.003090939993,0.647199724,,0.003090939993
11660,,,,,,,,0.002737446972,0.6757010359,,0.002737446972
11670,,,,,,,,0.002420914706,0.7033690045,,0.002420914706
11680,,,,,,,,0.002139787856,0.7285034101,,0.002139787856
11690,,,,,,,,0.001888312621,0.7504420262,,0.001888312621
11700,,,,,,,,0.001668027364,0.7703730531,,0.001668027364
11710,,,,,,,,0.001477988144,0.7901676425,,0.001477988144
11720,,,,,,,,0.001309870417,0.8104988026,,0.001309870417
11730,,,,,,,,0.001158530277,0.8304454095,,0.001158530277
11740,,,,,,,,0.001025888476,0.8486774975,,0.001025888476
11750,,,,,,,,0.0009100497706,0.8644291685,,0.0009100497706
11760,,,,,,,,0.000811261472,0.8776711975,,0.000811261472
11770,,,,,,,,0.0007286684531,0.8890191989,,0.0007286684531
11780,,,,,,,,0.0006504772983,0.8996817976,,0.0006504772983
11790,,,,,,,,0.0005682492042,0.9109542381,,0.0005682492042
11800,,,,,,,,0.0004815328478,0.9231810443,,0.0004815328478
11810,,,,,,,,0.0003936972941,0.9350565061,,0.0003936972941
11820,,,,,,,,0.0003130993274,0.9445243986,,0.0003130993274
11830,,,,,,,,0.0002532775276,0.9508275003,,0.0002532775276
11840,,,,,,,,0.0002207495293,0.9552455346,,0.0002207495293
11850,,,,,,,,0.0002107882654,0.959868733,,0.0002107882654
11860,,,,,,,,0.0002137860699,0.9659196939,,0.0002137860699
11870,,,,,,,,0.0002137480506,0.9730838488,,0.0002137480506
11880,,,,,,,,0.0001988043396,0.9801323698,,0.0001988043396
11890,,,,,,,,0.0001721742061,0.9857491959,,0.0001721742061
11900,,,,,,,,0.0001576391721,0.988946026,,0.0001576391721
11910,,,,,,,,0.000207706096,0.9893164368,,0.000207706096
11920,,,,,,,,0.0003855822696,0.9876208976,,0.0003855822696
11930,,,,,,,,0.0006903952394,0.985967991,,0.0006903952394
11940,,,,,,,,0.0009932054735,0.9867500786,,0.0009932054735
11950,,,,,,,,0.001104514114,0.9906947529,,0.001104514114
11960,,,,,,,,0.0009443641138,0.9959621558,,0.0009443641138
11970,,,,,,,,0.0006224188664,0.9995089847,,0.0006224188664
11980,,,,,,,,0.0003228373888,0.999602494,,0.0003228373888
11990,,,,,,,,0.0001417061071,0.9969384376,,0.0001417061071
12000,,,,,,,,5.651338862e-05,0.9933828965,,5.651338862e-05
12010,,,,,,,,1.227771345e-05,0.9901782472,,1.227771345e-05
12020,,,,,,,,-2.067190481e-05,0.9875346836,,-2.067190481e-05
12030,,,,,,,,-4.613437908e-05,0.9848788854,,-4.613437908e-05
12040,,,,,,,,-6.102442907e-05,0.981119448,,-6.102442907e-05
12050,,,,,,,,-6.595021347e-05,0.9753276616,,-6.595021347e-05
12060,,,,,,,,-6.573709402e-05,0.9675948382,,-6.573709402e-05
12070,,,,,,,,-6.374559575e-05,0.9594448833,,-6.374559575e-05
12080,,,,,,,,-5.698818368e-05,0.9530602576,,-5.698818368e-05
12090,,,,,,,,-4.052251434e-05,0.949578597,,-4.052251434e-05
12100,,,,,,,,-1.475361332e-05,0.9482147883,,-1.475361332e-05
12110,,,,,,,,1.218410602e-05,0.9470349196,,1.218410602e-05
12120,,,,,,,,2.985368379e-05,0.9445956911,,2.985368379e-05
12130,,,,,,,,3.51441752e-05,0.940957421,,3.51441752e-05
12140,,,,,,,,3.398245116e-05,0.9373339829,,3.398245116e-05
12150,,,,,,,,3.349104225e-05,0.9350690075,,3.349104225e-05
12160,,,,,,,,3.578222109e-05,0.9349018977,,3.578222109e-05
12170,,,,,,,,3.847539352e-05,0.9367639918,,3.847539352e-05
12180,,,,,,,,3.886129644e-05,0.9397312847,,3.886129644e-05
12190,,,,,,,,3.6249437e-05,0.9421667682,,3.6249437e-05
12200,,,,,,,,3.147577364e-05,0.9425673008,,3.147577364e-05
12210,,,,,,,,2.625730216e-05,0.9404862583,,2.625730216e-05
12220,,,,,,,,2.389924244e-05,0.9367615999,,2.389924244e-05
12230,,,,,,,,2.940568046e-05,0.9331316694,,2.940568046e-05
12240,,,,,,,,4.511989188e-05,0.9308967613,,4.511989188e-05
12250,,,,,,,,6.556319883e-05,0.9296403349,,6.556319883e-05
12260,,,,,,,,7.964666032e-05,0.9275808473,,7.964666032e-05
12270,,,,,,,,7.923110841e-05,0.922995082,,7.923110841e-05
12280,,,,,,,,6.594737639e-05,0.9152930551,,6.594737639e-05
12290,,,,,,,,4.961004052e-05,0.9050609372,,4.961004052e-05
12300,,,,,,,,3.958902021e-05,0.8934352757,,3.958902021e-05
12310,,,,,,,,3.798636658e-05,0.8814971801,,3.798636658e-05
12320,,,,,,,,4.070754162e-05,0.869889576,,4.070754162e-05
12330,,,,,,,,4.324149597e-05,0.8585100385,,4.324149597e-05
12340,,,,,,,,4.425145905e-05,0.8463381894,,4.425145905e-05
12350,,,,,,,,4.462098102e-05,0.8317764085,,4.462098102e-05
12360,,,,,,,,4.572622398e-05,0.8136633203,,4.572622398e-05
12370,,,,,,,,4.83689941e-05,0.7922372072,,4.83689941e-05
12380,,,,,,,,5.202253175e-05,0.769041697,,5.202253175e-05
12390,,,,,,,,5.486568049e-05,0.745654169,,5.486568049e-05
12400,,,,,,,,5.418569681e-05,0.7225278973,,5.418569681e-05
12410,,,,,,,,4.777317099e-05,0.6989759859,,4.777317099e-05
12420,,,,,,,,3.659339101e-05,0.6739825139,,3.659339101e-05
12430,,,,,,,,2.599400693e-05,0.646942421,,2.599400693e-05
12440,,,,,,,,2.300129371e-05,0.6178911974,,2.300129371e-05
12450,,,,,,,,3.10093205e-05,0.5874383794,,3.10093205e-05
12460,,,,,,,,4.739873996e-05,0.5565625136,,4.739873996e-05
12470,,,,,,,,6.594590654e-05,0.5263063385,,6.594590654e-05
12480,,,,,,,,8.055134042e-05,0.4973833856,,8.055134042e-05
12490,,,,,,,,8.751221524e-05,0.4698263876,,8.751221524e-05
12500,,,,,,,,8.601256026e-05,0.4430346096,,8.601256026e-05
12510,,,,,,,,7.803332866e-05,0.4163271535,,7.803332866e-05
12520,,,,,,,,6.758859834e-05,0.3895407314,,6.758859834e-05
12530,,,,,,,,5.949406659e-05,0.3631783383,,5.949406659e-05
12540,,,,,,,,5.831757393e-05,0.3380122908,,5.831757393e-05
12550,,,,,,,,6.706201295e-05,0.3145997337,,6.706201295e-05
12560,,,,,,,,8.540749017e-05,0.2930786965,,8.540749017e-05
12570,,,,,,,,0.0001085545457,0.2731950571,,0.0001085545457
12580,,,,,,,,0.0001290296858,0.2545284786,,0.0001290296858
12590,,,,,,,,0.0001405658875,0.2367585702,,0.0001405658875
12600,,,,,,,,0.0001404830063,0.2197631537,,0.0001404830063
12610,,,,,,,,0.000129661111,0.2035948937,,0.000129661111
12620,,,,,,,,0.0001119011148,0.1884172875,,0.0001119011148
12630,,,,,,,,9.417208324e-05,0.1744297261,,9.417208324e-05
12640,,,,,,,,8.50626414e-05,0.1617644606,,8.50626414e-05
12650,,,,,,,,9.007025454e-05,0.1503584144,,9.007025454e-05
12660,,,,,,,,,0.1399465611,,
12670,,,,,,,,,0.1302122332,,
12680,,,,,,,,,0.1209446213,,
12690,,,,,,,,,0.11211088,,
12700,,,,,,,,,0.1038331448,,
12710,,,,,,,,,0.09626394798,,
12720,,,,,,,,,0.0894533466,,
12730,,,,,,,,,0.08332865072,,
12740,,,,,,,,,0.0777552877,,
12750,,,,,,,,,0.07259614818,,
12760,,,,,,,,,0.06774210047,,
12770,,,,,,,,,0.06312551753,,
12780,,,,,,,,,0.05874065977,,
12790,,,,,,,,,0.0546418127,,
12800,,,,,,,,,0.05089267658,,
12810,,,,,,,,,0.04751873783,,
12820,,,,,,,,,0.04448771233,,
12830,,,,,,,,,0.04171058889,,
12840,,,,,,,,,0.03908727393,,
12850,,,,,,,,,0.03656617074,,
12860,,,,,,,,,0.03415649729,,
12870,,,,,,,,,0.0318929633,,
12880,,,,,,,,,0.02980216125,,
12890,,,,,,,,,0.02789511347,,
12900,,,,,,,,,0.02616642137,,
12910,,,,,,,,,0.02459148953,,
12920,,,,,,,,,0.02313384188,,
12930,,,,,,,,,0.02175560598,,
12940,,,,,,,,,0.0204291038,,
12950,,,,,,,,,0.01914779164,,
12960,,,,,,,,,0.01792782319,,
12970,,,,,,,,,0.01679798887,,
12980,,,,,,,,,0.01577642696,,
12990,,,,,,,,,0.01485539932,,
13000,,,,,,,,,0.01400998224,,
13010,,,,,,,,,0.01321285976,,
13020,,,,,,,,,0.01244499555,,
13030,,,,,,,,,0.01169753754,,
13040,,,,,,,,,0.01097305887,,
13050,,,,,,,,,0.01028584006,,
13060,,,,,,,,,0.009649154649,,
13070,,,,,,,,,0.00906695137,,
13080,,,,,,,,,0.008536386304,,
13090,,,,,,,,,0.008047659154,,
13100,,,,,,,,,0.007586679849,,
13110,,,,,,,,,0.007140697187,,
13120,,,,,,,,,0.006704624537,,
13130,,,,,,,,,0.006284305714,,
13140,,,,,,,,,0.00588787804,,
13150,,,,,,,,,0.005518899189,,
13160,,,,,,,,,0.005177812342,,
13170,,,,,,,,,0.004862023019,,
13180,,,,,,,,,0.004565783868,,
13190,,,,,,,,,0.004283797603,,
13200,,,,,,,,,0.004014404404,,
13210,,,,,,,,,0.003756993497,,
13220,,,,,,,,,0.003509887652,,
13230,,,,,,,,,0.00327240344,,
13240,,,,,,,,,0.00304659885,,
13250,,,,,,,,,0.00283636989,,
13260,,,,,,,,,0.002642398414,,
13270,,,,,,,,,0.002461177943,,
13280,,,,,,,,,0.002289537392,,
13290,,,,,,,,,0.00212542463,,
13300,,,,,,,,,0.001967571232,,
13310,,,,,,,,,0.001816460463,,
13320,,,,,,,,,0.001673900278,,
13330,,,,,,,,,0.001540967914,,
13340,,,,,,,,,0.001416730856,,
13350,,,,,,,,,0.001299517552,,
13360,,,,,,,,,0.001188579783,,
13370,,,,,,,,,0.001084234489,,
13380,,,,,,,,,0.0009859137978,,
13390,,,,,,,,,0.0008926177878,,
13400,,,,,,,,,0.0008054570819,,
13410,,,,,,,,,0.000726412856,,
13420,,,,,,,,,0.0006559596185,,
13430,,,,,,,,,0.0005927344029,,
13440,,,,,,,,,0.0005346700028,,
13450,,,,,,,,,0.0004802697059,,
13460,,,,,,,,,0.0004290671926,,
13470,,,,,,,,,0.0003815240552,,
13480,,,,,,,,,0.0003385967343,,
13490,,,,,,,,,0.0003011153258,,
13500,,,,,,,,,0.0002685715379,,
13510,,,,,,,,,0.0002394465369,,
13520,,,,,,,,,0.0002129232373,,
13530,,,,,,,,,0.0001888618086,,
13540,,,,,,,,,0.0001665983299,,
13550,,,,,,,,,0.0001446814052,,
13560,,,,,,,,,0.0001218758305,,
13570,,,,,,,,,9.814757582e-05,,
13580,,,,,,,,,7.513252082e-05,,
13590,,,,,,,,,5.55873007e-05,,
13600,,,,,,,,,4.188566878e-05,,
13610,,,,,,,,,3.469673734e-05,,
13620,,,,,,,,,3.265171442e-05,,
13630,,,,,,,,,3.331341333e-05,,
13640,,,,,,,,,3.470462119e-05,,
13650,,,,,,,,,3.604313341e-05,,
13660,,,,,,,,,3.712972602e-05,,
13670,,,,,,,,,3.801887783e-05,,
13680,,,,,,,,,3.941190243e-05,,
13690,,,,,,,,,4.229036028e-05,,
13700,,,,,,,,,4.691900605e-05,,
13710,,,,,,,,,5.236172947e-05,,
13720,,,,,,,,,5.679285738e-05,,
13730,,,,,,,,,5.826376275e-05,,
13740,,,,,,,,,5.559403206e-05,,
13750,,,,,,,,,4.886879931e-05,,
13760,,,,,,,,,3.952351035e-05,,
13770,,,,,,,,,2.997703831e-05,,
13780,,,,,,,,,2.250669801e-05,,
13790,,,,,,,,,1.806307247e-05,,
13800,,,,,,,,,1.623870772e-05,,
13810,,,,,,,,,1.605576078e-05,,
13820,,,,,,,,,1.648137167e-05,,
13830,,,,,,,,,1.673515924e-05,,
13840,,,,,,,,,1.664038275e-05,,
13850,,,,,,,,,1.671495427e-05,,
13860,,,,,,,,,1.785388881e-05,,
13870,,,,,,,,,2.072964362e-05,,
13880,,,,,,,,,2.524872303e-05,,
13890,,,,,,,,,3.066791898e-05,,
13900,,,,,,,,,3.617016166e-05,,
13910,,,,,,,,,4.102095675e-05,,
13920,,,,,,,,,4.445081325e-05,,
13930,,,,,,,,,4.591760814e-05,,
13940,,,,,,,,,4.556286584e-05,,
13950,,,,,,,,,4.430939542e-05,,
13960,,,,,,,,,4.341373653e-05,,
13970,,,,,,,,,4.362140246e-05,,
13980,,,,,,,,,4.460901879e-05,,
13990,,,,,,,,,4.517982041e-05,,
14000,,,,,,,,,4.39762076e-05,,
