wavelength,S1,S2,S3,S4,S5,S6,S7,S8,S9,F1,F2
515,0.001423070438,,,,,,,,,,
515.02,0.0015141837,,,,,,,,,,
515.04,0.001610197709,,,,,,,,,,
515.06,0.001709643202,,,,,,,,,,
515.08,0.001810951882,,,,,,,,,,
515.1,0.001912477174,,,,,,,,,,
515.12,0.002012523714,,,,,,,,,,
515.14,0.002109343067,,,,,,,,,,
515.16,0.002201187406,,,,,,,,,,
515.18,0.002286229612,,,,,,,,,,
515.2,0.002362575655,,,,,,,,,,
515.22,0.002428235747,,,,,,,,,,
515.24,0.002481130503,,,,,,,,,,
515.26,0.002519092412,,,,,,,,,,
515.28,0.002539885652,,,,,,,,,,
515.3,0.002541288093,,,,,,,,,,
515.32,0.002521179139,,,,,,,,,,
515.34,0.002477728538,,,,,,,,,,
515.36,0.002409538958,,,,,,,,,,
515.38,0.002315852145,,,,,,,,,,
515.4,0.002196733918,,,,,,,,,,
515.42,0.002053237977,,,,,,,,,,
515.44,0.001887559432,,,,,,,,,,
515.46,0.001703064763,,,,,,,,,,
515.48,0.001504271918,,,,,,,,,,
515.5,0.001296709506,,,,,,,,,,
515.52,0.001086755501,,,,,,,,,,
515.54,0.0008813371056,,,,,,,,,,
515.56,0.0006875828042,,,,,,,,,,
515.58,0.0005124447475,,,,,,,,,,
515.6,0.0003623149574,,,,,,,,,,
515.62,0.000242736982,,,,,,,,,,
515.64,0.0001580577501,,,,,,,,,,
515.66,0.0001112308859,,,,,,,,,,
515.68,0.0001036712041,,,,,,,,,,
515.7,0.0001352818314,,,,,,,,,,
515.72,0.0002044810107,,,,,,,,,,
515.74,0.0003083307606,,,,,,,,,,
515.76,0.000442743604,,,,,,,,,,
515.78,0.0006027208716,,,,,,,,,,
515.8,0.0007826731676,,,,,,,,,,
515.82,0.0009766194324,,,,,,,,,,
515.84,0.001178481288,,,,,,,,,,
515.86,0.001382318997,,,,,,,,,,
515.88,0.001582589375,,,,,,,,,,
515.9,0.001774294941,,,,,,,,,,
515.92,0.001953132483,,,,,,,,,,
515.94,0.002115619949,,,,,,,,,,
515.96,0.002259166692,,,,,,,,,,
515.98,0.002382147084,,,,,,,,,,
516,0.002483836693,,,,,,,,,,
516.02,0.002564397877,,,,,,,,,,
516.04,0.002624788339,,,,,,,,,,
516.06,0.002666673131,,,,,,,,,,
516.08,0.002692261822,,,,,,,,,,
516.1,0.002704138829,,,,,,,,,,
516.12,0.0027051089,,,,,,,,,,
516.14,0.002698004295,,,,,,,,,,
516.16,0.002685611894,,,,,,,,,,
516.18,0.002670458892,,,,,,,,,,
516.2,0.00265474821,,,,,,,,,,
516.22,0.00264027183,,,,,,,,,,
516.24,0.002628409094,,,,,,,,,,
516.26,0.002620117163,,,,,,,,,,
516.28,0.002615917589,,,,,,,,,,
516.3,0.002615948548,,,,,,,,,,
516.32,0.002619964479,,,,,,,,,,
516.34,0.002627493765,,,,,,,,,,
516.36,0.00263776545,,,,,,,,,,
516.38,0.002649785123,,,,,,,,,,
516.4,0.002662341374,,,,,,,,,,
516.42,0.002674057829,,,,,,,,,,
516.44,0.002683411231,,,,,,,,,,
516.46,0.002688716195,,,,,,,,,,
516.48,0.002688167235,,,,,,,,,,
516.5,0.002679835622,,,,,,,,,,
516.52,0.002661807556,,,,,,,,,,
516.54,0.002632161175,,,,,,,,,,
516.56,0.002589076953,,,,,,,,,,
516.58,0.002530913428,,,,,,,,,,
516.6,0.002456323801,,,,,,,,,,
516.62,0.002364371361,,,,,,,,,,
516.64,0.00225460329,,,,,,,,,,
516.66,0.002127141395,,,,,,,,,,
516.68,0.001982710691,,,,,,,,,,
516.7,0.00182273179,,,,,,,,,,
516.72,0.001649269347,,,,,,,,,,
516.74,0.001465000071,,,,,,,,,,
516.76,0.001273117047,,,,,,,,,,
516.78,0.001077230048,,,,,,,,,,
516.8,0.0008812540714,,,,,,,,,,
516.82,0.0006892369355,,,,,,,,,,
516.84,0.0005052081136,,,,,,,,,,
516.86,0.0003330047645,,,,,,,,,,
516.88,0.0001761984011,,,,,,,,,,
516.9,3.793133635e-05,,,,,,,,,,
516.92,-7.917379378e-05,,,,,,,,,,
516.94,-0.000173106564,,,,,,,,,,
516.96,-0.0002425032363,,,,,,,,,,
516.98,-0.0002866836251,,,,,,,,,,
517,-0.0003056945669,,,,,,,,,,
517.02,-0.0003003142979,,,,,,,,,,
517.04,-0.0002720501066,,,,,,,,,,
517.06,-0.0002230713191,,,,,,,,,,
517.08,-0.0001561941911,,,,,,,,,,
517.1,-7.478750056e-05,,,,,,,,,,
517.12,1.733612085e-05,,,,,,,,,,
517.14,0.000116081324,,,,,,,,,,
517.16,0.0002172252852,,,,,,,,,,
517.18,0.0003166080118,,,,,,,,,,
517.2,0.000410336334,,,,,,,,,,
517.22,0.0004949855581,,,,,,,,,,
517.24,0.0005677781328,,,,,,,,,,
517.26,0.0006267229999,,,,,,,,,,
517.28,0.0006707249358,,,,,,,,,,
517.3,0.0006996351432,,,,,,,,,,
517.32,0.000714251465,,,,,,,,,,
517.34,0.0007162443204,,,,,,,,,,
517.36,0.0007080467632,,,,,,,,,,
517.38,0.0006926994117,,,,,,,,,,
517.4,0.0006736713299,,,,,,,,,,
517.42,0.0006546685455,,,,,,,,,,
517.44,0.0006394221861,,,,,,,,,,
517.46,0.0006315143914,,,,,,,,,,
517.48,0.0006342058291,,,,,,,,,,
517.5,0.0006503503151,,,,,,,,,,
517.52,0.0006822532828,,,,,,,,,,
517.54,0.0007316208268,,,,,,,,,,
517.56,0.0007995180882,,,,,,,,,,
517.58,0.0008863807691,,,,,,,,,,
517.6,0.0009920142043,,,,,,,,,,
517.62,0.001115578018,,,,,,,,,,
517.64,0.001255625159,,,,,,,,,,
517.66,0.001410107107,,,,,,,,,,
517.68,0.001576481573,,,,,,,,,,
517.7,0.001751660075,,,,,,,,,,
517.72,0.001932106835,,,,,,,,,,
517.74,0.002113907718,,,,,,,,,,
517.76,0.002292917382,,,,,,,,,,
517.78,0.00246485562,,,,,,,,,,
517.8,0.002625460211,,,,,,,,,,
517.82,0.002770675051,,,,,,,,,,
517.84,0.002896828437,,,,,,,,,,
517.86,0.003000842444,,,,,,,,,,
517.88,0.003080326943,,,,,,,,,,
517.9,0.003133721744,,,,,,,,,,
517.92,0.003160338076,,,,,,,,,,
517.94,0.003160401058,,,,,,,,,,
517.96,0.003134948081,,,,,,,,,,
517.98,0.003085717262,,,,,,,,,,
518,0.003014976906,,,,,,,,,,
518.02,0.002925326009,,,,,,,,,,
518.04,0.002819514136,,,,,,,,,,
518.06,0.002700210327,,,,,,,,,,
518.08,0.002569854842,,,,,,,,,,
518.1,0.002430510132,,,,,,,,,,
518.12,0.002283881211,,,,,,,,,,
518.14,0.002131282639,,,,,,,,,,
518.16,0.00197373236,,,,,,,,,,
518.18,0.001812064505,,,,,,,,,,
518.2,0.00164711322,,,,,,,,,,
518.22,0.00147991004,,,,,,,,,,
518.24,0.001311814167,,,,,,,,,,
518.26,0.001144632826,,,,,,,,,,
518.28,0.0009806547208,,,,,,,,,,
518.3,0.000822704826,,,,,,,,,,
518.32,0.0006739908413,,,,,,,,,,
518.34,0.0005379477573,,,,,,,,,,
518.36,0.0004179878386,,,,,,,,,,
518.38,0.000317292192,,,,,,,,,,
518.4,0.0002385202649,,,,,,,,,,
518.42,0.0001835609485,,,,,,,,,,
518.44,0.0001533382457,,,,,,,,,,
518.46,0.000147705168,,,,,,,,,,
518.48,0.0001654387693,,,,,,,,,,
518.5,0.0002042701633,,,,,,,,,,
518.52,0.000261049449,,,,,,,,,,
518.54,0.0003319551095,,,,,,,,,,
518.56,0.0004128246811,,,,,,,,,,
518.58,0.0004994013634,,,,,,,,,,
518.6,0.0005876517574,,,,,,,,,,
518.62,0.0006740284882,,,,,,,,,,
518.64,0.0007557120423,,,,,,,,,,
518.66,0.0008307376423,,,,,,,,,,
518.68,0.0008980590042,,,,,,,,,,
518.7,0.0009575375571,,,,,,,,,,
518.72,0.001009856197,,,,,,,,,,
518.74,0.001056369183,,,,,,,,,,
518.76,0.001098868592,,,,,,,,,,
518.78,0.00113936355,,,,,,,,,,
518.8,0.001179828559,,,,,,,,,,
518.82,0.001222013896,,,,,,,,,,
518.84,0.001267213007,,,,,,,,,,
518.86,0.001316142682,,,,,,,,,,
518.88,0.001368862573,,,,,,,,,,
518.9,0.001424786416,,,,,,,,,,
518.92,0.001482722374,,,,,,,,,,
518.94,0.001540969961,,,,,,,,,,
518.96,0.001597471217,,,,,,,,,,
518.98,0.001649969776,,,,,,,,,,
519,0.001696207255,,,,,,,,,,
519.02,0.00173403829,,,,,,,,,,
519.04,0.001761577024,,,,,,,,,,
519.06,0.001777276351,,,,,,,,,,
519.08,0.001780024521,,,,,,,,,,
519.1,0.001769142708,,,,,,,,,,
519.12,0.001744398664,,,,,,,,,,
519.14,0.001705989919,,,,,,,,,,
519.16,0.001654537126,,,,,,,,,,
519.18,0.001591074089,,,,,,,,,,
519.2,0.001517017334,,,,,,,,,,
519.22,0.001434156965,,,,,,,,,,
519.24,0.001344625619,,,,,,,,,,
519.26,0.001250916598,,,,,,,,,,
519.28,0.001155799987,,,,,,,,,,
519.3,0.001062270675,,,,,,,,,,
519.32,0.0009734376404,,,,,,,,,,
519.34,0.0008924679569,,,,,,,,,,
519.36,0.0008224292068,,,,,,,,,,
519.38,0.0007661668579,,,,,,,,,,
519.4,0.0007261778651,,,,,,,,,,
519.42,0.0007045410817,,,,,,,,,,
519.44,0.0007028538097,,,,,,,,,,
519.46,0.0007221641098,,,,,,,,,,
519.48,0.0007629756445,,,,,,,,,,
519.5,0.0008252609521,,,,,,,,,,
519.52,0.0009085560584,,,,,,,,,,
519.54,0.001011921914,,,,,,,,,,
519.56,0.00113401042,,,,,,,,,,
519.58,0.001273065298,,,,,,,,,,
519.6,0.001427006572,,,,,,,,,,
519.62,0.001593342769,,,,,,,,,,
519.64,0.001769188521,,,,,,,,,,
519.66,0.001951260914,,,,,,,,,,
519.68,0.002135944093,,,,,,,,,,
519.7,0.002319313932,,,,,,,,,,
519.72,0.002497219395,,,,,,,,,,
519.74,0.002665434401,,,,,,,,,,
519.76,0.002819832978,,,,,,,,,,
519.78,0.002956609917,,,,,,,,,,
519.8,0.003072422611,,,,,,,,,,
519.82,0.003164603346,,,,,,,,,,
519.84,0.003231277814,,,,,,,,,,
519.86,0.00327151225,,,,,,,,,,
519.88,0.003285260606,,,,,,,,,,
519.9,0.003273337332,,,,,,,,,,
519.92,0.003237278491,,,,,,,,,,
519.94,0.003179195584,,,,,,,,,,
519.96,0.003101552423,,,,,,,,,,
519.98,0.003006938808,,,,,,,,,,
520,0.002897875764,,,,,,,,,,
520.02,0.002776653731,,,,,,,,,,
520.04,0.00264527554,,,,,,,,,,
520.06,0.00250539579,,,,,,,,,,
520.08,0.002358385143,,,,,,,,,,
520.1,0.002205392139,,,,,,,,,,
520.12,0.002047590906,,,,,,,,,,
520.14,0.001886279312,,,,,,,,,,
520.16,0.001723062361,,,,,,,,,,
520.18,0.00155994954,,,,,,,,,,
520.2,0.001399491397,,,,,,,,,,
520.22,0.001244764157,,,,,,,,,,
520.24,0.001099289346,,,,,,,,,,
520.26,0.0009668825544,,,,,,,,,,
520.28,0.0008514769188,,,,,,,,,,
520.3,0.0007569079212,,,,,,,,,,
520.32,0.0006866063773,,,,,,,,,,
520.34,0.0006433526681,,,,,,,,,,
520.36,0.0006290380132,,,,,,,,,,
520.38,0.0006445550853,,,,,,,,,,
520.4,0.0006896004052,,,,,,,,,,
520.42,0.000762657365,,,,,,,,,,
520.44,0.0008609995037,,,,,,,,,,
520.46,0.0009808719082,,,,,,,,,,
520.48,0.001117573666,,,,,,,,,,
520.5,0.001265699693,,,,,,,,,,
520.52,0.001419385618,,,,,,,,,,
520.54,0.001572624229,,,,,,,,,,
520.56,0.001719513046,,,,,,,,,,
520.58,0.001854523026,,,,,,,,,,
520.6,0.001972747692,,,,,,,,,,
520.62,0.002070118881,,,,,,,,,,
520.64,0.002143560323,,,,,,,,,,
520.66,0.002191064481,,,,,,,,,,
520.68,0.002211740664,,,,,,,,,,
520.7,0.002205781621,,,,,,,,,,
520.72,0.002174411999,,,,,,,,,,
520.74,0.002119732649,,,,,,,,,,
520.76,0.002044580708,,,,,,,,,,
520.78,0.001952336569,,,,,,,,,,
520.8,0.001846783282,,,,,,,,,,
520.82,0.001731909211,,,,,,,,,,
520.84,0.001611764346,,,,,,,,,,
520.86,0.001490319155,,,,,,,,,,
520.88,0.00137139335,,,,,,,,,,
520.9,0.001258581882,,,,,,,,,,
520.92,0.001155186113,,,,,,,,,,
520.94,0.001064170932,,,,,,,,,,
520.96,0.0009881405596,,,,,,,,,,
520.98,0.0009293427088,,,,,,,,,,
521,0.0008895869013,,,,,,,,,,
521.02,0.0008702206031,,,,,,,,,,
521.04,0.0008720730592,,,,,,,,,,
521.06,0.0008954986505,,,,,,,,,,
521.08,0.0009402659249,,,,,,,,,,
521.1,0.001005578796,,,,,,,,,,
521.12,0.001090061294,,,,,,,,,,
521.14,0.001191880789,,,,,,,,,,
521.16,0.001308720989,,,,,,,,,,
521.18,0.001437891838,,,,,,,,,,
521.2,0.001576419294,,,,,,,,,,
521.22,0.001721216931,,,,,,,,,,
521.24,0.001869154726,,,,,,,,,,
521.26,0.002017172204,,,,,,,,,,
521.28,0.002162385432,,,,,,,,,,
521.3,0.002302202936,,,,,,,,,,
521.32,0.002434381482,,,,,,,,,,
521.34,0.002557036335,,,,,,,,,,
521.36,0.002668678078,,,,,,,,,,
521.38,0.002768208648,,,,,,,,,,
521.4,0.002854937058,,,,,,,,,,
521.42,0.002928478125,,,,,,,,,,
521.44,0.002988743575,,,,,,,,,,
521.46,0.003035864612,,,,,,,,,,
521.48,0.003070239691,,,,,,,,,,
521.5,0.00309240058,,,,,,,,,,
521.52,0.003103031139,,,,,,,,,,
521.54,0.00310292637,,,,,,,,,,
521.56,0.003093063887,,,,,,,,,,
521.58,0.003074548021,,,,,,,,,,
521.6,0.003048627275,,,,,,,,,,
521.62,0.003016679905,,,,,,,,,,
521.64,0.002980248659,,,,,,,,,,
521.66,0.002940999089,,,,,,,,,,
521.68,0.002900641841,,,,,,,,,,
521.7,0.002860861467,,,,,,,,,,
521.72,0.002823233281,,,,,,,,,,
521.74,0.002789155865,,,,,,,,,,
521.76,0.002759671517,,,,,,,,,,
521.78,0.002735380598,,,,,,,,,,
521.8,0.002716326819,,,,,,,,,,
521.82,0.002702026874,,,,,,,,,,
521.84,0.002691352523,,,,,,,,,,
521.86,0.002682591656,,,,,,,,,,
521.88,0.002673475574,,,,,,,,,,
521.9,0.002661400296,,,,,,,,,,
521.92,0.002643486972,,,,,,,,,,
521.94,0.002616793881,,,,,,,,,,
521.96,0.002578481873,,,,,,,,,,
521.98,0.00252606588,,,,,,,,,,
522,0.0024575605,,,,,,,,,,
522.02,0.002371628613,,,,,,,,,,
522.04,0.002267678268,,,,,,,,,,
522.06,0.002145949993,,,,,,,,,,
522.08,0.002007544651,,,,,,,,,,
522.1,0.001854369999,,,,,,,,,,
522.12,0.001689060498,,,,,,,,,,
522.14,0.00151486296,,,,,,,,,,
522.16,0.001335534526,,,,,,,,,,
522.18,0.001155144803,,,,,,,,,,
522.2,0.0009779052055,,,,,,,,,,
522.22,0.0008079771309,,,,,,,,,,
522.24,0.0006493653112,,,,,,,,,,
522.26,0.000505713909,,,,,,,,,,
522.28,0.0003801804601,,,,,,,,,,
522.3,0.0002752934787,,,,,,,,,,
522.32,0.0001929456622,,,,,,,,,,
522.34,0.000134272519,,,,,,,,,,
522.36,9.964147105e-05,,,,,,,,,,
522.38,8.863205755e-05,,,,,,,,,,
522.4,0.0001001291524,,,,,,,,,,
522.42,0.0001323369075,,,,,,,,,,
522.44,0.0001828720322,,,,,,,,,,
522.46,0.0002488633817,,,,,,,,,,
522.48,0.0003271172035,,,,,,,,,,
522.5,0.0004142329236,,,,,,,,,,
522.52,0.0005067522922,,,,,,,,,,
522.54,0.0006013148998,,,,,,,,,,
522.56,0.0006948325968,,,,,,,,,,
522.58,0.0007846173662,,,,,,,,,,
522.6,0.0008684963896,,,,,,,,,,
522.62,0.0009449156289,,,,,,,,,,
522.64,0.001013017884,,,,,,,,,,
522.66,0.001072664023,,,,,,,,,,
522.68,0.001124395624,,,,,,,,,,
522.7,0.001169378869,,,,,,,,,,
522.72,0.001209297831,,,,,,,,,,
522.74,0.001246219356,,,,,,,,,,
522.76,0.001282379317,,,,,,,,,,
522.78,0.001320005251,,,,,,,,,,
522.8,0.001361109598,,,,,,,,,,
522.82,0.001407353958,,,,,,,,,,
522.84,0.001459840361,,,,,,,,,,
522.86,0.001519035371,,,,,,,,,,
522.88,0.001584700134,,,,,,,,,,
522.9,0.001655957191,,,,,,,,,,
522.92,0.001731284889,,,,,,,,,,
522.94,0.001808652889,,,,,,,,,,
522.96,0.001885650073,,,,,,,,,,
522.98,0.001959697178,,,,,,,,,,
523,0.002028164981,,,,,,,,,,
523.02,0.002088540268,,,,,,,,,,
523.04,0.002138546086,,,,,,,,,,
523.06,0.002176269748,,,,,,,,,,
523.08,0.002200198926,,,,,,,,,,
523.1,0.002209242996,,,,,,,,,,
523.12,0.002202725121,,,,,,,,,,
523.14,0.002180370769,,,,,,,,,,
523.16,0.002142272754,,,,,,,,,,
523.18,0.002088837573,,,,,,,,,,
523.2,0.0020207534,,,,,,,,,,
523.22,0.001938966241,,,,,,,,,,
523.24,0.001844691987,,,,,,,,,,
523.26,0.001739386562,,,,,,,,,,
523.28,0.001624747871,,,,,,,,,,
523.3,0.001502698002,,,,,,,,,,
523.32,0.001375411952,,,,,,,,,,
523.34,0.001245251397,,,,,,,,,,
523.36,0.001114721383,,,,,,,,,,
523.38,0.0009863794166,,,,,,,,,,
523.4,0.0008628092822,,,,,,,,,,
523.42,0.0007464791441,,,,,,,,,,
523.44,0.0006396516754,,,,,,,,,,
523.46,0.0005442594359,,,,,,,,,,
523.48,0.0004618901869,,,,,,,,,,
523.5,0.0003936686172,,,,,,,,,,
523.52,0.0003402292416,,,,,,,,,,
523.54,0.0003016801007,,,,,,,,,,
523.56,0.0002776674623,,,,,,,,,,
523.58,0.0002673713659,,,,,,,,,,
523.6,0.0002695659679,,,,,,,,,,
523.62,0.0002826751675,,,,,,,,,,
523.64,0.0003048835382,,,,,,,,,,
523.66,0.0003341923445,,,,,,,,,,
523.68,0.0003685010381,,,,,,,,,,
523.7,0.0004056818048,,,,,,,,,,
523.72,0.000443675524,,,,,,,,,,
523.74,0.0004805511234,,,,,,,,,,
523.76,0.0005145725166,,,,,,,,,,
523.78,0.0005442627819,,,,,,,,,,
523.8,0.0005684741761,,,,,,,,,,
523.82,0.0005864317954,,,,,,,,,,
523.84,0.0005977685583,,,,,,,,,,
523.86,0.0006025483683,,,,,,,,,,
523.88,0.0006012763487,,,,,,,,,,
523.9,0.0005948760479,,,,,,,,,,
523.92,0.000584637514,,,,,,,,,,
523.94,0.000572148423,,,,,,,,,,
523.96,0.0005592074548,,,,,,,,,,
523.98,0.0005477174426,,,,,,,,,,
524,0.0005395516733,,,,,,,,,,
524.02,0.0005364335601,,,,,,,,,,
524.04,0.0005398209203,,,,,,,,,,
524.06,0.0005508112096,,,,,,,,,,
524.08,0.0005700359876,,,,,,,,,,
524.1,0.00059761029,,,,,,,,,,
524.12,0.0006331030238,,,,,,,,,,
524.14,0.0006755573752,,,,,,,,,,
524.16,0.0007234983959,,,,,,,,,,
524.18,0.0007750072297,,,,,,,,,,
524.2,0.0008278043365,,,,,,,,,,
524.22,0.0008793779494,,,,,,,,,,
524.24,0.0009270815279,,,,,,,,,,
524.26,0.0009682769863,,,,,,,,,,
524.28,0.001000461525,,,,,,,,,,
524.3,0.001021415862,,,,,,,,,,
524.32,0.001029305927,,,,,,,,,,
524.34,0.001022796279,,,,,,,,,,
524.36,0.001001126342,,,,,,,,,,
524.38,0.0009641859085,,,,,,,,,,
524.4,0.0009125356683,,,,,,,,,,
524.42,0.0008474116871,,,,,,,,,,
524.44,0.0007706839204,,,,,,,,,,
524.46,0.0006848096684,,,,,,,,,,
524.48,0.000592730215,,,,,,,,,,
524.5,0.0004977487194,,,,,,,,,,
524.52,0.0004033730745,,,,,,,,,,
524.54,0.0003131780242,,,,,,,,,,
524.56,0.0002306225409,,,,,,,,,,
524.58,0.0001588796651,,,,,,,,,,
524.6,0.0001006662611,,,,,,,,,,
524.62,5.813390896e-05,,,,,,,,,,
524.64,3.274368844e-05,,,,,,,,,,
524.66,2.51946108e-05,,,,,,,,,,
524.68,3.53889517e-05,,,,,,,,,,
524.7,6.248193535e-05,,,,,,,,,,
524.72,0.0001049294725,,,,,,,,,,
524.74,0.0001605961299,,,,,,,,,,
524.76,0.0002268968835,,,,,,,,,,
524.78,0.0003009929632,,,,,,,,,,
524.8,0.0003799548534,,,,,,,,,,
524.82,0.0004609416201,,,,,,,,,,
524.84,0.0005413666993,,,,,,,,,,
524.86,0.000619055653,,,,,,,,,,
524.88,0.0006923249008,,,,,,,,,,
524.9,0.0007600336981,,,,,,,,,,
524.92,0.000821592026,,,,,,,,,,
524.94,0.0008769380169,,,,,,,,,,
524.96,0.0009264405775,,,,,,,,,,
524.98,0.0009707896485,,,,,,,,,,
525,0.001010873326,,,,,,,,,,
525.02,0.00104766356,,,,,,,,,,
525.04,0.00108208097,,,,,,,,,,
525.06,0.001114889728,,,,,,,,,,
525.08,0.001146626509,,,,,,,,,,
525.1,0.001177572237,,,,,,,,,,
525.12,0.001207734669,,,,,,,,,,
525.14,0.001236858921,,,,,,,,,,
525.16,0.001264472062,,,,,,,,,,
525.18,0.001289950006,,,,,,,,,,
525.2,0.001312578211,,,,,,,,,,
525.22,0.001331596364,,,,,,,,,,
525.24,0.001346250644,,,,,,,,,,
525.26,0.001355836175,,,,,,,,,,
525.28,0.001359724078,,,,,,,,,,
525.3,0.001357353245,,,,,,,,,,
525.32,0.001348232996,,,,,,,,,,
525.34,0.001331940924,,,,,,,,,,
525.36,0.001308132735,,,,,,,,,,
525.38,0.001276529454,,,,,,,,,,
525.4,0.0012369334,,,,,,,,,,
525.42,0.001189250215,,,,,,,,,,
525.44,0.001133540227,,,,,,,,,,
525.46,0.001070039518,,,,,,,,,,
525.48,0.0009991976519,,,,,,,,,,
525.5,0.0009217031563,,,,,,,,,,
525.52,0.0008385240687,,,,,,,,,,
525.54,0.0007508891444,,,,,,,,,,
525.56,0.0006602644649,,,,,,,,,,
525.58,0.000568303533,,,,,,,,,,
525.6,0.0004768094367,,,,,,,,,,
525.62,0.0003876363328,,,,,,,,,,
525.64,0.0003026009409,,,,,,,,,,
525.66,0.0002233908726,,,,,,,,,,
525.68,0.0001515125579,,,,,,,,,,
525.7,8.820769988e-05,,,,,,,,,,
525.72,3.441331673e-05,,,,,,,,,,
525.74,-9.25273252e-06,,,,,,,,,,
525.76,-4.245250982e-05,,,,,,,,,,
525.78,-6.511083906e-05,,,,,,,,,,
525.8,-7.735200932e-05,,,,,,,,,,
525.82,-7.942037628e-05,,,,,,,,,,
525.84,-7.15779726e-05,,,,,,,,,,
525.86,-5.405149411e-05,,,,,,,,,,
525.88,-2.695939865e-05,,,,,,,,,,
525.9,9.746912584e-06,,,,,,,,,,
525.92,5.632271025e-05,,,,,,,,,,
525.94,0.0001131974093,,,,,,,,,,
525.96,0.0001809545836,,,,,,,,,,
525.98,0.0002602916882,,,,,,,,,,
526,0.0003519498663,,,,,,,,,,
526.02,0.0004565840578,,,,,,,,,,
526.04,0.0005746749626,,,,,,,,,,
526.06,0.0007064438741,,,,,,,,,,
526.08,0.000851755411,,,,,,,,,,
526.1,0.001009993797,,,,,,,,,,
526.12,0.001180020573,,,,,,,,,,
526.14,0.001360160944,,,,,,,,,,
526.16,0.001548197157,,,,,,,,,,
526.18,0.001741360812,,,,,,,,,,
526.2,0.001936423806,,,,,,,,,,
526.22,0.002129820823,,,,,,,,,,
526.24,0.002317776071,,,,,,,,,,
526.26,0.00249642227,,,,,,,,,,
526.28,0.002661993174,,,,,,,,,,
526.3,0.002811014917,,,,,,,,,,
526.32,0.00294047031,,,,,,,,,,
526.34,0.003047912798,,,,,,,,,,
526.36,0.003131601243,,,,,,,,,,
526.38,0.003190589034,,,,,,,,,,
526.4,0.003224759945,,,,,,,,,,
526.42,0.00323477659,,,,,,,,,,
526.44,0.003222026013,,,,,,,,,,
526.46,0.003188518889,,,,,,,,,,
526.48,0.003136762578,,,,,,,,,,
526.5,0.00306955952,,,,,,,,,,
526.52,0.002989839158,,,,,,,,,,
526.54,0.002900497416,,,,,,,,,,
526.56,0.00280427385,,,,,,,,,,
526.58,0.002703590828,,,,,,,,,,
526.6,0.002600471625,,,,,,,,,,
526.62,0.002496511107,,,,,,,,,,
526.64,0.002392908773,,,,,,,,,,
526.66,0.002290462212,,,,,,,,,,
526.68,0.002189630358,,,,,,,,,,
526.7,0.002090637951,,,,,,,,,,
526.72,0.001993600848,,,,,,,,,,
526.74,0.001898574588,,,,,,,,,,
526.76,0.001805627898,,,,,,,,,,
526.78,0.001714928078,,,,,,,,,,
526.8,0.001626799056,,,,,,,,,,
526.82,0.001541693566,,,,,,,,,,
526.84,0.001460173077,,,,,,,,,,
526.86,0.001382907829,,,,,,,,,,
526.88,0.001310642426,,,,,,,,,,
526.9,0.00124411412,,,,,,,,,,
526.92,0.001183994466,,,,,,,,,,
526.94,0.001130882699,,,,,,,,,,
526.96,0.001085270145,,,,,,,,,,
526.98,0.001047497529,,,,,,,,,,
527,0.001017739249,,,,,,,,,,
527.02,0.0009960502726,,,,,,,,,,
527.04,0.0009823639255,,,,,,,,,,
527.06,0.000976496099,,,,,,,,,,
527.08,0.0009781549062,,,,,,,,,,
527.1,0.0009870022004,,,,,,,,,,
527.12,0.001002634121,,,,,,,,,,
527.14,0.001024576866,,,,,,,,,,
527.16,0.001052269961,,,,,,,,,,
527.18,0.001085099455,,,,,,,,,,
527.2,0.001122340919,,,,,,,,,,
527.22,0.00116314442,,,,,,,,,,
527.24,0.001206510481,,,,,,,,,,
527.26,0.00125133189,,,,,,,,,,
527.28,0.001296358366,,,,,,,,,,
527.3,0.001340231399,,,,,,,,,,
527.32,0.001381514088,,,,,,,,,,
527.34,0.001418795601,,,,,,,,,,
527.36,0.001450717732,,,,,,,,,,
527.38,0.001476070754,,,,,,,,,,
527.4,0.001493862272,,,,,,,,,,
527.42,0.001503447988,,,,,,,,,,
527.44,0.001504551663,,,,,,,,,,
527.46,0.001497335121,,,,,,,,,,
527.48,0.001482406426,,,,,,,,,,
527.5,0.001460883756,,,,,,,,,,
527.52,0.001434306063,,,,,,,,,,
527.54,0.00140459869,,,,,,,,,,
527.56,0.001373970331,,,,,,,,,,
527.58,0.001344867423,,,,,,,,,,
527.6,0.001319780082,,,,,,,,,,
527.62,0.001301124109,,,,,,,,,,
527.64,0.001291083552,,,,,,,,,,
527.66,0.001291526105,,,,,,,,,,
527.68,0.001303804695,,,,,,,,,,
527.7,0.001328669391,,,,,,,,,,
527.72,0.001366183769,,,,,,,,,,
527.74,0.001415723339,,,,,,,,,,
527.76,0.001475911265,,,,,,,,,,
527.78,0.001544677359,,,,,,,,,,
527.8,0.001619348206,,,,,,,,,,
527.82,0.001696795624,,,,,,,,,,
527.84,0.001773548836,,,,,,,,,,
527.86,0.001845988016,,,,,,,,,,
527.88,0.001910547469,,,,,,,,,,
527.9,0.001963915003,,,,,,,,,,
527.92,0.002003179276,,,,,,,,,,
527.94,0.00202598438,,,,,,,,,,
527.96,0.002030655917,,,,,,,,,,
527.98,0.002016275331,,,,,,,,,,
528,0.001982691294,,,,,,,,,,
528.02,0.001930502395,,,,,,,,,,
528.04,0.001861019583,,,,,,,,,,
528.06,0.001776183669,,,,,,,,,,
528.08,0.001678446682,,,,,,,,,,
528.1,0.001570640049,,,,,,,,,,
528.12,0.001455872704,,,,,,,,,,
528.14,0.001337401402,,,,,,,,,,
528.16,0.001218500184,,,,,,,,,,
528.18,0.001102330842,,,,,,,,,,
528.2,0.0009918867622,,,,,,,,,,
528.22,0.0008898858204,,,,,,,,,,
528.24,0.0007986901186,,,,,,,,,,
528.26,0.0007202195282,,,,,,,,,,
528.28,0.0006559659309,,,,,,,,,,
528.3,0.0006069132092,,,,,,,,,,
528.32,0.0005735225047,,,,,,,,,,
528.34,0.0005557022819,,,,,,,,,,
528.36,0.000552897131,,,,,,,,,,
528.38,0.0005640529227,,,,,,,,,,
528.4,0.0005876841937,,,,,,,,,,
528.42,0.0006219260503,,,,,,,,,,
528.44,0.0006646704964,,,,,,,,,,
528.46,0.0007136012682,,,,,,,,,,
528.48,0.0007663095799,,,,,,,,,,
528.5,0.0008203927415,,,,,,,,,,
528.52,0.000873579806,,,,,,,,,,
528.54,0.0009237830246,,,,,,,,,,
528.56,0.0009691867791,,,,,,,,,,
528.58,0.001008314288,,,,,,,,,,
528.6,0.00104008093,,,,,,,,,,
528.62,0.00106379664,,,,,,,,,,
528.64,0.001079177289,,,,,,,,,,
528.66,0.001086340092,,,,,,,,,,
528.68,0.001085773703,,,,,,,,,,
528.7,0.001078280603,,,,,,,,,,
528.72,0.001064921655,,,,,,,,,,
528.74,0.001046966747,,,,,,,,,,
528.76,0.00102582077,,,,,,,,,,
528.78,0.00100294728,,,,,,,,,,
528.8,0.0009797985032,,,,,,,,,,
528.82,0.0009577838875,,,,,,,,,,
528.84,0.0009382044424,,,,,,,,,,
528.86,0.0009222129454,,,,,,,,,,
528.88,0.0009107776443,,,,,,,,,,
528.9,0.0009047126842,,,,,,,,,,
528.92,0.0009046380887,,,,,,,,,,
528.94,0.0009109918191,,,,,,,,,,
528.96,0.0009240233171,,,,,,,,,,
528.98,0.0009438684359,,,,,,,,,,
529,0.0009705002274,,,,,,,,,,
529.02,0.001003759352,,,,,,,,,,
529.04,0.001043349081,,,,,,,,,,
529.06,0.001088898043,,,,,,,,,,
529.08,0.001139894762,,,,,,,,,,
529.1,0.001195712588,,,,,,,,,,
529.12,0.001255613803,,,,,,,,,,
529.14,0.001318789892,,,,,,,,,,
529.16,0.001384320442,,,,,,,,,,
529.18,0.001451208489,,,,,,,,,,
529.2,0.001518419684,,,,,,,,,,
529.22,0.00158492126,,,,,,,,,,
529.24,0.00164968149,,,,,,,,,,
529.26,0.001711715879,,,,,,,,,,
529.28,0.00177015172,,,,,,,,,,
529.3,0.00182424937,,,,,,,,,,
529.32,0.00187341464,,,,,,,,,,
529.34,0.001917222567,,,,,,,,,,
529.36,0.00195547688,,,,,,,,,,
529.38,0.001988184122,,,,,,,,,,
529.4,0.002015551917,,,,,,,,,,
529.42,0.002037968435,,,,,,,,,,
529.44,0.002056047378,,,,,,,,,,
529.46,0.002070541641,,,,,,,,,,
529.48,0.00208232321,,,,,,,,,,
529.5,0.002092314865,,,,,,,,,,
529.52,0.002101527804,,,,,,,,,,
529.54,0.0021109134,,,,,,,,,,
529.56,0.002121333964,,,,,,,,,,
529.58,0.002133482222,,,,,,,,,,
529.6,0.002147899636,,,,,,,,,,
529.62,0.00216483727,,,,,,,,,,
529.64,0.002184242885,,,,,,,,,,
529.66,0.00220573547,,,,,,,,,,
529.68,0.002228643596,,,,,,,,,,
529.7,0.00225195833,,,,,,,,,,
529.72,0.002274384925,,,,,,,,,,
529.74,0.002294422948,,,,,,,,,,
529.76,0.002310459855,,,,,,,,,,
529.78,0.00232083063,,,,,,,,,,
529.8,0.00232392354,,,,,,,,,,
529.82,0.002318330685,,,,,,,,,,
529.84,0.002302941683,,,,,,,,,,
529.86,0.002277025272,,,,,,,,,,
529.88,0.002240292186,,,,,,,,,,
529.9,0.002193012243,,,,,,,,,,
529.92,0.002135998101,,,,,,,,,,
529.94,0.002070602013,,,,,,,,,,
529.96,0.001998646675,,,,,,,,,,
529.98,0.001922448145,,,,,,,,,,
530,0.001844634979,,,,,,,,,,
530.02,0.001768048901,,,,,,,,,,
530.04,0.001695585351,,,,,,,,,,
530.06,0.001630132466,,,,,,,,,,
530.08,0.001574340625,,,,,,,,,,
530.1,0.001530508428,,,,,,,,,,
530.12,0.001500469953,,,,,,,,,,
530.14,0.001485554219,,,,,,,,,,
530.16,0.001486456484,,,,,,,,,,
530.18,0.001503219025,,,,,,,,,,
530.2,0.001535272818,,,,,,,,,,
530.22,0.001581475909,,,,,,,,,,
530.24,0.001640139243,,,,,,,,,,
530.26,0.001709109291,,,,,,,,,,
530.28,0.001785931522,,,,,,,,,,
530.3,0.001867912361,,,,,,,,,,
530.32,0.001952224486,,,,,,,,,,
530.34,0.002035997758,,,,,,,,,,
530.36,0.002116495577,,,,,,,,,,
530.38,0.002191122601,,,,,,,,,,
530.4,0.00225752349,,,,,,,,,,
530.42,0.002313629274,,,,,,,,,,
530.44,0.002357785924,,,,,,,,,,
530.46,0.00238871605,,,,,,,,,,
530.48,0.002405583436,,,,,,,,,,
530.5,0.002408015345,,,,,,,,,,
530.52,0.002396156273,,,,,,,,,,
530.54,0.002370617162,,,,,,,,,,
530.56,0.002332470628,,,,,,,,,,
530.58,0.002283232964,,,,,,,,,,
530.6,0.002224823787,,,,,,,,,,
530.62,0.00215946046,,,,,,,,,,
530.64,0.002089559293,,,,,,,,,,
530.66,0.002017675713,,,,,,,,,,
530.68,0.001946372365,,,,,,,,,,
530.7,0.001878093716,,,,,,,,,,
530.72,0.001815036079,,,,,,,,,,
530.74,0.00175914417,,,,,,,,,,
530.76,0.001711975683,,,,,,,,,,
530.78,0.001674671831,,,,,,,,,,
530.8,0.001647913502,,,,,,,,,,
530.82,0.001632042994,,,,,,,,,,
530.84,0.001626997097,,,,,,,,,,
530.86,0.001632390273,,,,,,,,,,
530.88,0.001647582773,,,,,,,,,,
530.9,0.001671809628,,,,,,,,,,
530.92,0.001704173182,,,,,,,,,,
530.94,0.001743714896,,,,,,,,,,
530.96,0.00178949778,,,,,,,,,,
530.98,0.001840632611,,,,,,,,,,
531,0.001896250708,,,,,,,,,,
531.02,0.001955496043,,,,,,,,,,
531.04,0.002017573318,,,,,,,,,,
531.06,0.002081662562,,,,,,,,,,
531.08,0.002146886209,,,,,,,,,,
531.1,0.002212255338,,,,,,,,,,
531.12,0.002276726766,,,,,,,,,,
531.14,0.002339084498,,,,,,,,,,
531.16,0.002397958914,,,,,,,,,,
531.18,0.002451818146,,,,,,,,,,
531.2,0.002499050702,,,,,,,,,,
531.22,0.002537928645,,,,,,,,,,
531.24,0.002566687987,,,,,,,,,,
531.26,0.002583607816,,,,,,,,,,
531.28,0.00258711796,,,,,,,,,,
531.3,0.002575853904,,,,,,,,,,
531.32,0.002548752004,,,,,,,,,,
531.34,0.00250516575,,,,,,,,,,
531.36,0.002444937967,,,,,,,,,,
531.38,0.002368441973,,,,,,,,,,
531.4,0.002276590957,,,,,,,,,,
531.42,0.002170895261,,,,,,,,,,
531.44,0.002053395737,,,,,,,,,,
531.46,0.001926600848,,,,,,,,,,
531.48,0.001793362036,,,,,,,,,,
531.5,0.001656846574,,,,,,,,,,
531.52,0.001520341745,,,,,,,,,,
531.54,0.001387130779,,,,,,,,,,
531.56,0.001260354269,,,,,,,,,,
531.58,0.001142953984,,,,,,,,,,
531.6,0.001037518318,,,,,,,,,,
531.62,0.0009462046249,,,,,,,,,,
531.64,0.0008707228088,,,,,,,,,,
531.66,0.0008123251673,,,,,,,,,,
531.68,0.0007717719035,,,,,,,,,,
531.7,0.0007493338189,,,,,,,,,,
531.72,0.0007448972601,,,,,,,,,,
531.74,0.0007579511448,,,,,,,,,,
531.76,0.0007876272461,,,,,,,,,,
531.78,0.0008327168829,,,,,,,,,,
531.8,0.0008917974734,,,,,,,,,,
531.82,0.0009631629937,,,,,,,,,,
531.84,0.001044875804,,,,,,,,,,
531.86,0.001134796729,,,,,,,,,,
531.88,0.001230637125,,,,,,,,,,
531.9,0.001329934936,,,,,,,,,,
531.92,0.001430107846,,,,,,,,,,
531.94,0.001528532725,,,,,,,,,,
531.96,0.001622588541,,,,,,,,,,
531.98,0.001709719079,,,,,,,,,,
532,0.001787519079,,,,,,,,,,
532.02,0.001853866533,,,,,,,,,,
532.04,0.001906971672,,,,,,,,,,
532.06,0.001945476779,,,,,,,,,,
532.08,0.001968519228,,,,,,,,,,
532.1,0.001975835536,,,,,,,,,,
532.12,0.001967735335,,,,,,,,,,
532.14,0.001945120025,,,,,,,,,,
532.16,0.001909449692,,,,,,,,,,
532.18,0.00186270381,,,,,,,,,,
532.2,0.001807252664,,,,,,,,,,
532.22,0.001745740891,,,,,,,,,,
532.24,0.001680977626,,,,,,,,,,
532.26,0.001615791373,,,,,,,,,,
532.28,0.001552872718,,,,,,,,,,
532.3,0.001494628545,,,,,,,,,,
532.32,0.001443138566,,,,,,,,,,
532.34,0.001400024789,,,,,,,,,,
532.36,0.001366408436,,,,,,,,,,
532.38,0.001342874215,,,,,,,,,,
532.4,0.001329571418,,,,,,,,,,
532.42,0.001326181615,,,,,,,,,,
532.44,0.001332009474,,,,,,,,,,
532.46,0.001346086473,,,,,,,,,,
532.48,0.00136730111,,,,,,,,,,
532.5,0.001394450786,,,,,,,,,,
532.52,0.001426337376,,,,,,,,,,
532.54,0.001461900455,,,,,,,,,,
532.56,0.001500247324,,,,,,,,,,
532.58,0.001540682126,,,,,,,,,,
532.6,0.001582706228,,,,,,,,,,
532.62,0.001626096501,,,,,,,,,,
532.64,0.001670787726,,,,,,,,,,
532.66,0.001716850854,,,,,,,,,,
532.68,0.001764435202,,,,,,,,,,
532.7,0.001813752916,,,,,,,,,,
532.72,0.001864940358,,,,,,,,,,
532.74,0.001918015378,,,,,,,,,,
532.76,0.001972857631,,,,,,,,,,
532.78,0.002029159074,,,,,,,,,,
532.8,0.002086375471,,,,,,,,,,
532.82,0.002143720288,,,,,,,,,,
532.84,0.002200248721,,,,,,,,,,
532.86,0.002254830654,,,,,,,,,,
532.88,0.002306217393,,,,,,,,,,
532.9,0.002353091787,,,,,,,,,,
532.92,0.002394231712,,,,,,,,,,
532.94,0.00242849709,,,,,,,,,,
532.96,0.002454939897,,,,,,,,,,
532.98,0.002472888592,,,,,,,,,,
533,0.002482035777,,,,,,,,,,
533.02,0.002482429498,,,,,,,,,,
533.04,0.002474494805,,,,,,,,,,
533.06,0.002459083648,,,,,,,,,,
533.08,0.002437413864,,,,,,,,,,
533.1,0.002411007543,,,,,,,,,,
533.12,0.002381591933,,,,,,,,,,
533.14,0.00235112106,,,,,,,,,,
533.16,0.002321573524,,,,,,,,,,
533.18,0.002294876463,,,,,,,,,,
533.2,0.002272802024,,,,,,,,,,
533.22,0.002256944206,,,,,,,,,,
533.24,0.00224855399,,,,,,,,,,
533.26,0.002248488656,,,,,,,,,,
533.28,0.002257218631,,,,,,,,,,
533.3,0.002274793079,,,,,,,,,,
533.32,0.002300807616,,,,,,,,,,
533.34,0.002334406962,,,,,,,,,,
533.36,0.002374433765,,,,,,,,,,
533.38,0.002419389966,,,,,,,,,,
533.4,0.002467530558,,,,,,,,,,
533.42,0.002516938946,,,,,,,,,,
533.44,0.002565712448,,,,,,,,,,
533.46,0.002611957784,,,,,,,,,,
533.48,0.00265391431,,,,,,,,,,
533.5,0.002690081766,,,,,,,,,,
533.52,0.002719304857,,,,,,,,,,
533.54,0.002740793803,,,,,,,,,,
533.56,0.002754154584,,,,,,,,,,
533.58,0.002759486822,,,,,,,,,,
533.6,0.002757292194,,,,,,,,,,
533.62,0.002748435208,,,,,,,,,,
533.64,0.002734045357,,,,,,,,,,
533.66,0.002715518289,,,,,,,,,,
533.68,0.002694291002,,,,,,,,,,
533.7,0.002671744613,,,,,,,,,,
533.72,0.002649104845,,,,,,,,,,
533.74,0.00262735964,,,,,,,,,,
533.76,0.00260712485,,,,,,,,,,
533.78,0.002588583014,,,,,,,,,,
533.8,0.002571543483,,,,,,,,,,
533.82,0.002555411695,,,,,,,,,,
533.84,0.002539245586,,,,,,,,,,
533.86,0.002521812992,,,,,,,,,,
533.88,0.002501814307,,,,,,,,,,
533.9,0.002477899949,,,,,,,,,,
533.92,0.002448816757,,,,,,,,,,
533.94,0.002413531938,,,,,,,,,,
533.96,0.002371367573,,,,,,,,,,
533.98,0.002322014962,,,,,,,,,,
534,0.002265560702,,,,,,,,,,
534.02,0.002202552943,,,,,,,,,,
534.04,0.002133939406,,,,,,,,,,
534.06,0.002061001217,,,,,,,,,,
534.08,0.001985244891,,,,,,,,,,
534.1,0.001908415944,,,,,,,,,,
534.12,0.001832309226,,,,,,,,,,
534.14,0.001758690895,,,,,,,,,,
534.16,0.001689223287,,,,,,,,,,
534.18,0.001625434151,,,,,,,,,,
534.2,0.001568610654,,,,,,,,,,
534.22,0.001519753991,,,,,,,,,,
534.24,0.001479628171,,,,,,,,,,
534.26,0.001448718522,,,,,,,,,,
534.28,0.001427232001,,,,,,,,,,
534.3,0.001415091233,,,,,,,,,,
534.32,0.001412055689,,,,,,,,,,
534.34,0.001417647986,,,,,,,,,,
534.36,0.001431197587,,,,,,,,,,
534.38,0.00145188322,,,,,,,,,,
534.4,0.001478774583,,,,,,,,,,
534.42,0.001510807944,,,,,,,,,,
534.44,0.001546804361,,,,,,,,,,
534.46,0.001585556432,,,,,,,,,,
534.48,0.001625801282,,,,,,,,,,
534.5,0.001666252034,,,,,,,,,,
534.52,0.001705620053,,,,,,,,,,
534.54,0.001742716252,,,,,,,,,,
534.56,0.001776411263,,,,,,,,,,
534.58,0.001805691223,,,,,,,,,,
534.6,0.001829713618,,,,,,,,,,
534.62,0.001847841559,,,,,,,,,,
534.64,0.001859641864,,,,,,,,,,
534.66,0.001864895997,,,,,,,,,,
534.68,0.001863664906,,,,,,,,,,
534.7,0.001856235486,,,,,,,,,,
534.72,0.001843112909,,,,,,,,,,
534.74,0.001824986206,,,,,,,,,,
534.76,0.001802747672,,,,,,,,,,
534.78,0.001777386701,,,,,,,,,,
534.8,0.00174994892,,,,,,,,,,
534.82,0.001721509481,,,,,,,,,,
534.84,0.001693120456,,,,,,,,,,
534.86,0.001665739459,,,,,,,,,,
534.88,0.001640171707,,,,,,,,,,
534.9,0.001617114232,,,,,,,,,,
534.92,0.001597070082,,,,,,,,,,
534.94,0.001580350153,,,,,,,,,,
534.96,0.001567073853,,,,,,,,,,
534.98,0.001557232728,,,,,,,,,,
535,0.001550652407,,,,,,,,,,
535.02,0.001547022824,,,,,,,,,,
535.04,0.001545969639,,,,,,,,,,
535.06,0.001547066358,,,,,,,,,,
535.08,0.001549848596,,,,,,,,,,
535.1,0.001553818561,,,,,,,,,,
535.12,0.001558557168,,,,,,,,,,
535.14,0.001563656722,,,,,,,,,,
535.16,0.001568758046,,,,,,,,,,
535.18,0.001573576324,,,,,,,,,,
535.2,0.001577940916,,,,,,,,,,
535.22,0.001581764116,,,,,,,,,,
535.24,0.001585050393,,,,,,,,,,
535.26,0.001587962827,,,,,,,,,,
535.28,0.001590784462,,,,,,,,,,
535.3,0.00159391627,,,,,,,,,,
535.32,0.001597858506,,,,,,,,,,
535.34,0.001603264743,,,,,,,,,,
535.36,0.00161083255,,,,,,,,,,
535.38,0.001621282784,,,,,,,,,,
535.4,0.001635345705,,,,,,,,,,
535.42,0.001653704612,,,,,,,,,,
535.44,0.001676912672,,,,,,,,,,
535.46,0.001705330184,,,,,,,,,,
535.48,0.001739161759,,,,,,,,,,
535.5,0.001778335468,,,,,,,,,,
535.52,0.001822496489,,,,,,,,,,
535.54,0.001871005558,,,,,,,,,,
535.56,0.001922988748,,,,,,,,,,
535.58,0.00197729695,,,,,,,,,,
535.6,0.002032555808,,,,,,,,,,
535.62,0.002087270044,,,,,,,,,,
535.64,0.00213984734,,,,,,,,,,
535.66,0.002188661536,,,,,,,,,,
535.68,0.002232107091,,,,,,,,,,
535.7,0.002268754191,,,,,,,,,,
535.72,0.002297320195,,,,,,,,,,
535.74,0.002316751619,,,,,,,,,,
535.76,0.002326288119,,,,,,,,,,
535.78,0.002325508192,,,,,,,,,,
535.8,0.002314316119,,,,,,,,,,
535.82,0.002292937874,,,,,,,,,,
535.84,0.002261978149,,,,,,,,,,
535.86,0.002222339993,,,,,,,,,,
535.88,0.002175190045,,,,,,,,,,
535.9,0.002121897059,,,,,,,,,,
535.92,0.002064025944,,,,,,,,,,
535.94,0.002003202602,,,,,,,,,,
535.96,0.001941037899,,,,,,,,,,
535.98,0.001879091734,,,,,,,,,,
536,0.00181879074,,,,,,,,,,
536.02,0.001761348747,,,,,,,,,,
536.04,0.001707690323,,,,,,,,,,
536.06,0.001658521686,,,,,,,,,,
536.08,0.001614229852,,,,,,,,,,
536.1,0.001574906094,,,,,,,,,,
536.12,0.001540387738,,,,,,,,,,
536.14,0.001510329959,,,,,,,,,,
536.16,0.001484219333,,,,,,,,,,
536.18,0.001461422548,,,,,,,,,,
536.2,0.001441327122,,,,,,,,,,
536.22,0.001423347705,,,,,,,,,,
536.24,0.001406980476,,,,,,,,,,
536.26,0.001391843396,,,,,,,,,,
536.28,0.001377756895,,,,,,,,,,
536.3,0.001364694905,,,,,,,,,,
536.32,0.001352782986,,,,,,,,,,
536.34,0.001342329598,,,,,,,,,,
536.36,0.001333773613,,,,,,,,,,
536.38,0.001327638245,,,,,,,,,,
536.4,0.001324480753,,,,,,,,,,
536.42,0.001324930499,,,,,,,,,,
536.44,0.001329569388,,,,,,,,,,
536.46,0.001338913161,,,,,,,,,,
536.48,0.001353410207,,,,,,,,,,
536.5,0.0013734101,,,,,,,,,,
536.52,0.001399111934,,,,,,,,,,
536.54,0.001430532724,,,,,,,,,,
536.56,0.001467569329,,,,,,,,,,
536.58,0.001509899284,,,,,,,,,,
536.6,0.001556987559,,,,,,,,,,
536.62,0.001608095857,,,,,,,,,,
536.64,0.00166230493,,,,,,,,,,
536.66,0.001718479951,,,,,,,,,,
536.68,0.001775297903,,,,,,,,,,
536.7,0.001831344296,,,,,,,,,,
536.72,0.001885108831,,,,,,,,,,
536.74,0.001935054594,,,,,,,,,,
536.76,0.001979690549,,,,,,,,,,
536.78,0.002017694687,,,,,,,,,,
536.8,0.002047926803,,,,,,,,,,
536.82,0.002069507196,,,,,,,,,,
536.84,0.002081909086,,,,,,,,,,
536.86,0.002084970093,,,,,,,,,,
536.88,0.00207889603,,,,,,,,,,
536.9,0.002064233965,,,,,,,,,,
536.92,0.00204191406,,,,,,,,,,
536.94,0.002013114465,,,,,,,,,,
536.96,0.001979205381,,,,,,,,,,
536.98,0.00194168957,,,,,,,,,,
537,0.001902124187,,,,,,,,,,
537.02,0.001862011371,,,,,,,,,,
537.04,0.001822708045,,,,,,,,,,
537.06,0.001785457238,,,,,,,,,,
537.08,0.001751271426,,,,,,,,,,
537.1,0.001720922894,,,,,,,,,,
537.12,0.001694950626,,,,,,,,,,
537.14,0.001673706087,,,,,,,,,,
537.16,0.001657323658,,,,,,,,,,
537.18,0.001645738821,,,,,,,,,,
537.2,0.00163879422,,,,,,,,,,
537.22,0.001636208757,,,,,,,,,,
537.24,0.001637602465,,,,,,,,,,
537.26,0.001642517317,,,,,,,,,,
537.28,0.001650484968,,,,,,,,,,
537.3,0.001660968685,,,,,,,,,,
537.32,0.00167337231,,,,,,,,,,
537.34,0.001687102562,,,,,,,,,,
537.36,0.001701538421,,,,,,,,,,
537.38,0.001716034702,,,,,,,,,,
537.4,0.001729932639,,,,,,,,,,
537.42,0.001742649346,,,,,,,,,,
537.44,0.001753630089,,,,,,,,,,
537.46,0.001762390413,,,,,,,,,,
537.48,0.001768589762,,,,,,,,,,
537.5,0.001772044249,,,,,,,,,,
537.52,0.00177273769,,,,,,,,,,
537.54,0.001770826981,,,,,,,,,,
537.56,0.001766739507,,,,,,,,,,
537.58,0.001761081638,,,,,,,,,,
537.6,0.001754642945,,,,,,,,,,
537.62,0.001748405034,,,,,,,,,,
537.64,0.001743500262,,,,,,,,,,
537.66,0.001741136491,,,,,,,,,,
537.68,0.001742526436,,,,,,,,,,
537.7,0.001748939413,,,,,,,,,,
537.72,0.001761533738,,,,,,,,,,
537.74,0.001781326824,,,,,,,,,,
537.76,0.001809181178,,,,,,,,,,
537.78,0.00184577217,,,,,,,,,,
537.8,0.001891510019,,,,,,,,,,
537.82,0.001946511673,,,,,,,,,,
537.84,0.002010704989,,,,,,,,,,
537.86,0.002083711232,,,,,,,,,,
537.88,0.002164879601,,,,,,,,,,
537.9,0.002253339086,,,,,,,,,,
537.92,0.002348045101,,,,,,,,,,
537.94,0.002447745599,,,,,,,,,,
537.96,0.002551023118,,,,,,,,,,
537.98,0.002656448017,,,,,,,,,,
538,0.002762509445,,,,,,,,,,
538.02,0.002867686214,,,,,,,,,,
538.04,0.002970524443,,,,,,,,,,
538.06,0.003069725027,,,,,,,,,,
538.08,0.003164106829,,,,,,,,,,
538.1,0.003252659329,,,,,,,,,,
538.12,0.003334682943,,,,,,,,,,
538.14,0.003409707668,,,,,,,,,,
538.16,0.003477518788,,,,,,,,,,
538.18,0.00353817313,,,,,,,,,,
538.2,0.003592050252,,,,,,,,,,
538.22,0.003639717586,,,,,,,,,,
538.24,0.003681903173,,,,,,,,,,
538.26,0.003719554956,,,,,,,,,,
538.28,0.00375368812,,,,,,,,,,
538.3,0.003785326278,,,,,,,,,,
538.32,0.00381544894,,,,,,,,,,
538.34,0.003845041903,,,,,,,,,,
538.36,0.003874914875,,,,,,,,,,
538.38,0.003905684854,,,,,,,,,,
538.4,0.003937873184,,,,,,,,,,
538.42,0.00397181204,,,,,,,,,,
538.44,0.004007640084,,,,,,,,,,
538.46,0.004045321194,,,,,,,,,,
538.48,0.004084815146,,,,,,,,,,
538.5,0.004125945627,,,,,,,,,,
538.52,0.004168464494,,,,,,,,,,
538.54,0.004212216803,,,,,,,,,,
538.56,0.004257092815,,,,,,,,,,
538.58,0.00430303423,,,,,,,,,,
538.6,0.004350049483,,,,,,,,,,
538.62,0.004398391594,,,,,,,,,,
538.64,0.00444835725,,,,,,,,,,
538.66,0.004500307691,,,,,,,,,,
538.68,0.004554783433,,,,,,,,,,
538.7,0.004612387924,,,,,,,,,,
538.72,0.004673726157,,,,,,,,,,
538.74,0.004739366106,,,,,,,,,,
538.76,0.004809999076,,,,,,,,,,
538.78,0.004886175304,,,,,,,,,,
538.8,0.00496831857,,,,,,,,,,
538.82,0.005056852857,,,,,,,,,,
538.84,0.005152080049,,,,,,,,,,
538.86,0.005254130636,,,,,,,,,,
538.88,0.005362949643,,,,,,,,,,
538.9,0.005478506742,,,,,,,,,,
538.92,0.005600524504,,,,,,,,,,
538.94,0.005728531464,,,,,,,,,,
538.96,0.005862034362,,,,,,,,,,
538.98,0.006000403811,,,,,,,,,,
539,0.006142850225,,,,,,,,,,
539.02,0.006288440466,,,,,,,,,,
539.04,0.006436353874,,,,,,,,,,
539.06,0.006585612197,,,,,,,,,,
539.08,0.006735169735,,,,,,,,,,
539.1,0.006884136405,,,,,,,,,,
539.12,0.007031671683,,,,,,,,,,
539.14,0.007176984532,,,,,,,,,,
539.16,0.007319370396,,,,,,,,,,
539.18,0.00745849162,,,,,,,,,,
539.2,0.00759407985,,,,,,,,,,
539.22,0.007726010197,,,,,,,,,,
539.24,0.007854527454,,,,,,,,,,
539.26,0.007980073435,,,,,,,,,,
539.28,0.008103236981,,,,,,,,,,
539.3,0.008224740332,,,,,,,,,,
539.32,0.008345676929,,,,,,,,,,
539.34,0.008467121127,,,,,,,,,,
539.36,0.008590137567,,,,,,,,,,
539.38,0.008716001059,,,,,,,,,,
539.4,0.008845929905,,,,,,,,,,
539.42,0.008981001839,,,,,,,,,,
539.44,0.009122130361,,,,,,,,,,
539.46,0.009270297381,,,,,,,,,,
539.48,0.00942613257,,,,,,,,,,
539.5,0.009589929144,,,,,,,,,,
539.52,0.009761951547,,,,,,,,,,
539.54,0.009942137438,,,,,,,,,,
539.56,0.01013007767,,,,,,,,,,
539.58,0.01032508017,,,,,,,,,,
539.6,0.01052645485,,,,,,,,,,
539.62,0.01073315657,,,,,,,,,,
539.64,0.01094386734,,,,,,,,,,
539.66,0.01115745212,,,,,,,,,,
539.68,0.01137264955,,,,,,,,,,
539.7,0.01158814283,,,,,,,,,,
539.72,0.0118027125,,,,,,,,,,
539.74,0.01201551882,,,,,,,,,,
539.76,0.01222577083,,,,,,,,,,
539.78,0.01243278131,,,,,,,,,,
539.8,0.01263648583,,,,,,,,,,
539.82,0.01283698135,,,,,,,,,,
539.84,0.01303456701,,,,,,,,,,
539.86,0.01322986574,,,,,,,,,,
539.88,0.01342395874,,,,,,,,,,
539.9,0.01361797861,,,,,,,,,,
539.92,0.0138130288,,,,,,,,,,
539.94,0.01401073765,,,,,,,,,,
539.96,0.01421257668,,,,,,,,,,
539.98,0.01441987573,,,,,,,,,,
540,0.01463395869,,,,,,,,,,
540.02,0.01485618947,,,,,,,,,,
540.04,0.01508765158,,,,,,,,,,
540.06,0.01532902048,,,,,,,,,,
540.08,0.01558125704,,,,,,,,,,
540.1,0.01584480887,,,,,,,,,,
540.12,0.01611979713,,,,,,,,,,
540.14,0.01640632029,,,,,,,,,,
540.16,0.01670442545,,,,,,,,,,
540.18,0.017013858,,,,,,,,,,
540.2,0.01733398063,,,,,,,,,,
540.22,0.01766472659,,,,,,,,,,
540.24,0.01800559789,,,,,,,,,,
540.26,0.01835592497,,,,,,,,,,
540.28,0.01871533672,,,,,,,,,,
540.3,0.01908352826,,,,,,,,,,
540.32,0.019460066,,,,,,,,,,
540.34,0.0198443861,,,,,,,,,,
540.36,0.02023661697,,,,,,,,,,
540.38,0.02063658645,,,,,,,,,,
540.4,0.02104401089,,,,,,,,,,
540.42,0.02145914245,,,,,,,,,,
540.44,0.02188225608,,,,,,,,,,
540.46,0.02231352803,,,,,,,,,,
540.48,0.02275313599,,,,,,,,,,
540.5,0.02320189334,,,,,,,,,,
540.52,0.02366030033,,,,,,,,,,
540.54,0.02412863185,,,,,,,,,,
540.56,0.02460782388,,,,,,,,,,
540.58,0.02509859178,,,,,,,,,,
540.6,0.0256014143,,,,,,,,,,
540.62,0.02611678155,,,,,,,,,,
540.64,0.02664556952,,,,,,,,,,
540.66,0.02718820042,,,,,,,,,,
540.68,0.02774461835,,,,,,,,,,
540.7,0.02831553079,,,,,,,,,,
540.72,0.02890109527,,,,,,,,,,
540.74,0.02950110779,,,,,,,,,,
540.76,0.03011550967,,,,,,,,,,
540.78,0.03074444688,,,,,,,,,,
540.8,0.03138765342,,,,,,,,,,
540.82,0.03204429745,,,,,,,,,,
540.84,0.03271467876,,,,,,,,,,
540.86,0.03339835346,,,,,,,,,,
540.88,0.03409455725,,,,,,,,,,
540.9,0.03480299742,,,,,,,,,,
540.92,0.03552342567,,,,,,,,,,
540.94,0.03625520888,,,,,,,,,,
540.96,0.03699732596,,,,,,,,,,
540.98,0.03774983988,,,,,,,,,,
541,0.03851207072,,,,,,,,,,
541.02,0.03928294006,,,,,,,,,,
541.04,0.040062229,,,,,,,,,,
541.06,0.04084956388,,,,,,,,,,
541.08,0.04164427128,,,,,,,,,,
541.1,0.04244570545,,,,,,,,,,
541.12,0.04325424442,,,,,,,,,,
541.14,0.04406976159,,,,,,,,,,
541.16,0.04489173298,,,,,,,,,,
541.18,0.04572106732,,,,,,,,,,
541.2,0.04655826769,,,,,,,,,,
541.22,0.04740356186,,,,,,,,,,
541.24,0.04825756665,,,,,,,,,,
541.26,0.04912154849,,,,,,,,,,
541.28,0.0499962419,,,,,,,,,,
541.3,0.05088158599,,,,,,,,,,
541.32,0.05177927602,,,,,,,,,,
541.34,0.05268990417,,,,,,,,,,
541.36,0.05361350555,,,,,,,,,,
541.38,0.05455076166,,,,,,,,,,
541.4,0.05550241557,,,,,,,,,,
541.42,0.05646856191,,,,,,,,,,
541.44,0.05744867511,,,,,,,,,,
541.46,0.05844388133,,,,,,,,,,
541.48,0.05945419158,,,,,,,,,,
541.5,0.06047896788,,,,,,,,,,
541.52,0.06151895437,,,,,,,,,,
541.54,0.06257457448,,,,,,,,,,
541.56,0.06364571728,,,,,,,,,,
541.58,0.06473233172,,,,,,,,,,
541.6,0.0658356617,,,,,,,,,,
541.62,0.06695608368,,,,,,,,,,
541.64,0.06809308908,,,,,,,,,,
541.66,0.0692483439,,,,,,,,,,
541.68,0.07042252833,,,,,,,,,,
541.7,0.07161572668,,,,,,,,,,
541.72,0.07282875714,,,,,,,,,,
541.74,0.07406308758,,,,,,,,,,
541.76,0.07531945155,,,,,,,,,,
541.78,0.07659756665,,,,,,,,,,
541.8,0.07789988689,,,,,,,,,,
541.82,0.07922728992,,,,,,,,,,
541.84,0.08057990477,,,,,,,,,,
541.86,0.08195943509,,,,,,,,,,
541.88,0.08336736891,,,,,,,,,,
541.9,0.08480430937,,,,,,,,,,
541.92,0.08627050171,,,,,,,,,,
541.94,0.08776799525,,,,,,,,,,
541.96,0.0892972717,,,,,,,,,,
541.98,0.09085739033,,,,,,,,,,
542,0.09244980644,,,,,,,,,,
542.02,0.09407450423,,,,,,,,,,
542.04,0.0957302948,,,,,,,,,,
542.06,0.09741647247,,,,,,,,,,
542.08,0.09913306831,,,,,,,,,,
542.1,0.100878813,,,,,,,,,,
542.12,0.1026507187,,,,,,,,,,
542.14,0.1044494321,,,,,,,,,,
542.16,0.1062733224,,,,,,,,,,
542.18,0.1081197612,,,,,,,,,,
542.2,0.1099882082,,,,,,,,,,
542.22,0.1118780468,,,,,,,,,,
542.24,0.1137876944,,,,,,,,,,
542.26,0.1157153977,,,,,,,,,,
542.28,0.1176621974,,,,,,,,,,
542.3,0.1196275197,,,,,,,,,,
542.32,0.1216093959,,,,,,,,,,
542.34,0.1236096166,,,,,,,,,,
542.36,0.1256285356,,,,,,,,,,
542.38,0.1276654812,,,,,,,,,,
542.4,0.1297210342,,,,,,,,,,
542.42,0.1317970568,,,,,,,,,,
542.44,0.1338940578,,,,,,,,,,
542.46,0.1360107636,,,,,,,,,,
542.48,0.1381505693,,,,,,,,,,
542.5,0.140314056,,,,,,,,,,
542.52,0.1425003148,,,,,,,,,,
542.54,0.1447112774,,,,,,,,,,
542.56,0.1469482322,,,,,,,,,,
542.58,0.1492108699,,,,,,,,,,
542.6,0.151498664,,,,,,,,,,
542.62,0.153813883,,,,,,,,,,
542.64,0.1561564994,,,,,,,,,,
542.66,0.158524063,,,,,,,,,,
542.68,0.160919143,,,,,,,,,,
542.7,0.1633416544,,,,,,,,,,
542.72,0.1657899013,,,,,,,,,,
542.74,0.1682642186,,,,,,,,,,
542.76,0.1707658182,,,,,,,,,,
542.78,0.1732941236,,,,,,,,,,
542.8,0.1758470371,,,,,,,,,,
542.82,0.1784276199,,,,,,,,,,
542.84,0.1810357985,,,,,,,,,,
542.86,0.1836693656,,,,,,,,,,
542.88,0.1863307456,,,,,,,,,,
542.9,0.1890207725,,,,,,,,,,
542.92,0.1917383471,,,,,,,,,,
542.94,0.1944832085,,,,,,,,,,
542.96,0.1972575275,,,,,,,,,,
542.98,0.2000610337,,,,,,,,,,
543,0.2028898554,,,,,,,,,,
543.02,0.2057474831,,,,,,,,,,
543.04,0.2086327426,,,,,,,,,,
543.06,0.2115421556,,,,,,,,,,
543.08,0.2144759079,,,,,,,,,,
543.1,0.2174336241,,,,,,,,,,
543.12,0.2204125106,,,,,,,,,,
543.14,0.2234092808,,,,,,,,,,
543.16,0.226425213,,,,,,,,,,
543.18,0.2294584168,,,,,,,,,,
543.2,0.232503723,,,,,,,,,,
543.22,0.2355636231,,,,,,,,,,
543.24,0.238637182,,,,,,,,,,
543.26,0.2417214101,,,,,,,,,,
543.28,0.2448167251,,,,,,,,,,
543.3,0.2479249714,,,,,,,,,,
543.32,0.2510456166,,,,,,,,,,
543.34,0.2541764862,,,,,,,,,,
543.36,0.2573224503,,,,,,,,,,
543.38,0.2604842185,,,,,,,,,,
543.4,0.2636591593,,,,,,,,,,
543.42,0.2668518365,,,,,,,,,,
543.44,0.2700639313,,,,,,,,,,
543.46,0.2732942857,,,,,,,,,,
543.48,0.2765437668,,,,,,,,,,
543.5,0.2798157728,,,,,,,,,,
543.52,0.2831103698,,,,,,,,,,
543.54,0.2864239111,,,,,,,,,,
543.56,0.2897618242,,,,,,,,,,
543.58,0.2931239157,,,,,,,,,,
543.6,0.2965064164,,,,,,,,,,
543.62,0.2999123592,,,,,,,,,,
543.64,0.3033427656,,,,,,,,,,
543.66,0.3067954471,,,,,,,,,,
543.68,0.3102694191,,,,,,,,,,
543.7,0.3137680435,,,,,,,,,,
543.72,0.3172910207,,,,,,,,,,
543.74,0.3208328782,,,,,,,,,,
543.76,0.3243998617,,,,,,,,,,
543.78,0.327991543,,,,,,,,,,
543.8,0.331603957,,,,,,,,,,
543.82,0.3352397709,,,,,,,,,,
543.84,0.3389004939,,,,,,,,,,
543.86,0.3425839102,,,,,,,,,,
543.88,0.3462880322,,,,,,,,,,
543.9,0.3500167055,,,,,,,,,,
543.92,0.3537692418,,,,,,,,,,
543.94,0.3575388061,,,,,,,,,,
543.96,0.361331452,,,,,,,,,,
543.98,0.3651460441,,,,,,,,,,
544,0.3689775521,,,,,,,,,,
544.02,0.3728275178,,,,,,,,,,
544.04,0.376697134,,,,,,,,,,
544.06,0.3805835111,,,,,,,,,,
544.08,0.3844834324,,,,,,,,,,
544.1,0.3884012177,,,,,,,,,,
544.12,0.3923361009,,,,,,,,,,
544.14,0.396280967,,,,,,,,,,
544.16,0.4002426547,,,,,,,,,,
544.18,0.4042208916,,,,,,,,,,
544.2,0.4082112227,,,,,,,,,,
544.22,0.4122160609,,,,,,,,,,
544.24,0.416238055,,,,,,,,,,
544.26,0.4202752576,,,,,,,,,,
544.28,0.4243248317,,,,,,,,,,
544.3,0.4283925786,,,,,,,,,,
544.32,0.4324783271,,,,,,,,,,
544.34,0.4365747307,,,,,,,,,,
544.36,0.4406893276,,,,,,,,,,
544.38,0.4448218664,,,,,,,,,,
544.4,0.4489672109,,,,,,,,,,
544.42,0.4531274495,,,,,,,,,,
544.44,0.4573049916,,,,,,,,,,
544.46,0.4614970843,,,,,,,,,,
544.48,0.4656999702,,,,,,,,,,
544.5,0.4699194614,,,,,,,,,,
544.52,0.4741549569,,,,,,,,,,
544.54,0.4783980278,,,,,,,,,,
544.56,0.4826569006,,,,,,,,,,
544.58,0.4869313033,,,,,,,,,,
544.6,0.4912156908,,,,,,,,,,
544.62,0.4955128338,,,,,,,,,,
544.64,0.4998256412,,,,,,,,,,
544.66,0.504151368,,,,,,,,,,
544.68,0.5084866082,,,,,,,,,,
544.7,0.5128378251,,,,,,,,,,
544.72,0.5172046284,,,,,,,,,,
544.74,0.5215776487,,,,,,,,,,
544.76,0.5259662107,,,,,,,,,,
544.78,0.530369602,,,,,,,,,,
544.8,0.5347811397,,,,,,,,,,
544.82,0.5392038909,,,,,,,,,,
544.84,0.5436401399,,,,,,,,,,
544.86,0.5480859283,,,,,,,,,,
544.88,0.5525375573,,,,,,,,,,
544.9,0.5570009041,,,,,,,,,,
544.92,0.5614748486,,,,,,,,,,
544.94,0.5659482417,,,,,,,,,,
544.96,0.5704311194,,,,,,,,,,
544.98,0.5749217094,,,,,,,,,,
545,0.5794116034,,,,,,,,,,
545.02,0.5839043715,,,,,,,,,,
545.04,0.58840128,,,,,,,,,,
545.06,0.5928968189,,,,,,,,,,
545.08,0.5973874139,,,,,,,,,,
545.1,0.601878057,,,,,,,,,,
545.12,0.6063663377,,,,,,,,,,
545.14,0.610841106,,,,,,,,,,
545.16,0.6153119765,,,,,,,,,,
545.18,0.6197770421,,,,,,,,,,
545.2,0.6242266718,,,,,,,,,,
545.22,0.6286665821,,,,,,,,,,
545.24,0.6330982499,,,,,,,,,,
545.26,0.6375161983,,,,,,,,,,
545.28,0.6419197367,,,,,,,,,,
545.3,0.646315145,,,,,,,,,,
545.32,0.6507010922,,,,,,,,,,
545.34,0.6550697001,,,,,,,,,,
545.36,0.6594323247,,,,,,,,,,
545.38,0.6637891749,,,,,,,,,,
545.4,0.6681307473,,,,,,,,,,
545.42,0.6724665423,,,,,,,,,,
545.44,0.6767982047,,,,,,,,,,
545.46,0.6811193488,,,,,,,,,,
545.48,0.6854313081,,,,,,,,,,
545.5,0.6897389982,,,,,,,,,,
545.52,0.6940388079,,,,,,,,,,
545.54,0.6983232123,,,,,,,,,,
545.56,0.7026009685,,,,,,,,,,
545.58,0.7068704029,,,,,,,,,,
545.6,0.7111178316,,,,,,,,,,
545.62,0.7153536608,,,,,,,,,,
545.64,0.7195764157,,,,,,,,,,
545.66,0.7237761926,,,,,,,,,,
545.68,0.7279556527,,,,,,,,,,
545.7,0.7321174934,,,,,,,,,,
545.72,0.736255831,,,,,,,,,,
545.74,0.7403653779,,,,,,,,,,
545.76,0.7444536862,,,,,,,,,,
545.78,0.74851894,,,,,,,,,,
545.8,0.7525473152,,,,,,,,,,
545.82,0.7565517234,,,,,,,,,,
545.84,0.7605305427,,,,,,,,,,
545.86,0.7644724011,,,,,,,,,,
545.88,0.7683841935,,,,,,,,,,
545.9,0.7722678336,,,,,,,,,,
545.92,0.7761161336,,,,,,,,,,
545.94,0.7799277684,,,,,,,,,,
545.96,0.7837092787,,,,,,,,,,
545.98,0.7874575697,,,,,,,,,,
546,0.7911626014,,,,,,,,,,
546.02,0.7948360282,,,,,,,,,,
546.04,0.7984768773,,,,,,,,,,
546.06,0.8020713812,,,,,,,,,,
546.08,0.8056309308,,,,,,,,,,
546.1,0.8091557006,,,,,,,,,,
546.12,0.8126360447,,,,,,,,,,
546.14,0.8160746247,,,,,,,,,,
546.16,0.8194757609,,,,,,,,,,
546.18,0.8228337795,,,,,,,,,,
546.2,0.826142364,,,,,,,,,,
546.22,0.8294106522,,,,,,,,,,
546.24,0.8326371404,,,,,,,,,,
546.26,0.8358064258,,,,,,,,,,
546.28,0.8389333703,,,,,,,,,,
546.3,0.8420168977,,,,,,,,,,
546.32,0.8450450752,,,,,,,,,,
546.34,0.8480265452,,,,,,,,,,
546.36,0.8509646758,,,,,,,,,,
546.38,0.8538527352,,,,,,,,,,
546.4,0.8566912458,,,,,,,,,,
546.42,0.8594888954,,,,,,,,,,
546.44,0.8622437576,,,,,,,,,,
546.46,0.8649475754,,,,,,,,,,
546.48,0.86761441,,,,,,,,,,
546.5,0.8702453069,,,,,,,,,,
546.52,0.8728261918,,,,,,,,,,
546.54,0.875372571,,,,,,,,,,
546.56,0.8778857671,,,,,,,,,,
546.58,0.8803559261,,,,,,,,,,
546.6,0.8827890674,,,,,,,,,,
546.62,0.8851903514,,,,,,,,,,
546.64,0.8875537626,,,,,,,,,,
546.66,0.8898755752,,,,,,,,,,
546.68,0.8921651514,,,,,,,,,,
546.7,0.8944201621,,,,,,,,,,
546.72,0.8966269236,,,,,,,,,,
546.74,0.8987995723,,,,,,,,,,
546.76,0.9009368018,,,,,,,,,,
546.78,0.903023224,,,,,,,,,,
546.8,0.9050700419,,,,,,,,,,
546.82,0.9070780655,,,,,,,,,,
546.84,0.9090367641,,,,,,,,,,
546.86,0.9109485581,,,,,,,,,,
546.88,0.9128192846,,,,,,,,,,
546.9,0.9146435505,,,,,,,,,,
546.92,0.9164153706,,,,,,,,,,
546.94,0.9181464341,,,,,,,,,,
546.96,0.9198366525,,,,,,,,,,
546.98,0.9214716086,,,,,,,,,,
547,0.9230693226,,,,,,,,,,
547.02,0.9246310452,,,,,,,,,,
547.04,0.9261448441,,,,,,,,,,
547.06,0.927623504,,,,,,,,,,
547.08,0.9290719104,,,,,,,,,,
547.1,0.9304830837,,,,,,,,,,
547.12,0.9318606915,,,,,,,,,,
547.14,0.9332140189,,,,,,,,,,
547.16,0.9345402248,,,,,,,,,,
547.18,0.9358333148,,,,,,,,,,
547.2,0.9371070008,,,,,,,,,,
547.22,0.938362192,,,,,,,,,,
547.24,0.939582955,,,,,,,,,,
547.26,0.940787854,,,,,,,,,,
547.28,0.941977298,,,,,,,,,,
547.3,0.9431383812,,,,,,,,,,
547.32,0.9442820003,,,,,,,,,,
547.34,0.9454121676,,,,,,,,,,
547.36,0.9465206207,,,,,,,,,,
547.38,0.9476091075,,,,,,,,,,
547.4,0.9486861172,,,,,,,,,,
547.42,0.9497477273,,,,,,,,,,
547.44,0.9507863837,,,,,,,,,,
547.46,0.9518152275,,,,,,,,,,
547.48,0.9528342721,,,,,,,,,,
547.5,0.9538262672,,,,,,,,,,
547.52,0.9548091373,,,,,,,,,,
547.54,0.955782276,,,,,,,,,,
547.56,0.9567312839,,,,,,,,,,
547.58,0.957666149,,,,,,,,,,
547.6,0.958589513,,,,,,,,,,
547.62,0.9594913095,,,,,,,,,,
547.64,0.9603722551,,,,,,,,,,
547.66,0.9612392948,,,,,,,,,,
547.68,0.9620867539,,,,,,,,,,
547.7,0.9629064605,,,,,,,,,,
547.72,0.9637103974,,,,,,,,,,
547.74,0.9644974971,,,,,,,,,,
547.76,0.9652509793,,,,,,,,,,
547.78,0.9659885582,,,,,,,,,,
547.8,0.9667102887,,,,,,,,,,
547.82,0.9674018802,,,,,,,,,,
547.84,0.9680760551,,,,,,,,,,
547.86,0.9687366675,,,,,,,,,,
547.88,0.9693747816,,,,,,,,,,
547.9,0.9699947997,,,,,,,,,,
547.92,0.9706053217,,,,,,,,,,
547.94,0.9712020596,,,,,,,,,,
547.96,0.971780651,,,,,,,,,,
547.98,0.9723542072,,,,,,,,,,
548,0.972922336,,,,,,,,,,
548.02,0.9734713322,,,,,,,,,,
548.04,0.9740186884,,,,,,,,,,
548.06,0.9745649143,,,,,,,,,,
548.08,0.975094056,,,,,,,,,,
548.1,0.975620562,,,,,,,,,,
548.12,0.9761461428,,,,,,,,,,
548.14,0.9766589447,,,,,,,,,,
548.16,0.9771641535,,,,,,,,,,
548.18,0.9776672221,,,,,,,,,,
548.2,0.9781603618,,,,,,,,,,
548.22,0.9786398641,,,,,,,,,,
548.24,0.9791154426,,,,,,,,,,
548.26,0.9795833801,,,,,,,,,,
548.28,0.9800312825,,,,,,,,,,
548.3,0.9804736115,,,,,,,,,,
548.32,0.9809099914,,,,,,,,,,
548.34,0.9813215804,,,,,,,,,,
548.36,0.9817257861,,,,,,,,,,
548.38,0.9821225685,,,,,,,,,,
548.4,0.9824981296,,,,,,,,,,
548.42,0.9828616679,,,,,,,,,,
548.44,0.9832176178,,,,,,,,,,
548.46,0.9835571535,,,,,,,,,,
548.48,0.9838816143,,,,,,,,,,
548.5,0.9842002776,,,,,,,,,,
548.52,0.9845091449,,,,,,,,,,
548.54,0.9848017854,,,,,,,,,,
548.56,0.9850925222,,,,,,,,,,
548.58,0.9853818073,,,,,,,,,,
548.6,0.9856550799,,,,,,,,,,
548.62,0.98593156,,,,,,,,,,
548.64,0.9862126774,,,,,,,,,,
548.66,0.9864835397,,,,,,,,,,
548.68,0.9867593137,,,,,,,,,,
548.7,0.9870430346,,,,,,,,,,
548.72,0.9873235148,,,,,,,,,,
548.74,0.9876067243,,,,,,,,,,
548.76,0.9878987047,,,,,,,,,,
548.78,0.9881915144,,,,,,,,,,
548.8,0.9884820263,,,,,,,,,,
548.82,0.9887796591,,,,,,,,,,
548.84,0.9890797976,,,,,,,,,,
548.86,0.9893706812,,,,,,,,,,
548.88,0.9896659052,,,,,,,,,,
548.9,0.9899646133,,,,,,,,,,
548.92,0.9902469384,,,,,,,,,,
548.94,0.9905314605,,,,,,,,,,
548.96,0.9908173903,,,,,,,,,,
548.98,0.991089349,,,,,,,,,,
549,0.9913589982,,,,,,,,,,
549.02,0.9916297181,,,,,,,,,,
549.04,0.9918910032,,,,,,,,,,
549.06,0.9921470241,,,,,,,,,,
549.08,0.9924054698,,,,,,,,,,
549.1,0.9926601625,,,,,,,,,,
549.12,0.9929075301,,,,,,,,,,
549.14,0.9931594082,,,,,,,,,,
549.16,0.99341335,,,,,,,,,,
549.18,0.9936576606,,,,,,,,,,
549.2,0.9939081988,,,,,,,,,,
549.22,0.9941654141,,,,,,,,,,
549.24,0.9944101632,,,,,,,,,,
549.26,0.9946612045,,,,,,,,,,
549.28,0.9949181192,,,,,,,,,,
549.3,0.9951654834,,,,,,,,,,
549.32,0.9954134859,,,,,,,,,,
549.34,0.9956646751,,,,,,,,,,
549.36,0.9959071224,,,,,,,,,,
549.38,0.9961427207,,,,,,,,,,
549.4,0.996377336,,,,,,,,,,
549.42,0.9966026175,,,,,,,,,,
549.44,0.9968126849,,,,,,,,,,
549.46,0.9970174401,,,,,,,,,,
549.48,0.9972125072,,,,,,,,,,
549.5,0.9973848802,,,,,,,,,,
549.52,0.9975493556,,,,,,,,,,
549.54,0.9977059289,,,,,,,,,,
549.56,0.9978351136,,,,,,,,,,
549.58,0.9979569819,,,,,,,,,,
549.6,0.9980721511,,,,,,,,,,
549.62,0.9981664655,,,,,,,,,,
549.64,0.9982533216,,,,,,,,,,
549.66,0.9983375883,,,,,,,,,,
549.68,0.9984096303,,,,,,,,,,
549.7,0.9984755972,,,,,,,,,,
549.72,0.9985438727,,,,,,,,,,
549.74,0.9986082107,,,,,,,,,,
549.76,0.9986667283,,,,,,,,,,
549.78,0.9987306722,,,,,,,,,,
549.8,0.9987962963,,,,,,,,,,
549.82,0.998853205,,,,,,,,,,
549.84,0.9989154205,,,,,,,,,,
549.86,0.9989814725,,,,,,,,,,
549.88,0.999032582,,,,,,,,,,
549.9,0.9990863279,,,,,,,,,,
549.92,0.9991408709,,,,,,,,,,
549.94,0.9991782864,,,,,,,,,,
549.96,0.9992130203,,,,,,,,,,
549.98,0.9992439247,,,,,,,,,,
550,0.9992651651,,,,,,,,,,
550.02,0.9993003105,,,,,,,,,,
550.04,0.9993453233,,,,,,,,,,
550.06,0.9993737762,,,,,,,,,,
550.08,0.9993905019,,,,,,,,,,
550.1,0.9994083782,,,,,,,,,,
550.12,0.9994201703,,,,,,,,,,
550.14,0.9994215167,,,,,,,,,,
550.16,0.9994270306,,,,,,,,,,
550.18,0.9994354786,,,,,,,,,,
550.2,0.9994346268,,,,,,,,,,
550.22,0.999442368,,,,,,,,,,
550.24,0.999459971,,,,,,,,,,
550.26,0.9994691555,,,,,,,,,,
550.28,0.9994891061,,,,,,,,,,
550.3,0.9995203212,,,,,,,,,,
550.32,0.9995474488,,,,,,,,,,
550.34,0.9995817593,,,,,,,,,,
550.36,0.9996260494,,,,,,,,,,
550.38,0.9996678142,,,,,,,,,,
550.4,0.9997107681,,,,,,,,,,
550.42,0.9997603714,,,,,,,,,,
550.44,0.9998070993,,,,,,,,,,
550.46,0.9998475926,,,,,,,,,,
550.48,0.9998904978,,,,,,,,,,
550.5,0.9999294822,,,,,,,,,,
550.52,0.9999545439,,,,,,,,,,
550.54,0.999978021,,,,,,,,,,
550.56,0.9999969472,,,,,,,,,,
550.58,0.9999949443,,,,,,,,,,
550.6,0.9999884124,,,,,,,,,,
550.62,0.9999766849,,,,,,,,,,
550.64,0.9999404962,,,,,,,,,,
550.66,0.9998970789,,,,,,,,,,
550.68,0.9998468359,,,,,,,,,,
550.7,0.9997746107,,,,,,,,,,
550.72,0.9996914525,,,,,,,,,,
550.74,0.9996012142,,,,,,,,,,
550.76,0.9994926237,,,,,,,,,,
550.78,0.9993706717,,,,,,,,,,
550.8,0.9992427239,,,,,,,,,,
550.82,0.9991012045,,,,,,,,,,
550.84,0.99894516,,,,,,,,,,
550.86,0.9987855872,,,,,,,,,,
550.88,0.9986184291,,,,,,,,,,
550.9,0.9984368089,,,,,,,,,,
550.92,0.9982554079,,,,,,,,,,
550.94,0.9980734198,,,,,,,,,,
550.96,0.9978778614,,,,,,,,,,
550.98,0.9976869711,,,,,,,,,,
551,0.9975023326,,,,,,,,,,
551.02,0.997305789,,,,,,,,,,
551.04,0.9971174955,,,,,,,,,,
551.06,0.9969385246,,,,,,,,,,
551.08,0.9967536243,,,,,,,,,,
551.1,0.996575948,,,,,,,,,,
551.12,0.9964085723,,,,,,,,,,
551.14,0.9962386624,,,,,,,,,,
551.16,0.9960722958,,,,,,,,,,
551.18,0.9959144816,,,,,,,,,,
551.2,0.9957546242,,,,,,,,,,
551.22,0.9955919765,,,,,,,,,,
551.24,0.9954338319,,,,,,,,,,
551.26,0.995272069,,,,,,,,,,
551.28,0.9950997214,,,,,,,,,,
551.3,0.994927106,,,,,,,,,,
551.32,0.9947491508,,,,,,,,,,
551.34,0.9945534738,,,,,,,,,,
551.36,0.9943543083,,,,,,,,,,
551.38,0.9941502715,,,,,,,,,,
551.4,0.9939242403,,,,,,,,,,
551.42,0.9936950233,,,,,,,,,,
551.44,0.993463591,,,,,,,,,,
551.46,0.9932132372,,,,,,,,,,
551.48,0.9929624354,,,,,,,,,,
551.5,0.9927144969,,,,,,,,,,
551.52,0.9924568518,,,,,,,,,,
551.54,0.9922028092,,,,,,,,,,
551.56,0.9919586448,,,,,,,,,,
551.58,0.9917148021,,,,,,,,,,
551.6,0.9914785266,,,,,,,,,,
551.62,0.9912580581,,,,,,,,,,
551.64,0.9910456918,,,,,,,,,,
551.66,0.9908418163,,,,,,,,,,
551.68,0.9906559734,,,,,,,,,,
551.7,0.9904816277,,,,,,,,,,
551.72,0.9903120756,,,,,,,,,,
551.74,0.9901581954,,,,,,,,,,
551.76,0.9900146893,,,,,,,,,,
551.78,0.9898682228,,,,,,,,,,
551.8,0.9897317371,,,,,,,,,,
551.82,0.9896018721,,,,,,,,,,
551.84,0.9894595823,,,,,,,,,,
551.86,0.9893209309,,,,,,,,,,
551.88,0.9891841296,,,,,,,,,,
551.9,0.9890291637,,,,,,,,,,
551.92,0.9888722768,,,,,,,,,,
551.94,0.988713614,,,,,,,,,,
551.96,0.9885373504,,,,,,,,,,
551.98,0.9883555774,,,,,,,,,,
552,0.9881720807,,,,,,,,,,
552.02,0.987974995,,,,,,,,,,
552.04,0.9877721292,,,,,,,,,,
552.06,0.9875705349,,,,,,,,,,
552.08,0.9873616429,,,,,,,,,,
552.1,0.9871484917,,,,,,,,,,
552.12,0.9869408263,,,,,,,,,,
552.14,0.9867326129,,,,,,,,,,
552.16,0.9865216025,,,,,,,,,,
552.18,0.9863197692,,,,,,,,,,
552.2,0.986123038,,,,,,,,,,
552.22,0.9859235502,,,,,,,,,,
552.24,0.9857353069,,,,,,,,,,
552.26,0.9855559062,,,,,,,,,,
552.28,0.9853718013,,,,,,,,,,
552.3,0.9851990711,,,,,,,,,,
552.32,0.9850369593,,,,,,,,,,
552.34,0.9848663458,,,,,,,,,,
552.36,0.9847056131,,,,,,,,,,
552.38,0.9845538792,,,,,,,,,,
552.4,0.9843924921,,,,,,,,,,
552.42,0.9842366698,,,,,,,,,,
552.44,0.9840869752,,,,,,,,,,
552.46,0.9839274808,,,,,,,,,,
552.48,0.9837686551,,,,,,,,,,
552.5,0.983613521,,,,,,,,,,
552.52,0.9834490601,,,,,,,,,,
552.54,0.9832813876,,,,,,,,,,
552.56,0.983116251,,,,,,,,,,
552.58,0.9829436022,,,,,,,,,,
552.6,0.9827654252,,,,,,,,,,
552.62,0.9825902926,,,,,,,,,,
552.64,0.9824109996,,,,,,,,,,
552.66,0.9822253938,,,,,,,,,,
552.68,0.9820447837,,,,,,,,,,
552.7,0.9818645006,,,,,,,,,,
552.72,0.981678055,,,,,,,,,,
552.74,0.9814992575,,,,,,,,,,
552.76,0.9813255652,,,,,,,,,,
552.78,0.9811458477,,,,,,,,,,
552.8,0.9809761385,,,,,,,,,,
552.82,0.980815627,,,,,,,,,,
552.84,0.9806482661,,,,,,,,,,
552.86,0.980492118,,,,,,,,,,
552.88,0.9803473091,,,,,,,,,,
552.9,0.9801944499,,,,,,,,,,
552.92,0.9800519698,,,,,,,,,,
552.94,0.9799197526,,,,,,,,,,
552.96,0.9797805369,,,,,,,,,,
552.98,0.9796480685,,,,,,,,,,
553,0.9795240875,,,,,,,,,,
553.02,0.9793937113,,,,,,,,,,
553.04,0.9792664933,,,,,,,,,,
553.06,0.9791464093,,,,,,,,,,
553.08,0.9790211889,,,,,,,,,,
553.1,0.9788965741,,,,,,,,,,
553.12,0.9787789972,,,,,,,,,,
553.14,0.9786588017,,,,,,,,,,
553.16,0.9785380078,,,,,,,,,,
553.18,0.9784254449,,,,,,,,,,
553.2,0.9783137956,,,,,,,,,,
553.22,0.9782011845,,,,,,,,,,
553.24,0.9780985928,,,,,,,,,,
553.26,0.978000654,,,,,,,,,,
553.28,0.977901356,,,,,,,,,,
553.3,0.9778136133,,,,,,,,,,
553.32,0.977733718,,,,,,,,,,
553.34,0.9776513994,,,,,,,,,,
553.36,0.9775814484,,,,,,,,,,
553.38,0.9775217087,,,,,,,,,,
553.4,0.9774576802,,,,,,,,,,
553.42,0.9774061106,,,,,,,,,,
553.44,0.9773664102,,,,,,,,,,
553.46,0.9773199439,,,,,,,,,,
553.48,0.9772855267,,,,,,,,,,
553.5,0.9772628509,,,,,,,,,,
553.52,0.9772331896,,,,,,,,,,
553.54,0.9772135347,,,,,,,,,,
553.56,0.9772045033,,,,,,,,,,
553.58,0.9771894356,,,,,,,,,,
553.6,0.9771814439,,,,,,,,,,
553.62,0.9771828393,,,,,,,,,,
553.64,0.9771789926,,,,,,,,,,
553.66,0.9771792906,,,,,,,,,,
553.68,0.9771878074,,,,,,,,,,
553.7,0.977191932,,,,,,,,,,
553.72,0.977197489,,,,,,,,,,
553.74,0.9772104061,,,,,,,,,,
553.76,0.9772200813,,,,,,,,,,
553.78,0.9772289183,,,,,,,,,,
553.8,0.9772447717,,,,,,,,,,
553.82,0.977259005,,,,,,,,,,
553.84,0.9772706819,,,,,,,,,,
553.86,0.9772895986,,,,,,,,,,
553.88,0.9773089785,,,,,,,,,,
553.9,0.9773245381,,,,,,,,,,
553.92,0.9773479564,,,,,,,,,,
553.94,0.9773741415,,,,,,,,,,
553.96,0.9773953781,,,,,,,,,,
553.98,0.9774251101,,,,,,,,,,
554,0.9774597224,,,,,,,,,,
554.02,0.9774879511,,,,,,,,,,
554.04,0.9775248849,,,,,,,,,,
554.06,0.9775682075,,,,,,,,,,
554.08,0.977603031,,,,,,,,,,
554.1,0.9776460344,,,,,,,,,,
554.12,0.9776961217,,,,,,,,,,
554.14,0.9777348094,,,,,,,,,,
554.16,0.9777804288,,,,,,,,,,
554.18,0.9778324331,,,,,,,,,,
554.2,0.9778710963,,,,,,,,,,
554.22,0.9779143928,,,,,,,,,,
554.24,0.977962275,,,,,,,,,,
554.26,0.9779969385,,,,,,,,,,
554.28,0.9780333494,,,,,,,,,,
554.3,0.9780731946,,,,,,,,,,
554.32,0.9781007651,,,,,,,,,,
554.34,0.9781283138,,,,,,,,,,
554.36,0.9781594203,,,,,,,,,,
554.38,0.978180511,,,,,,,,,,
554.4,0.9782012418,,,,,,,,,,
554.42,0.9782270414,,,,,,,,,,
554.44,0.9782462841,,,,,,,,,,
554.46,0.9782659064,,,,,,,,,,
554.48,0.9782929272,,,,,,,,,,
554.5,0.9783172954,,,,,,,,,,
554.52,0.978342961,,,,,,,,,,
554.54,0.978378202,,,,,,,,,,
554.56,0.9784141694,,,,,,,,,,
554.58,0.9784516276,,,,,,,,,,
554.6,0.9784999324,,,,,,,,,,
554.62,0.9785512775,,,,,,,,,,
554.64,0.9786032902,,,,,,,,,,
554.66,0.9786664996,,,,,,,,,,
554.68,0.9787342591,,,,,,,,,,
554.7,0.9788013442,,,,,,,,,,
554.72,0.9788797423,,,,,,,,,,
554.74,0.9789642025,,,,,,,,,,
554.76,0.9790469589,,,,,,,,,,
554.78,0.9791416799,,,,,,,,,,
554.8,0.9792446044,,,,,,,,,,
554.82,0.9793455113,,,,,,,,,,
554.84,0.9794597003,,,,,,,,,,
554.86,0.9795847022,,,,,,,,,,
554.88,0.9797076305,,,,,,,,,,
554.9,0.9798451081,,,,,,,,,,
554.92,0.9799955624,,,,,,,,,,
554.94,0.9801431131,,,,,,,,,,
554.96,0.9803053702,,,,,,,,,,
554.98,0.980481328,,,,,,,,,,
555,0.9806517004,,,,,,,,,,
555.02,0.9808345963,,,,,,,,,,
555.04,0.9810292847,,,,,,,,,,
555.06,0.9812155976,,,,,,,,,,
555.08,0.981411601,,,,,,,,,,
555.1,0.981616243,,,,,,,,,,
555.12,0.9818101283,,,,,,,,,,
555.14,0.9820088119,,,,,,,,,,
555.16,0.9822124668,,,,,,,,,,
555.18,0.9824030845,,,,,,,,,,
555.2,0.9825940394,,,,,,,,,,
555.22,0.9827868435,,,,,,,,,,
555.24,0.9829650145,,,,,,,,,,
555.26,0.9831399086,,,,,,,,,,
555.28,0.9833143944,,,,,,,,,,
555.3,0.9834734937,,,,,,,,,,
555.32,0.9836266096,,,,,,,,,,
555.34,0.9837779546,,,,,,,,,,
555.36,0.9839140199,,,,,,,,,,
555.38,0.9840423524,,,,,,,,,,
555.4,0.9841685546,,,,,,,,,,
555.42,0.9842806187,,,,,,,,,,
555.44,0.9843843884,,,,,,,,,,
555.46,0.9844869398,,,,,,,,,,
555.48,0.9845778015,,,,,,,,,,
555.5,0.9846612238,,,,,,,,,,
555.52,0.9847457565,,,,,,,,,,
555.54,0.9848223748,,,,,,,,,,
555.56,0.9848936854,,,,,,,,,,
555.58,0.984969532,,,,,,,,,,
555.6,0.9850420658,,,,,,,,,,
555.62,0.9851120265,,,,,,,,,,
555.64,0.9851902297,,,,,,,,,,
555.66,0.9852696331,,,,,,,,,,
555.68,0.9853488347,,,,,,,,,,
555.7,0.9854393057,,,,,,,,,,
555.72,0.9855345033,,,,,,,,,,
555.74,0.9856307174,,,,,,,,,,
555.76,0.9857399044,,,,,,,,,,
555.78,0.9858558877,,,,,,,,,,
555.8,0.9859726607,,,,,,,,,,
555.82,0.9861026674,,,,,,,,,,
555.84,0.9862401187,,,,,,,,,,
555.86,0.9863768462,,,,,,,,,,
555.88,0.9865258702,,,,,,,,,,
555.9,0.9866818644,,,,,,,,,,
555.92,0.98683465,,,,,,,,,,
555.94,0.9869979037,,,,,,,,,,
555.96,0.9871668142,,,,,,,,,,
555.98,0.9873293128,,,,,,,,,,
556,0.987499786,,,,,,,,,,
556.02,0.9876739787,,,,,,,,,,
556.04,0.9878380593,,,,,,,,,,
556.06,0.9880072031,,,,,,,,,,
556.08,0.9881778013,,,,,,,,,,
556.1,0.9883344479,,,,,,,,,,
556.12,0.9884932556,,,,,,,,,,
556.14,0.9886514238,,,,,,,,,,
556.16,0.9887922237,,,,,,,,,,
556.18,0.9889328992,,,,,,,,,,
556.2,0.9890716451,,,,,,,,,,
556.22,0.9891906601,,,,,,,,,,
556.24,0.9893084823,,,,,,,,,,
556.26,0.9894244314,,,,,,,,,,
556.28,0.9895197987,,,,,,,,,,
556.3,0.9896144665,,,,,,,,,,
556.32,0.989708877,,,,,,,,,,
556.34,0.9897834271,,,,,,,,,,
556.36,0.9898592263,,,,,,,,,,
556.38,0.9899370801,,,,,,,,,,
556.4,0.9899980638,,,,,,,,,,
556.42,0.9900624796,,,,,,,,,,
556.44,0.9901316541,,,,,,,,,,
556.46,0.9901872756,,,,,,,,,,
556.48,0.9902482009,,,,,,,,,,
556.5,0.9903159902,,,,,,,,,,
556.52,0.9903725616,,,,,,,,,,
556.54,0.9904350834,,,,,,,,,,
556.56,0.9905050959,,,,,,,,,,
556.58,0.9905645737,,,,,,,,,,
556.6,0.99062902,,,,,,,,,,
556.62,0.9907000106,,,,,,,,,,
556.64,0.9907597316,,,,,,,,,,
556.66,0.9908223669,,,,,,,,,,
556.68,0.9908898727,,,,,,,,,,
556.7,0.9909450325,,,,,,,,,,
556.72,0.9910012049,,,,,,,,,,
556.74,0.9910611229,,,,,,,,,,
556.76,0.9911085006,,,,,,,,,,
556.78,0.9911562111,,,,,,,,,,
556.8,0.9912079185,,,,,,,,,,
556.82,0.9912482923,,,,,,,,,,
556.84,0.9912897122,,,,,,,,,,
556.86,0.9913365736,,,,,,,,,,
556.88,0.9913741983,,,,,,,,,,
556.9,0.9914141899,,,,,,,,,,
556.92,0.9914612798,,,,,,,,,,
556.94,0.9915010365,,,,,,,,,,
556.96,0.9915440011,,,,,,,,,,
556.98,0.9915949346,,,,,,,,,,
557,0.9916394176,,,,,,,,,,
557.02,0.9916868693,,,,,,,,,,
557.04,0.9917420352,,,,,,,,,,
557.06,0.9917905392,,,,,,,,,,
557.08,0.9918408624,,,,,,,,,,
557.1,0.9918978867,,,,,,,,,,
557.12,0.9919474463,,,,,,,,,,
557.14,0.9919973301,,,,,,,,,,
557.16,0.9920526977,,,,,,,,,,
557.18,0.9920996846,,,,,,,,,,
557.2,0.9921455039,,,,,,,,,,
557.22,0.9921955719,,,,,,,,,,
557.24,0.9922362431,,,,,,,,,,
557.26,0.9922741093,,,,,,,,,,
557.28,0.9923146926,,,,,,,,,,
557.3,0.9923444046,,,,,,,,,,
557.32,0.9923691476,,,,,,,,,,
557.34,0.9923944391,,,,,,,,,,
557.36,0.9924066838,,,,,,,,,,
557.38,0.9924111711,,,,,,,,,,
557.4,0.9924134775,,,,,,,,,,
557.42,0.9924001207,,,,,,,,,,
557.44,0.9923760236,,,,,,,,,,
557.46,0.9923470217,,,,,,,,,,
557.48,0.9922999507,,,,,,,,,,
557.5,0.9922396375,,,,,,,,,,
557.52,0.9921723331,,,,,,,,,,
557.54,0.9920852939,,,,,,,,,,
557.56,0.9919833675,,,,,,,,,,
557.58,0.991873193,,,,,,,,,,
557.6,0.9917423568,,,,,,,,,,
557.62,0.9915956645,,,,,,,,,,
557.64,0.991439973,,,,,,,,,,
557.66,0.9912630167,,,,,,,,,,
557.68,0.9910694695,,,,,,,,,,
557.7,0.9908662706,,,,,,,,,,
557.72,0.990641214,,,,,,,,,,
557.74,0.9903988854,,,,,,,,,,
557.76,0.9901463256,,,,,,,,,,
557.78,0.9898714506,,,,,,,,,,
557.8,0.9895789254,,,,,,,,,,
557.82,0.9892759866,,,,,,,,,,
557.84,0.9889507485,,,,,,,,,,
557.86,0.9886080674,,,,,,,,,,
557.88,0.988255352,,,,,,,,,,
557.9,0.9878808212,,,,,,,,,,
557.92,0.987489435,,,,,,,,,,
557.94,0.9870885435,,,,,,,,,,
557.96,0.9866661934,,,,,,,,,,
557.98,0.9862272217,,,,,,,,,,
558,0.9857786191,,,,,,,,,,
558.02,0.9853079906,,,,,,,,,,
558.04,0.9848199131,,,,,,,,,,
558.06,0.9843208816,,,,,,,,,,
558.08,0.9837980129,,,,,,,,,,
558.1,0.983255744,,,,,,,,,,
558.12,0.982700204,,,,,,,,,,
558.14,0.9821182193,,,,,,,,,,
558.16,0.9815144057,,,,,,,,,,
558.18,0.9808947864,,,,,,,,,,
558.2,0.9802461482,,,,,,,,,,
558.22,0.9795735718,,,,,,,,,,
558.24,0.9788831294,,,,,,,,,,
558.26,0.9781616509,,,,,,,,,,
558.28,0.9774147608,,,,,,,,,,
558.3,0.9766485137,,,,,,,,,,
558.32,0.9758496535,,,,,,,,,,
558.34,0.9750242493,,,,,,,,,,
558.36,0.9741781454,,,,,,,,,,
558.38,0.9732978068,,,,,,,,,,
558.4,0.9723896495,,,,,,,,,,
558.42,0.9714591789,,,,,,,,,,
558.44,0.9704925035,,,,,,,,,,
558.46,0.9694964383,,,,,,,,,,
558.48,0.9684761913,,,,,,,,,,
558.5,0.9674176051,,,,,,,,,,
558.52,0.9663281003,,,,,,,,,,
558.54,0.9652127549,,,,,,,,,,
558.56,0.9640573274,,,,,,,,,,
558.58,0.9628701012,,,,,,,,,,
558.6,0.9616562067,,,,,,,,,,
558.62,0.9604014785,,,,,,,,,,
558.64,0.9591152738,,,,,,,,,,
558.66,0.9578028894,,,,,,,,,,
558.68,0.9564503155,,,,,,,,,,
558.7,0.9550681037,,,,,,,,,,
558.72,0.9536617395,,,,,,,,,,
558.74,0.9522173536,,,,,,,,,,
558.76,0.9507467218,,,,,,,,,,
558.78,0.9492554511,,,,,,,,,,
558.8,0.9477297138,,,,,,,,,,
558.82,0.9461824619,,,,,,,,,,
558.84,0.9446192908,,,,,,,,,,
558.86,0.9430262606,,,,,,,,,,
558.88,0.9414174153,,,,,,,,,,
558.9,0.9397981866,,,,,,,,,,
558.92,0.9381543706,,,,,,,,,,
558.94,0.9365010395,,,,,,,,,,
558.96,0.9348433448,,,,,,,,,,
558.98,0.9331667116,,,,,,,,,,
559,0.9314872225,,,,,,,,,,
559.02,0.9298096723,,,,,,,,,,
559.04,0.9281190338,,,,,,,,,,
559.06,0.9264323872,,,,,,,,,,
559.08,0.9247540761,,,,,,,,,,
559.1,0.9230684982,,,,,,,,,,
559.12,0.9213936585,,,,,,,,,,
559.14,0.919733284,,,,,,,,,,
559.16,0.9180710042,,,,,,,,,,
559.18,0.9164256156,,,,,,,,,,
559.2,0.9148000256,,,,,,,,,,
559.22,0.9131768933,,,,,,,,,,
559.24,0.9115756987,,,,,,,,,,
559.26,0.9099982868,,,,,,,,,,
559.28,0.9084265296,,,,,,,,,,
559.3,0.9068802921,,,,,,,,,,
559.32,0.9053598724,,,,,,,,,,
559.34,0.9038480108,,,,,,,,,,
559.36,0.9023633822,,,,,,,,,,
559.38,0.9009053026,,,,,,,,,,
559.4,0.8994574607,,,,,,,,,,
559.42,0.8980373605,,,,,,,,,,
559.44,0.8966433332,,,,,,,,,,
559.46,0.8952600447,,,,,,,,,,
559.48,0.8939037964,,,,,,,,,,
559.5,0.8925718926,,,,,,,,,,
559.52,0.8912499909,,,,,,,,,,
559.54,0.8899531853,,,,,,,,,,
559.56,0.8886777785,,,,,,,,,,
559.58,0.8874105438,,,,,,,,,,
559.6,0.8861655083,,,,,,,,,,
559.62,0.8849381618,,,,,,,,,,
559.64,0.8837166821,,,,,,,,,,
559.66,0.8825143175,,,,,,,,,,
559.68,0.8813260399,,,,,,,,,,
559.7,0.8801417694,,,,,,,,,,
559.72,0.8789742456,,,,,,,,,,
559.74,0.8778181215,,,,,,,,,,
559.76,0.8766652299,,,,,,,,,,
559.78,0.8755278524,,,,,,,,,,
559.8,0.8744002448,,,,,,,,,,
559.82,0.8732760242,,,,,,,,,,
559.84,0.872166839,,,,,,,,,,
559.86,0.8710661624,,,,,,,,,,
559.88,0.8699690321,,,,,,,,,,
559.9,0.8688864264,,,,,,,,,,
559.92,0.8678103749,,,,,,,,,,
559.94,0.8667368806,,,,,,,,,,
559.96,0.8656772692,,,,,,,,,,
559.98,0.8646210664,,,,,,,,,,
560,0.8635579809,,,,,,,,,,
560.02,0.8624915947,,,,,,,,,,
560.04,0.8614170663,,,,,,,,,,
560.06,0.8603420544,,,,,,,,,,
560.08,0.8592760065,,,,,,,,,,
560.1,0.8582068177,,,,,,,,,,
560.12,0.8571365524,,,,,,,,,,
560.14,0.8560729737,,,,,,,,,,
560.16,0.8550052773,,,,,,,,,,
560.18,0.8539375555,,,,,,,,,,
560.2,0.8528769086,,,,,,,,,,
560.22,0.8518125409,,,,,,,,,,
560.24,0.8507507277,,,,,,,,,,
560.26,0.8496980074,,,,,,,,,,
560.28,0.8486429629,,,,,,,,,,
560.3,0.8475938442,,,,,,,,,,
560.32,0.8465563736,,,,,,,,,,
560.34,0.845518119,,,,,,,,,,
560.36,0.8444891198,,,,,,,,,,
560.38,0.843474107,,,,,,,,,,
560.4,0.8424594914,,,,,,,,,,
560.42,0.8414571334,,,,,,,,,,
560.44,0.8404708242,,,,,,,,,,
560.46,0.8394858971,,,,,,,,,,
560.48,0.8385162464,,,,,,,,,,
560.5,0.8375648973,,,,,,,,,,
560.52,0.8366162487,,,,,,,,,,
560.54,0.8356864418,,,,,,,,,,
560.56,0.834777844,,,,,,,,,,
560.58,0.8338739506,,,,,,,,,,
560.6,0.8329932155,,,,,,,,,,
560.62,0.8321363922,,,,,,,,,,
560.64,0.8312886225,,,,,,,,,,
560.66,0.8304679015,,,,,,,,,,
560.68,0.8296738328,,,,,,,,,,
560.7,0.8288936991,,,,,,,,,,
560.72,0.8281441746,,,,,,,,,,
560.74,0.827423718,,,,,,,,,,
560.76,0.8267215845,,,,,,,,,,
560.78,0.8260529521,,,,,,,,,,
560.8,0.8254149391,,,,,,,,,,
560.82,0.8247986273,,,,,,,,,,
560.84,0.8242175337,,,,,,,,,,
560.86,0.8236672314,,,,,,,,,,
560.88,0.8231404638,,,,,,,,,,
560.9,0.822648893,,,,,,,,,,
560.92,0.8221863081,,,,,,,,,,
560.94,0.8217469289,,,,,,,,,,
560.96,0.8213403717,,,,,,,,,,
560.98,0.8209584347,,,,,,,,,,
561,0.8205967091,,,,,,,,,,
561.02,0.8202627023,,,,,,,,,,
561.04,0.8199461864,,,,,,,,,,
561.06,0.8196442398,,,,,,,,,,
561.08,0.8193624511,,,,,,,,,,
561.1,0.8190887975,,,,,,,,,,
561.12,0.8188222348,,,,,,,,,,
561.14,0.818566877,,,,,,,,,,
561.16,0.8183093494,,,,,,,,,,
561.18,0.8180510421,,,,,,,,,,
561.2,0.8177951332,,,,,,,,,,
561.22,0.8175273548,,,,,,,,,,
561.24,0.8172520329,,,,,,,,,,
561.26,0.8169718117,,,,,,,,,,
561.28,0.8166717801,,,,,,,,,,
561.3,0.8163594494,,,,,,,,,,
561.32,0.8160370311,,,,,,,,,,
561.34,0.8156889043,,,,,,,,,,
561.36,0.8153257077,,,,,,,,,,
561.38,0.8149490281,,,,,,,,,,
561.4,0.8145422175,,,,,,,,,,
561.42,0.8141187976,,,,,,,,,,
561.44,0.8136794071,,,,,,,,,,
561.46,0.8132060008,,,,,,,,,,
561.48,0.8127147639,,,,,,,,,,
561.5,0.8122038521,,,,,,,,,,
561.52,0.8116574725,,,,,,,,,,
561.54,0.811090571,,,,,,,,,,
561.56,0.8104999259,,,,,,,,,,
561.58,0.8098724334,,,,,,,,,,
561.6,0.8092215391,,,,,,,,,,
561.62,0.8085429029,,,,,,,,,,
561.64,0.8078262913,,,,,,,,,,
561.66,0.8070838619,,,,,,,,,,
561.68,0.8063102993,,,,,,,,,,
561.7,0.8054983904,,,,,,,,,,
561.72,0.8046591379,,,,,,,,,,
561.74,0.8037862643,,,,,,,,,,
561.76,0.8028755856,,,,,,,,,,
561.78,0.8019369292,,,,,,,,,,
561.8,0.8009629111,,,,,,,,,,
561.82,0.7999522593,,,,,,,,,,
561.84,0.7989135028,,,,,,,,,,
561.86,0.7978379312,,,,,,,,,,
561.88,0.7967270401,,,,,,,,,,
561.9,0.7955879356,,,,,,,,,,
561.92,0.7944103813,,,,,,,,,,
561.94,0.7931985509,,,,,,,,,,
561.96,0.7919580558,,,,,,,,,,
561.98,0.7906769915,,,,,,,,,,
562,0.7893621859,,,,,,,,,,
562.02,0.7880177325,,,,,,,,,,
562.04,0.7866299633,,,,,,,,,,
562.06,0.7852083899,,,,,,,,,,
562.08,0.7837556058,,,,,,,,,,
562.1,0.7822561386,,,,,,,,,,
562.12,0.7807222857,,,,,,,,,,
562.14,0.7791552282,,,,,,,,,,
562.16,0.7775377436,,,,,,,,,,
562.18,0.7758851225,,,,,,,,,,
562.2,0.7741959369,,,,,,,,,,
562.22,0.7724554908,,,,,,,,,,
562.24,0.7706782257,,,,,,,,,,
562.26,0.7688614493,,,,,,,,,,
562.28,0.7669938608,,,,,,,,,,
562.3,0.7650885744,,,,,,,,,,
562.32,0.7631419622,,,,,,,,,,
562.34,0.761146147,,,,,,,,,,
562.36,0.7591129579,,,,,,,,,,
562.38,0.7570377104,,,,,,,,,,
562.4,0.7549157752,,,,,,,,,,
562.42,0.7527575461,,,,,,,,,,
562.44,0.7505569885,,,,,,,,,,
562.46,0.7483124446,,,,,,,,,,
562.48,0.7460326755,,,,,,,,,,
562.5,0.7437100157,,,,,,,,,,
562.52,0.741345605,,,,,,,,,,
562.54,0.7389465219,,,,,,,,,,
562.56,0.7365033807,,,,,,,,,,
562.58,0.7340201843,,,,,,,,,,
562.6,0.7315025044,,,,,,,,,,
562.62,0.7289393589,,,,,,,,,,
562.64,0.7263378694,,,,,,,,,,
562.66,0.723702389,,,,,,,,,,
562.68,0.7210205176,,,,,,,,,,
562.7,0.7183027405,,,,,,,,,,
562.72,0.7155523742,,,,,,,,,,
562.74,0.712755623,,,,,,,,,,
562.76,0.7099263771,,,,,,,,,,
562.78,0.7070661239,,,,,,,,,,
562.8,0.7041615903,,,,,,,,,,
562.82,0.7012277286,,,,,,,,,,
562.84,0.6982636641,,,,,,,,,,
562.86,0.6952591064,,,,,,,,,,
562.88,0.6922269485,,,,,,,,,,
562.9,0.6891645749,,,,,,,,,,
562.92,0.6860643499,,,,,,,,,,
562.94,0.6829369887,,,,,,,,,,
562.96,0.6797779922,,,,,,,,,,
562.98,0.6765823161,,,,,,,,,,
563,0.6733586669,,,,,,,,,,
563.02,0.6701008037,,,,,,,,,,
563.04,0.6668065119,,,,,,,,,,
563.06,0.6634829132,,,,,,,,,,
563.08,0.6601223662,,,,,,,,,,
563.1,0.6567258877,,,,,,,,,,
563.12,0.6532995066,,,,,,,,,,
563.14,0.6498345141,,,,,,,,,,
563.16,0.6463354982,,,,,,,,,,
563.18,0.6428077236,,,,,,,,,,
563.2,0.639241533,,,,,,,,,,
563.22,0.6356451765,,,,,,,,,,
563.24,0.6320231716,,,,,,,,,,
563.26,0.6283647222,,,,,,,,,,
563.28,0.6246815328,,,,,,,,,,
563.3,0.6209769326,,,,,,,,,,
563.32,0.6172390083,,,,,,,,,,
563.34,0.6134820666,,,,,,,,,,
563.36,0.6097065031,,,,,,,,,,
563.38,0.6059031703,,,,,,,,,,
563.4,0.6020842335,,,,,,,,,,
563.42,0.5982482597,,,,,,,,,,
563.44,0.5943884978,,,,,,,,,,
563.46,0.5905148713,,,,,,,,,,
563.48,0.5866239949,,,,,,,,,,
563.5,0.5827114489,,,,,,,,,,
563.52,0.5787851136,,,,,,,,,,
563.54,0.574839802,,,,,,,,,,
563.56,0.5708736376,,,,,,,,,,
563.58,0.5668928623,,,,,,,,,,
563.6,0.562890783,,,,,,,,,,
563.62,0.5588683824,,,,,,,,,,
563.64,0.554830672,,,,,,,,,,
563.66,0.5507696866,,,,,,,,,,
563.68,0.546689482,,,,,,,,,,
563.7,0.5425940599,,,,,,,,,,
563.72,0.5384742121,,,,,,,,,,
563.74,0.5343370694,,,,,,,,,,
563.76,0.5301855996,,,,,,,,,,
563.78,0.5260091814,,,,,,,,,,
563.8,0.5218178582,,,,,,,,,,
563.82,0.5176125738,,,,,,,,,,
563.84,0.5133835173,,,,,,,,,,
563.86,0.5091410145,,,,,,,,,,
563.88,0.5048840132,,,,,,,,,,
563.9,0.5006052816,,,,,,,,,,
563.92,0.4963134705,,,,,,,,,,
563.94,0.4920061635,,,,,,,,,,
563.96,0.48767865,,,,,,,,,,
563.98,0.4833380895,,,,,,,,,,
564,0.4789807832,,,,,,,,,,
564.02,0.47460461,,,,,,,,,,
564.04,0.4702154898,,,,,,,,,,
564.06,0.4658085538,,,,,,,,,,
564.08,0.4613843704,,,,,,,,,,
564.1,0.4569478382,,,,,,,,,,
564.12,0.4524929849,,,,,,,,,,
564.14,0.4480231302,,,,,,,,,,
564.16,0.4435422848,,,,,,,,,,
564.18,0.439043372,,,,,,,,,,
564.2,0.4345324744,,,,,,,,,,
564.22,0.4300127645,,,,,,,,,,
564.24,0.4254760193,,,,,,,,,,
564.26,0.4209310611,,,,,,,,,,
564.28,0.4163794077,,,,,,,,,,
564.3,0.4118140606,,,,,,,,,,
564.32,0.4072441125,,,,,,,,,,
564.34,0.4026697416,,,,,,,,,,
564.36,0.3980864544,,,,,,,,,,
564.38,0.393502224,,,,,,,,,,
564.4,0.3889162937,,,,,,,,,,
564.42,0.3843265304,,,,,,,,,,
564.44,0.379739838,,,,,,,,,,
564.46,0.3751544467,,,,,,,,,,
564.48,0.3705704847,,,,,,,,,,
564.5,0.3659938542,,,,,,,,,,
564.52,0.361421727,,,,,,,,,,
564.54,0.356856461,,,,,,,,,,
564.56,0.3523030536,,,,,,,,,,
564.58,0.3477576213,,,,,,,,,,
564.6,0.343224781,,,,,,,,,,
564.62,0.3387087322,,,,,,,,,,
564.64,0.3342045695,,,,,,,,,,
564.66,0.3297192124,,,,,,,,,,
564.68,0.3252559184,,,,,,,,,,
564.7,0.3208094211,,,,,,,,,,
564.72,0.3163882955,,,,,,,,,,
564.74,0.3119942217,,,,,,,,,,
564.76,0.3076240359,,,,,,,,,,
564.78,0.3032853721,,,,,,,,,,
564.8,0.2989790821,,,,,,,,,,
564.82,0.2947038861,,,,,,,,,,
564.84,0.2904664046,,,,,,,,,,
564.86,0.2862664556,,,,,,,,,,
564.88,0.2821043891,,,,,,,,,,
564.9,0.277985687,,,,,,,,,,
564.92,0.2739089074,,,,,,,,,,
564.94,0.2698758016,,,,,,,,,,
564.96,0.2658906015,,,,,,,,,,
564.98,0.2619504376,,,,,,,,,,
565,0.2580583272,,,,,,,,,,
565.02,0.2542172202,,,,,,,,,,
565.04,0.2504227797,,,,,,,,,,
565.06,0.2466792874,,,,,,,,,,
565.08,0.2429883425,,,,,,,,,,
565.1,0.2393447051,,,,,,,,,,
565.12,0.2357535883,,,,,,,,,,
565.14,0.2322148823,,,,,,,,,,
565.16,0.2287247225,,,,,,,,,,
565.18,0.2252873705,,,,,,,,,,
565.2,0.2219019263,,,,,,,,,,
565.22,0.218566031,,,,,,,,,,
565.24,0.215283237,,,,,,,,,,
565.26,0.2120519813,,,,,,,,,,
565.28,0.2088714715,,,,,,,,,,
565.3,0.2057446742,,,,,,,,,,
565.32,0.2026693707,,,,,,,,,,
565.34,0.1996462867,,,,,,,,,,
565.36,0.1966777933,,,,,,,,,,
565.38,0.1937609183,,,,,,,,,,
565.4,0.1908977768,,,,,,,,,,
565.42,0.1880900494,,,,,,,,,,
565.44,0.1853338784,,,,,,,,,,
565.46,0.1826326238,,,,,,,,,,
565.48,0.1799868329,,,,,,,,,,
565.5,0.1773926857,,,,,,,,,,
565.52,0.1748536712,,,,,,,,,,
565.54,0.1723691591,,,,,,,,,,
565.56,0.1699363242,,,,,,,,,,
565.58,0.1675577761,,,,,,,,,,
565.6,0.1652320535,,,,,,,,,,
565.62,0.1629573064,,,,,,,,,,
565.64,0.1607353479,,,,,,,,,,
565.66,0.158563916,,,,,,,,,,
565.68,0.1564421538,,,,,,,,,,
565.7,0.1543711646,,,,,,,,,,
565.72,0.152347918,,,,,,,,,,
565.74,0.1503725686,,,,,,,,,,
565.76,0.1484455678,,,,,,,,,,
565.78,0.1465631292,,,,,,,,,,
565.8,0.1447264147,,,,,,,,,,
565.82,0.1429351753,,,,,,,,,,
565.84,0.1411850472,,,,,,,,,,
565.86,0.1394779766,,,,,,,,,,
565.88,0.1378125682,,,,,,,,,,
565.9,0.1361853217,,,,,,,,,,
565.92,0.1345974562,,,,,,,,,,
565.94,0.1330469011,,,,,,,,,,
565.96,0.1315309535,,,,,,,,,,
565.98,0.1300501272,,,,,,,,,,
566,0.1286016588,,,,,,,,,,
566.02,0.1271836214,,,,,,,,,,
566.04,0.125795885,,,,,,,,,,
566.06,0.1244350257,,,,,,,,,,
566.08,0.1230999394,,,,,,,,,,
566.1,0.1217899689,,,,,,,,,,
566.12,0.1205011239,,,,,,,,,,
566.14,0.1192332387,,,,,,,,,,
566.16,0.1179852882,,,,,,,,,,
566.18,0.1167528591,,,,,,,,,,
566.2,0.115536876,,,,,,,,,,
566.22,0.1143356537,,,,,,,,,,
566.24,0.1131458844,,,,,,,,,,
566.26,0.1119683486,,,,,,,,,,
566.28,0.1108012936,,,,,,,,,,
566.3,0.1096426155,,,,,,,,,,
566.32,0.1084930591,,,,,,,,,,
566.34,0.1073508651,,,,,,,,,,
566.36,0.1062151513,,,,,,,,,,
566.38,0.1050866786,,,,,,,,,,
566.4,0.1039636533,,,,,,,,,,
566.42,0.1028463694,,,,,,,,,,
566.44,0.1017355731,,,,,,,,,,
566.46,0.1006293371,,,,,,,,,,
566.48,0.09952903149,,,,,,,,,,
566.5,0.09843525186,,,,,,,,,,
566.52,0.09734589053,,,,,,,,,,
566.54,0.09626315503,,,,,,,,,,
566.56,0.09518700838,,,,,,,,,,
566.58,0.09411610742,,,,,,,,,,
566.6,0.09305225218,,,,,,,,,,
566.62,0.09199500428,,,,,,,,,,
566.64,0.09094363587,,,,,,,,,,
566.66,0.08989947469,,,,,,,,,,
566.68,0.08886159054,,,,,,,,,,
566.7,0.0878298124,,,,,,,,,,
566.72,0.08680501332,,,,,,,,,,
566.74,0.08578577086,,,,,,,,,,
566.76,0.0847725156,,,,,,,,,,
566.78,0.08376575798,,,,,,,,,,
566.8,0.08276365527,,,,,,,,,,
566.82,0.08176734352,,,,,,,,,,
566.84,0.080776947,,,,,,,,,,
566.86,0.07979068695,,,,,,,,,,
566.88,0.07881009402,,,,,,,,,,
566.9,0.07783489201,,,,,,,,,,
566.92,0.07686403407,,,,,,,,,,
566.94,0.07589884469,,,,,,,,,,
566.96,0.07493885368,,,,,,,,,,
566.98,0.0739837091,,,,,,,,,,
567,0.07303452867,,,,,,,,,,
567.02,0.07209059362,,,,,,,,,,
567.04,0.0711521999,,,,,,,,,,
567.06,0.07022024513,,,,,,,,,,
567.08,0.06929371565,,,,,,,,,,
567.1,0.06837353741,,,,,,,,,,
567.12,0.06746039018,,,,,,,,,,
567.14,0.06655295073,,,,,,,,,,
567.16,0.06565278465,,,,,,,,,,
567.18,0.06476010652,,,,,,,,,,
567.2,0.06387404319,,,,,,,,,,
567.22,0.06299603985,,,,,,,,,,
567.24,0.06212604517,,,,,,,,,,
567.26,0.0612637136,,,,,,,,,,
567.28,0.06041023508,,,,,,,,,,
567.3,0.05956526946,,,,,,,,,,
567.32,0.05872892936,,,,,,,,,,
567.34,0.05790210563,,,,,,,,,,
567.36,0.05708408807,,,,,,,,,,
567.38,0.05627538473,,,,,,,,,,
567.4,0.05547654781,,,,,,,,,,
567.42,0.05468644616,,,,,,,,,,
567.44,0.05390596537,,,,,,,,,,
567.46,0.05313519434,,,,,,,,,,
567.48,0.05237297101,,,,,,,,,,
567.5,0.05162022138,,,,,,,,,,
567.52,0.05087662854,,,,,,,,,,
567.54,0.05014142117,,,,,,,,,,
567.56,0.04941529114,,,,,,,,,,
567.58,0.04869770991,,,,,,,,,,
567.6,0.04798836506,,,,,,,,,,
567.62,0.0472878068,,,,,,,,,,
567.64,0.04659534552,,,,,,,,,,
567.66,0.04591117506,,,,,,,,,,
567.68,0.04523575127,,,,,,,,,,
567.7,0.04456823053,,,,,,,,,,
567.72,0.04390931698,,,,,,,,,,
567.74,0.04325930051,,,,,,,,,,
567.76,0.04261733715,,,,,,,,,,
567.78,0.0419844201,,,,,,,,,,
567.8,0.04136054459,,,,,,,,,,
567.82,0.04074524439,,,,,,,,,,
567.84,0.04013932608,,,,,,,,,,
567.86,0.03954258154,,,,,,,,,,
567.88,0.03895486918,,,,,,,,,,
567.9,0.03837678836,,,,,,,,,,
567.92,0.03780788798,,,,,,,,,,
567.94,0.03724832828,,,,,,,,,,
567.96,0.0366984998,,,,,,,,,,
567.98,0.03615769341,,,,,,,,,,
568,0.03562637282,,,,,,,,,,
568.02,0.03510468633,,,,,,,,,,
568.04,0.03459178337,,,,,,,,,,
568.06,0.03408831555,,,,,,,,,,
568.08,0.03359409091,,,,,,,,,,
568.1,0.03310850487,,,,,,,,,,
568.12,0.03263198726,,,,,,,,,,
568.14,0.03216411526,,,,,,,,,,
568.16,0.03170449667,,,,,,,,,,
568.18,0.03125332606,,,,,,,,,,
568.2,0.03080991535,,,,,,,,,,
568.22,0.03037406097,,,,,,,,,,
568.24,0.02994571982,,,,,,,,,,
568.26,0.02952393139,,,,,,,,,,
568.28,0.02910869788,,,,,,,,,,
568.3,0.02869973571,,,,,,,,,,
568.32,0.02829598248,,,,,,,,,,
568.34,0.02789759692,,,,,,,,,,
568.36,0.02750407914,,,,,,,,,,
568.38,0.02711467218,,,,,,,,,,
568.4,0.0267294958,,,,,,,,,,
568.42,0.02634804748,,,,,,,,,,
568.44,0.02596998034,,,,,,,,,,
568.46,0.02559549161,,,,,,,,,,
568.48,0.02522415876,,,,,,,,,,
568.5,0.02485611706,,,,,,,,,,
568.52,0.02449169974,,,,,,,,,,
568.54,0.02413058129,,,,,,,,,,
568.56,0.02377337919,,,,,,,,,,
568.58,0.02342047745,,,,,,,,,,
568.6,0.02307174698,,,,,,,,,,
568.62,0.02272803751,,,,,,,,,,
568.64,0.02238965602,,,,,,,,,,
568.66,0.02205673175,,,,,,,,,,
568.68,0.02173000098,,,,,,,,,,
568.7,0.02140959345,,,,,,,,,,
568.72,0.02109572795,,,,,,,,,,
568.74,0.02078887409,,,,,,,,,,
568.76,0.02048882652,,,,,,,,,,
568.78,0.02019576333,,,,,,,,,,
568.8,0.01990978715,,,,,,,,,,
568.82,0.01963027928,,,,,,,,,,
568.84,0.01935734475,,,,,,,,,,
568.86,0.01909064913,,,,,,,,,,
568.88,0.01882943026,,,,,,,,,,
568.9,0.01857358279,,,,,,,,,,
568.92,0.01832250267,,,,,,,,,,
568.94,0.01807551727,,,,,,,,,,
568.96,0.01783240688,,,,,,,,,,
568.98,0.01759250766,,,,,,,,,,
569,0.01735542249,,,,,,,,,,
569.02,0.01712100382,,,,,,,,,,
569.04,0.01688868224,,,,,,,,,,
569.06,0.01665846954,,,,,,,,,,
569.08,0.01643038169,,,,,,,,,,
569.1,0.01620402276,,,,,,,,,,
569.12,0.01597980482,,,,,,,,,,
569.14,0.01575781077,,,,,,,,,,
569.16,0.01553799093,,,,,,,,,,
569.18,0.01532083028,,,,,,,,,,
569.2,0.01510643966,,,,,,,,,,
569.22,0.01489498324,,,,,,,,,,
569.24,0.01468689418,,,,,,,,,,
569.26,0.01448217877,,,,,,,,,,
569.28,0.01428110262,,,,,,,,,,
569.3,0.01408395825,,,,,,,,,,
569.32,0.01389057136,,,,,,,,,,
569.34,0.01370126603,,,,,,,,,,
569.36,0.01351612782,,,,,,,,,,
569.38,0.01333492479,,,,,,,,,,
569.4,0.01315792294,,,,,,,,,,
569.42,0.01298502856,,,,,,,,,,
569.44,0.01281607044,,,,,,,,,,
569.46,0.01265118287,,,,,,,,,,
569.48,0.01249013617,,,,,,,,,,
569.5,0.01233282558,,,,,,,,,,
569.52,0.01217925758,,,,,,,,,,
569.54,0.01202905453,,,,,,,,,,
569.56,0.01188216938,,,,,,,,,,
569.58,0.01173846614,,,,,,,,,,
569.6,0.01159743734,,,,,,,,,,
569.62,0.01145907843,,,,,,,,,,
569.64,0.01132308159,,,,,,,,,,
569.66,0.01118901694,,,,,,,,,,
569.68,0.01105680307,,,,,,,,,,
569.7,0.01092608123,,,,,,,,,,
569.72,0.01079657091,,,,,,,,,,
569.74,0.01066819942,,,,,,,,,,
569.76,0.0105406311,,,,,,,,,,
569.78,0.01041380565,,,,,,,,,,
569.8,0.01028772013,,,,,,,,,,
569.82,0.01016209597,,,,,,,,,,
569.84,0.01003711092,,,,,,,,,,
569.86,0.009912780883,,,,,,,,,,
569.88,0.009788980387,,,,,,,,,,
569.9,0.009665942778,,,,,,,,,,
569.92,0.009543661932,,,,,,,,,,
569.94,0.00942212333,,,,,,,,,,
569.96,0.009301490638,,,,,,,,,,
569.98,0.009181664706,,,,,,,,,,
570,0.009062688692,,,,,,,,,,
570.02,0.008944623998,,,,,,,,,,
570.04,0.008827217519,,,,,,,,,,
570.06,0.008710507112,,,,,,,,,,
570.08,0.008594420734,,,,,,,,,,
570.1,0.00847869355,,,,,,,,,,
570.12,0.008363399149,,,,,,,,,,
570.14,0.008248415771,,,,,,,,,,
570.16,0.008133609551,,,,,,,,,,
570.18,0.008019087246,,,,,,,,,,
570.2,0.007904779899,,,,,,,,,,
570.22,0.007790756888,,,,,,,,,,
570.24,0.007677216484,,,,,,,,,,
570.26,0.007564171265,,,,,,,,,,
570.28,0.007451907471,,,,,,,,,,
570.3,0.00734069139,,,,,,,,,,
570.32,0.007230611752,,,,,,,,,,
570.34,0.007122083903,,,,,,,,,,
570.36,0.007015345668,,,,,,,,,,
570.38,0.00691057162,,,,,,,,,,
570.4,0.006808118018,,,,,,,,,,
570.42,0.006708127566,,,,,,,,,,
570.44,0.00661076711,,,,,,,,,,
570.46,0.006516250284,,,,,,,,,,
570.48,0.006424545321,,,,,,,,,,
570.5,0.006335750959,,,,,,,,,,
570.52,0.006249888241,,,,,,,,,,
570.54,0.006166731695,,,,,,,,,,
570.56,0.0060862875,,,,,,,,,,
570.58,0.006008356958,,,,,,,,,,
570.6,0.005932640012,,,,,,,,,,
570.62,0.005858982997,,,,,,,,,,
570.64,0.005787044823,,,,,,,,,,
570.66,0.005716505458,,,,,,,,,,
570.68,0.005647119748,,,,,,,,,,
570.7,0.005578474154,,,,,,,,,,
570.72,0.005510307895,,,,,,,,,,
570.74,0.005442368273,,,,,,,,,,
570.76,0.005374256344,,,,,,,,,,
570.78,0.005305855685,,,,,,,,,,
570.8,0.00523696131,,,,,,,,,,
570.82,0.005167365508,,,,,,,,,,
570.84,0.005097080293,,,,,,,,,,
570.86,0.005026047493,,,,,,,,,,
570.88,0.004954307884,,,,,,,,,,
570.9,0.004882049967,,,,,,,,,,
570.92,0.004809388017,,,,,,,,,,
570.94,0.004736624112,,,,,,,,,,
570.96,0.004664115654,,,,,,,,,,
570.98,0.004592119057,,,,,,,,,,
571,0.004521149726,,,,,,,,,,
571.02,0.004451634539,,,,,,,,,,
571.04,0.004383969153,,,,,,,,,,
571.06,0.004318692543,,,,,,,,,,
571.08,0.004256208292,,,,,,,,,,
571.1,0.004196923101,,,,,,,,,,
571.12,0.004141265778,,,,,,,,,,
571.14,0.004089478044,,,,,,,,,,
571.16,0.004041847445,,,,,,,,,,
571.18,0.003998567958,,,,,,,,,,
571.2,0.003959613306,,,,,,,,,,
571.22,0.003925057299,,,,,,,,,,
571.24,0.003894765195,,,,,,,,,,
571.26,0.003868474533,,,,,,,,,,
571.28,0.003845952357,,,,,,,,,,
571.3,0.003826770952,,,,,,,,,,
571.32,0.003810469525,,,,,,,,,,
571.34,0.003796575668,,,,,,,,,,
571.36,0.003784458052,,,,,,,,,,
571.38,0.003773568235,,,,,,,,,,
571.4,0.003763321299,,,,,,,,,,
571.42,0.003753034289,,,,,,,,,,
571.44,0.003742208451,,,,,,,,,,
571.46,0.003730282466,,,,,,,,,,
571.48,0.003716728103,,,,,,,,,,
571.5,0.003701176264,,,,,,,,,,
571.52,0.003683234914,,,,,,,,,,
571.54,0.003662635118,,,,,,,,,,
571.56,0.003639226756,,,,,,,,,,
571.58,0.003612846185,,,,,,,,,,
571.6,0.003583518308,,,,,,,,,,
571.62,0.003551316044,,,,,,,,,,
571.64,0.00351630239,,,,,,,,,,
571.66,0.003478735051,,,,,,,,,,
571.68,0.003438836178,,,,,,,,,,
571.7,0.003396853073,,,,,,,,,,
571.72,0.003353136258,,,,,,,,,,
571.74,0.003307961682,,,,,,,,,,
571.76,0.003261648954,,,,,,,,,,
571.78,0.003214534257,,,,,,,,,,
571.8,0.003166840735,,,,,,,,,,
571.82,0.003118872142,,,,,,,,,,
571.84,0.003070865876,,,,,,,,,,
571.86,0.00302296381,,,,,,,,,,
571.88,0.002975392049,,,,,,,,,,
571.9,0.002928273112,,,,,,,,,,
571.92,0.002881702598,,,,,,,,,,
571.94,0.002835824609,,,,,,,,,,
571.96,0.002790690406,,,,,,,,,,
571.98,0.002746397493,,,,,,,,,,
572,0.002703059431,,,,,,,,,,
572.02,0.002660703932,,,,,,,,,,
572.04,0.002619478302,,,,,,,,,,
572.06,0.002579486369,,,,,,,,,,
572.08,0.002540796613,,,,,,,,,,
572.1,0.002503574826,,,,,,,,,,
572.12,0.002467916199,,,,,,,,,,
572.14,0.002433922723,,,,,,,,,,
572.16,0.002401731665,,,,,,,,,,
572.18,0.00237138793,,,,,,,,,,
572.2,0.002342976913,,,,,,,,,,
572.22,0.002316552869,,,,,,,,,,
572.24,0.002292059748,,,,,,,,,,
572.26,0.002269517452,,,,,,,,,,
572.28,0.002248843601,,,,,,,,,,
572.3,0.002229900753,,,,,,,,,,
572.32,0.002212582429,,,,,,,,,,
572.34,0.002196684252,,,,,,,,,,
572.36,0.002181999889,,,,,,,,,,
572.38,0.002168323774,,,,,,,,,,
572.4,0.00215536613,,,,,,,,,,
572.42,0.002142898956,,,,,,,,,,
572.44,0.002130667812,,,,,,,,,,
572.46,0.002118375008,,,,,,,,,,
572.48,0.002105818368,,,,,,,,,,
572.5,0.002092758236,,,,,,,,,,
572.52,0.002078980681,,,,,,,,,,
572.54,0.00206434859,,,,,,,,,,
572.56,0.002048705623,,,,,,,,,,
572.58,0.00203197547,,,,,,,,,,
572.6,0.002014134201,,,,,,,,,,
572.62,0.001995143071,,,,,,,,,,
572.64,0.001975087023,,,,,,,,,,
572.66,0.00195405331,,,,,,,,,,
572.68,0.001932140787,,,,,,,,,,
572.7,0.001909538002,,,,,,,,,,
572.72,0.001886403052,,,,,,,,,,
572.74,0.001862914826,,,,,,,,,,
572.76,0.001839277011,,,,,,,,,,
572.78,0.001815625602,,,,,,,,,,
572.8,0.001792118372,,,,,,,,,,
572.82,0.001768869623,,,,,,,,,,
572.84,0.001745901182,,,,,,,,,,
572.86,0.001723259032,,,,,,,,,,
572.88,0.001700895325,,,,,,,,,,
572.9,0.001678705618,,,,,,,,,,
572.92,0.001656587392,,,,,,,,,,
572.94,0.001634361203,,,,,,,,,,
572.96,0.001611851786,,,,,,,,,,
572.98,0.001588894792,,,,,,,,,,
573,0.001565288049,,,,,,,,,,
573.02,0.001540917169,,,,,,,,,,
573.04,0.001515688762,,,,,,,,,,
573.06,0.001489540242,,,,,,,,,,
573.08,0.001462531076,,,,,,,,,,
573.1,0.001434755925,,,,,,,,,,
573.12,0.001406392135,,,,,,,,,,
573.14,0.001377719048,,,,,,,,,,
573.16,0.00134903989,,,,,,,,,,
573.18,0.001320753329,,,,,,,,,,
573.2,0.0012932969,,,,,,,,,,
573.22,0.001267091521,,,,,,,,,,
573.24,0.001242627637,,,,,,,,,,
573.26,0.00122034319,,,,,,,,,,
573.28,0.00120063844,,,,,,,,,,
573.3,0.001183899151,,,,,,,,,,
573.32,0.001170403456,,,,,,,,,,
573.34,0.001160376986,,,,,,,,,,
573.36,0.001153965185,,,,,,,,,,
573.38,0.00115117802,,,,,,,,,,
573.4,0.001151990976,,,,,,,,,,
573.42,0.001156259928,,,,,,,,,,
573.44,0.001163743515,,,,,,,,,,
573.46,0.001174172899,,,,,,,,,,
573.48,0.001187178726,,,,,,,,,,
573.5,0.001202362563,,,,,,,,,,
573.52,0.001219308685,,,,,,,,,,
573.54,0.001237545711,,,,,,,,,,
573.56,0.0012566427,,,,,,,,,,
573.58,0.001276160692,,,,,,,,,,
573.6,0.001295654076,,,,,,,,,,
573.62,0.00131475598,,,,,,,,,,
573.64,0.001333093151,,,,,,,,,,
573.66,0.001350336731,,,,,,,,,,
573.68,0.001366217749,,,,,,,,,,
573.7,0.001380470938,,,,,,,,,,
573.72,0.001392898966,,,,,,,,,,
573.74,0.001403336568,,,,,,,,,,
573.76,0.001411618156,,,,,,,,,,
573.78,0.001417662225,,,,,,,,,,
573.8,0.001421383317,,,,,,,,,,
573.82,0.001422719208,,,,,,,,,,
573.84,0.001421665819,,,,,,,,,,
573.86,0.001418213221,,,,,,,,,,
573.88,0.001412395967,,,,,,,,,,
573.9,0.001404285116,,,,,,,,,,
573.92,0.001393945463,,,,,,,,,,
573.94,0.001381510614,,,,,,,,,,
573.96,0.001367123879,,,,,,,,,,
573.98,0.001350933433,,,,,,,,,,
574,0.001333150805,,,,,,,,,,
574.02,0.0013139743,,,,,,,,,,
574.04,0.001293620188,,,,,,,,,,
574.06,0.001272332353,,,,,,,,,,
574.08,0.001250320953,,,,,,,,,,
574.1,0.001227819828,,,,,,,,,,
574.12,0.001205047175,,,,,,,,,,
574.14,0.001182170009,,,,,,,,,,
574.16,0.001159379947,,,,,,,,,,
574.18,0.001136812354,,,,,,,,,,
574.2,0.001114568523,,,,,,,,,,
574.22,0.001092748721,,,,,,,,,,
574.24,0.001071393196,,,,,,,,,,
574.26,0.001050536689,,,,,,,,,,
574.28,0.001030200884,,,,,,,,,,
574.3,0.001010355071,,,,,,,,,,
574.32,0.0009910067134,,,,,,,,,,
574.34,0.0009721357394,,,,,,,,,,
574.36,0.0009537127727,,,,,,,,,,
574.38,0.0009357467539,,,,,,,,,,
574.4,0.0009182282271,,,,,,,,,,
574.42,0.0009011711692,,,,,,,,,,
574.44,0.0008846138903,,,,,,,,,,
574.46,0.0008685740442,,,,,,,,,,
574.48,0.000853113845,,,,,,,,,,
574.5,0.0008382862167,,,,,,,,,,
574.52,0.0008241290817,,,,,,,,,,
574.54,0.0008107083039,,,,,,,,,,
574.56,0.0007980562579,,,,,,,,,,
574.58,0.0007861991613,,,,,,,,,,
574.6,0.000775161781,,,,,,,,,,
574.62,0.0007649249981,,,,,,,,,,
574.64,0.0007554801173,,,,,,,,,,
574.66,0.0007467953484,,,,,,,,,,
574.68,0.0007388087037,,,,,,,,,,
574.7,0.000731482137,,,,,,,,,,
574.72,0.0007247519389,,,,,,,,,,
574.74,0.0007185603715,,,,,,,,,,
574.76,0.0007128723629,,,,,,,,,,
574.78,0.0007076414162,,,,,,,,,,
574.8,0.0007028591402,,,,,,,,,,
574.82,0.0006985310298,,,,,,,,,,
574.84,0.000694661284,,,,,,,,,,
574.86,0.0006913033655,,,,,,,,,,
574.88,0.0006885016593,,,,,,,,,,
574.9,0.0006863109384,,,,,,,,,,
574.92,0.0006848034783,,,,,,,,,,
574.94,0.0006840247312,,,,,,,,,,
574.96,0.0006840274643,,,,,,,,,,
574.98,0.0006848444857,,,,,,,,,,
575,0.0006864636838,,,,,,,,,,
575.02,0.0006888787908,,,,,,,,,,
575.04,0.0006920309801,,,,,,,,,,
575.06,0.0006958316005,,,,,,,,,,
575.08,0.0007001796079,,,,,,,,,,
575.1,0.0007049281211,,,,,,,,,,
575.12,0.0007099272445,,,,,,,,,,
575.14,0.0007150153176,,,,,,,,,,
575.16,0.0007200055874,,,,,,,,,,
575.18,0.000724747577,,,,,,,,,,
575.2,0.0007290836368,,,,,,,,,,
575.22,0.0007328750024,,,,,,,,,,
575.24,0.0007360278554,,,,,,,,,,
575.26,0.0007384602204,,,,,,,,,,
575.28,0.0007401396406,,,,,,,,,,
575.3,0.0007410728763,,,,,,,,,,
575.32,0.0007412823623,,,,,,,,,,
575.34,0.0007408534879,,,,,,,,,,
575.36,0.000739883264,,,,,,,,,,
575.38,0.000738487073,,,,,,,,,,
575.4,0.0007368150592,,,,,,,,,,
575.42,0.0007350033862,,,,,,,,,,
575.44,0.0007331981046,,,,,,,,,,
575.46,0.0007315385885,,,,,,,,,,
575.48,0.0007301242163,,,,,,,,,,
575.5,0.000729055901,,,,,,,,,,
575.52,0.0007283876064,,,,,,,,,,
575.54,0.0007281299022,,,,,,,,,,
575.56,0.0007282761827,,,,,,,,,,
575.58,0.0007287604976,,,,,,,,,,
575.6,0.0007294891687,,,,,,,,,,
575.62,0.00073034151,,,,,,,,,,
575.64,0.000731148349,,,,,,,,,,
575.66,0.0007317447412,,,,,,,,,,
575.68,0.0007319419499,,,,,,,,,,
575.7,0.0007315383894,,,,,,,,,,
575.72,0.0007303599807,,,,,,,,,,
575.74,0.0007282286171,,,,,,,,,,
575.76,0.0007249950196,,,,,,,,,,
575.78,0.0007205475101,,,,,,,,,,
575.8,0.00071478962,,,,,,,,,,
575.82,0.0007076840861,,,,,,,,,,
575.84,0.000699225587,,,,,,,,,,
575.86,0.000689437147,,,,,,,,,,
575.88,0.0006784002825,,,,,,,,,,
575.9,0.0006662136879,,,,,,,,,,
575.92,0.0006530084504,,,,,,,,,,
575.94,0.0006389484487,,,,,,,,,,
575.96,0.0006241958651,,,,,,,,,,
575.98,0.0006089429218,,,,,,,,,,
576,0.0005933819904,,,,,,,,,,
576.02,0.0005776941685,,,,,,,,,,
576.04,0.0005620791991,,,,,,,,,,
576.06,0.000546714994,,,,,,,,,,
576.08,0.0005317747066,,,,,,,,,,
576.1,0.000517432783,,,,,,,,,,
576.12,0.0005038348063,,,,,,,,,,
576.14,0.0004911358896,,,,,,,,,,
576.16,0.000479474807,,,,,,,,,,
576.18,0.0004689681384,,,,,,,,,,
576.2,0.0004597429931,,,,,,,,,,
576.22,0.0004518967401,,,,,,,,,,
576.24,0.000445517589,,,,,,,,,,
576.26,0.0004406856735,,,,,,,,,,
576.28,0.0004374431478,,,,,,,,,,
576.3,0.0004358312489,,,,,,,,,,
576.32,0.0004358576693,,,,,,,,,,
576.34,0.0004374947255,,,,,,,,,,
576.36,0.0004407061308,,,,,,,,,,
576.38,0.000445408484,,,,,,,,,,
576.4,0.0004514970503,,,,,,,,,,
576.42,0.0004588439087,,,,,,,,,,
576.44,0.0004672783909,,,,,,,,,,
576.46,0.0004766280464,,,,,,,,,,
576.48,0.0004866905098,,,,,,,,,,
576.5,0.0004972447063,,,,,,,,,,
576.52,0.0005080779519,,,,,,,,,,
576.54,0.0005189587572,,,,,,,,,,
576.56,0.000529668923,,,,,,,,,,
576.58,0.0005400027737,,,,,,,,,,
576.6,0.0005497559016,,,,,,,,,,
576.62,0.0005587654618,,,,,,,,,,
576.64,0.0005668828675,,,,,,,,,,
576.66,0.0005739867769,,,,,,,,,,
576.68,0.0005800038673,,,,,,,,,,
576.7,0.0005848810258,,,,,,,,,,
576.72,0.0005886121249,,,,,,,,,,
576.74,0.0005912301496,,,,,,,,,,
576.76,0.0005927895461,,,,,,,,,,
576.78,0.0005934006726,,,,,,,,,,
576.8,0.0005931919821,,,,,,,,,,
576.82,0.0005923166447,,,,,,,,,,
576.84,0.0005909649322,,,,,,,,,,
576.86,0.0005893266704,,,,,,,,,,
576.88,0.0005876136195,,,,,,,,,,
576.9,0.0005860425657,,,,,,,,,,
576.92,0.0005848094771,,,,,,,,,,
576.94,0.0005841260869,,,,,,,,,,
576.96,0.0005841702585,,,,,,,,,,
576.98,0.0005850953621,,,,,,,,,,
577,0.0005870409699,,,,,,,,,,
577.02,0.0005900931985,,,,,,,,,,
577.04,0.000594314856,,,,,,,,,,
577.06,0.0005997275336,,,,,,,,,,
577.08,0.000606291139,,,,,,,,,,
577.1,0.0006139528025,,,,,,,,,,
577.12,0.0006225971188,,,,,,,,,,
577.14,0.0006320710641,,,,,,,,,,
577.16,0.0006421995343,,,,,,,,,,
577.18,0.0006527573773,,,,,,,,,,
577.2,0.0006635115658,,,,,,,,,,
577.22,0.0006742088462,,,,,,,,,,
577.24,0.0006845697086,,,,,,,,,,
577.26,0.0006943411086,,,,,,,,,,
577.28,0.0007032569585,,,,,,,,,,
577.3,0.000711070152,,,,,,,,,,
577.32,0.0007175681413,,,,,,,,,,
577.34,0.0007225516953,,,,,,,,,,
577.36,0.000725876076,,,,,,,,,,
577.38,0.000727435572,,,,,,,,,,
577.4,0.0007271583257,,,,,,,,,,
577.42,0.0007250461464,,,,,,,,,,
577.44,0.0007211336688,,,,,,,,,,
577.46,0.0007155090676,,,,,,,,,,
577.48,0.0007083174732,,,,,,,,,,
577.5,0.0006997286495,,,,,,,,,,
577.52,0.0006899677304,,,,,,,,,,
577.54,0.000679283798,,,,,,,,,,
577.56,0.000667935491,,,,,,,,,,
577.58,0.0006562169563,,,,,,,,,,
577.6,0.0006444073956,,,,,,,,,,
577.62,0.0006327856544,,,,,,,,,,
577.64,0.0006216247356,,,,,,,,,,
577.66,0.000611153998,,,,,,,,,,
577.68,0.0006015958588,,,,,,,,,,
577.7,0.0005931265286,,,,,,,,,,
577.72,0.0005858727629,,,,,,,,,,
577.74,0.0005799400098,,,,,,,,,,
577.76,0.0005753698176,,,,,,,,,,
577.78,0.000572170161,,,,,,,,,,
577.8,0.0005703137155,,,,,,,,,,
577.82,0.0005697140978,,,,,,,,,,
577.84,0.0005702801059,,,,,,,,,,
577.86,0.0005718772742,,,,,,,,,,
577.88,0.0005743467126,,,,,,,,,,
577.9,0.0005775321548,,,,,,,,,,
577.92,0.00058124957,,,,,,,,,,
577.94,0.000585326899,,,,,,,,,,
577.96,0.0005895963979,,,,,,,,,,
577.98,0.0005938805126,,,,,,,,,,
578,0.0005980426101,,,,,,,,,,
578.02,0.0006019428419,,,,,,,,,,
578.04,0.0006054616661,,,,,,,,,,
578.06,0.0006085102546,,,,,,,,,,
578.08,0.0006110015057,,,,,,,,,,
578.1,0.0006128834934,,,,,,,,,,
578.12,0.0006141174179,,,,,,,,,,
578.14,0.0006146681863,,,,,,,,,,
578.16,0.0006145360433,,,,,,,,,,
578.18,0.0006137154213,,,,,,,,,,
578.2,0.0006122145346,,,,,,,,,,
578.22,0.0006100561074,,,,,,,,,,
578.24,0.0006072509676,,,,,,,,,,
578.26,0.0006038322402,,,,,,,,,,
578.28,0.0005998280442,,,,,,,,,,
578.3,0.0005952613978,,,,,,,,,,
578.32,0.0005901765491,,,,,,,,,,
578.34,0.0005846056687,,,,,,,,,,
578.36,0.0005785941078,,,,,,,,,,
578.38,0.0005721999547,,,,,,,,,,
578.4,0.000565472392,,,,,,,,,,
578.42,0.0005584952402,,,,,,,,,,
578.44,0.0005513519296,,,,,,,,,,
578.46,0.0005441364842,,,,,,,,,,
578.48,0.0005369726782,,,,,,,,,,
578.5,0.0005299806021,,,,,,,,,,
578.52,0.0005233061916,,,,,,,,,,
578.54,0.0005171063015,,,,,,,,,,
578.56,0.0005115281728,,,,,,,,,,
578.58,0.0005067490344,,,,,,,,,,
578.6,0.0005029256994,,,,,,,,,,
578.62,0.0005002118051,,,,,,,,,,
578.64,0.0004987590749,,,,,,,,,,
578.66,0.0004986814412,,,,,,,,,,
578.68,0.0005000894211,,,,,,,,,,
578.7,0.0005030557308,,,,,,,,,,
578.72,0.0005076101994,,,,,,,,,,
578.74,0.0005137676988,,,,,,,,,,
578.76,0.0005214832637,,,,,,,,,,
578.78,0.0005306831085,,,,,,,,,,
578.8,0.0005412577634,,,,,,,,,,
578.82,0.0005530418359,,,,,,,,,,
578.84,0.0005658635636,,,,,,,,,,
578.86,0.0005795058039,,,,,,,,,,
578.88,0.000593730128,,,,,,,,,,
578.9,0.0006082992189,,,,,,,,,,
578.92,0.0006229508486,,,,,,,,,,
578.94,0.0006374439428,,,,,,,,,,
578.96,0.0006515465849,,,,,,,,,,
578.98,0.0006650332521,,,,,,,,,,
579,0.0006777357909,,,,,,,,,,
579.02,0.0006894996706,,,,,,,,,,
579.04,0.0007002188745,,,,,,,,,,
579.06,0.0007098391038,,,,,,,,,,
579.08,0.0007183317826,,,,,,,,,,
579.1,0.0007257341307,,,,,,,,,,
579.12,0.0007321115361,,,,,,,,,,
579.14,0.0007375561527,,,,,,,,,,
579.16,0.000742208019,,,,,,,,,,
579.18,0.0007462033685,,,,,,,,,,
579.2,0.0007496995979,,,,,,,,,,
579.22,0.0007528554356,,,,,,,,,,
579.24,0.0007557986557,,,,,,,,,,
579.26,0.0007586674287,,,,,,,,,,
579.28,0.0007615544914,,,,,,,,,,
579.3,0.0007645213083,,,,,,,,,,
579.32,0.0007676111536,,,,,,,,,,
579.34,0.0007708103158,,,,,,,,,,
579.36,0.0007740899557,,,,,,,,,,
579.38,0.0007773874766,,,,,,,,,,
579.4,0.0007805975008,,,,,,,,,,
579.42,0.0007836255626,,,,,,,,,,
579.44,0.0007863420927,,,,,,,,,,
579.46,0.0007886191527,,,,,,,,,,
579.48,0.0007903415767,,,,,,,,,,
579.5,0.0007913804979,,,,,,,,,,
579.52,0.0007916465245,,,,,,,,,,
579.54,0.000791057161,,,,,,,,,,
579.56,0.0007895428036,,,,,,,,,,
579.58,0.000787079083,,,,,,,,,,
579.6,0.0007836432529,,,,,,,,,,
579.62,0.0007792471671,,,,,,,,,,
579.64,0.0007739278683,,,,,,,,,,
579.66,0.0007677171886,,,,,,,,,,
579.68,0.0007606951005,,,,,,,,,,
579.7,0.0007529334573,,,,,,,,,,
579.72,0.0007445137249,,,,,,,,,,
579.74,0.000735539365,,,,,,,,,,
579.76,0.0007260960154,,,,,,,,,,
579.78,0.0007162897923,,,,,,,,,,
579.8,0.0007062216714,,,,,,,,,,
579.82,0.000695975445,,,,,,,,,,
579.84,0.0006856556186,,,,,,,,,,
579.86,0.00067534055,,,,,,,,,,
579.88,0.000665107921,,,,,,,,,,
579.9,0.00065503564,,,,,,,,,,
579.92,0.000645168749,,,,,,,,,,
579.94,0.000635569595,,,,,,,,,,
579.96,0.0006262745249,,,,,,,,,,
579.98,0.0006173041975,,,,,,,,,,
580,0.0006086868435,,,,,,,,,,
580.02,0.0006004198036,,,,,,,,,,
580.04,0.0005925053132,,,,,,,,,,
580.06,0.000584937461,,,,,,,,,,
580.08,0.0005776883044,,,,,,,,,,
580.1,0.0005707509489,,,,,,,,,,
580.12,0.0005640979024,,,,,,,,,,
580.14,0.0005577062403,,,,,,,,,,
580.16,0.0005515646491,,,,,,,,,,
580.18,0.0005456449408,,,,,,,,,,
580.2,0.0005399472302,,,,,,,,,,
580.22,0.0005344661596,,,,,,,,,,
580.24,0.0005291978856,,,,,,,,,,
580.26,0.0005241620221,,,,,,,,,,
580.28,0.0005193663657,,,,,,,,,,
580.3,0.0005148372697,,,,,,,,,,
580.32,0.0005106054723,,,,,,,,,,
580.34,0.0005066897529,,,,,,,,,,
580.36,0.0005031338749,,,,,,,,,,
580.38,0.0004999639805,,,,,,,,,,
580.4,0.0004972092055,,,,,,,,,,
580.42,0.0004949034723,,,,,,,,,,
580.44,0.0004930579236,,,,,,,,,,
580.46,0.0004916993427,,,,,,,,,,
580.48,0.000490836867,,,,,,,,,,
580.5,0.0004904692331,,,,,,,,,,
580.52,0.0004906035757,,,,,,,,,,
580.54,0.0004912232205,,,,,,,,,,
580.56,0.0004923188821,,,,,,,,,,
580.58,0.000493874416,,,,,,,,,,
580.6,0.0004958555564,,,,,,,,,,
580.62,0.000498246554,,,,,,,,,,
580.64,0.0005010101997,,,,,,,,,,
580.66,0.0005041123762,,,,,,,,,,
580.68,0.0005075222978,,,,,,,,,,
580.7,0.0005111892332,,,,,,,,,,
580.72,0.0005150808,,,,,,,,,,
580.74,0.0005191492783,,,,,,,,,,
580.76,0.0005233421241,,,,,,,,,,
580.78,0.000527617888,,,,,,,,,,
580.8,0.0005319160638,,,,,,,,,,
580.82,0.0005361891225,,,,,,,,,,
580.84,0.0005403865299,,,,,,,,,,
580.86,0.0005444472693,,,,,,,,,,
580.88,0.000548335115,,,,,,,,,,
580.9,0.0005520009153,,,,,,,,,,
580.92,0.000555409892,,,,,,,,,,
580.94,0.0005585414408,,,,,,,,,,
580.96,0.0005613684857,,,,,,,,,,
580.98,0.0005638979732,,,,,,,,,,
581,0.00056613564,,,,,,,,,,
581.02,0.0005680990243,,,,,,,,,,
581.04,0.0005698309175,,,,,,,,,,
581.06,0.0005713673686,,,,,,,,,,
581.08,0.0005727690452,,,,,,,,,,
581.1,0.0005740985754,,,,,,,,,,
581.12,0.0005754105162,,,,,,,,,,
581.14,0.0005767804573,,,,,,,,,,
581.16,0.0005782606715,,,,,,,,,,
581.18,0.0005799035663,,,,,,,,,,
581.2,0.0005817537446,,,,,,,,,,
581.22,0.0005838215993,,,,,,,,,,
581.24,0.0005861232768,,,,,,,,,,
581.26,0.0005886379678,,,,,,,,,,
581.28,0.0005913231794,,,,,,,,,,
581.3,0.0005941268298,,,,,,,,,,
581.32,0.0005969582026,,,,,,,,,,
581.34,0.0005997257479,,,,,,,,,,
581.36,0.0006023184896,,,,,,,,,,
581.38,0.0006046072613,,,,,,,,,,
581.4,0.0006064802178,,,,,,,,,,
581.42,0.00060781165,,,,,,,,,,
581.44,0.0006084959032,,,,,,,,,,
581.46,0.000608448668,,,,,,,,,,
581.48,0.0006075901312,,,,,,,,,,
581.5,0.0006058941241,,,,,,,,,,
581.52,0.0006033479757,,,,,,,,,,
581.54,0.0005999728086,,,,,,,,,,
581.56,0.0005958317822,,,,,,,,,,
581.58,0.0005909986297,,,,,,,,,,
581.6,0.0005855889062,,,,,,,,,,
581.62,0.0005797284029,,,,,,,,,,
581.64,0.0005735458737,,,,,,,,,,
581.66,0.0005671898678,,,,,,,,,,
581.68,0.0005607861654,,,,,,,,,,
581.7,0.0005544580875,,,,,,,,,,
581.72,0.0005483115679,,,,,,,,,,
581.74,0.0005424124068,,,,,,,,,,
581.76,0.0005368230322,,,,,,,,,,
581.78,0.0005315614063,,,,,,,,,,
581.8,0.0005266224176,,,,,,,,,,
581.82,0.0005219865428,,,,,,,,,,
581.84,0.0005175970184,,,,,,,,,,
581.86,0.000513404957,,,,,,,,,,
581.88,0.0005093443957,,,,,,,,,,
581.9,0.0005053458066,,,,,,,,,,
581.92,0.0005013612102,,,,,,,,,,
581.94,0.0004973379346,,,,,,,,,,
581.96,0.000493254378,,,,,,,,,,
581.98,0.0004891070755,,,,,,,,,,
582,0.0004849037772,,,,,,,,,,
582.02,0.0004806950577,,,,,,,,,,
582.04,0.0004765363611,,,,,,,,,,
582.06,0.0004725108168,,,,,,,,,,
582.08,0.0004687222507,,,,,,,,,,
582.1,0.0004652681524,,,,,,,,,,
582.12,0.0004622787639,,,,,,,,,,
582.14,0.0004598687242,,,,,,,,,,
582.16,0.0004581527816,,,,,,,,,,
582.18,0.0004572467147,,,,,,,,,,
582.2,0.0004572353336,,,,,,,,,,
582.22,0.0004582059102,,,,,,,,,,
582.24,0.0004602136811,,,,,,,,,,
582.26,0.0004632859675,,,,,,,,,,
582.28,0.0004674384319,,,,,,,,,,
582.3,0.0004726407457,,,,,,,,,,
582.32,0.0004788491187,,,,,,,,,,
582.34,0.0004859881237,,,,,,,,,,
582.36,0.0004939449691,,,,,,,,,,
582.38,0.000502603568,,,,,,,,,,
582.4,0.0005118079369,,,,,,,,,,
582.42,0.0005213938677,,,,,,,,,,
582.44,0.0005311862193,,,,,,,,,,
582.46,0.000540983926,,,,,,,,,,
582.48,0.0005506040717,,,,,,,,,,
582.5,0.0005598459193,,,,,,,,,,
582.52,0.0005685149566,,,,,,,,,,
582.54,0.0005764313873,,,,,,,,,,
582.56,0.0005834098383,,,,,,,,,,
582.58,0.0005892944136,,,,,,,,,,
582.6,0.0005939363074,,,,,,,,,,
582.62,0.000597200167,,,,,,,,,,
582.64,0.0005989834491,,,,,,,,,,
582.66,0.0005991906145,,,,,,,,,,
582.68,0.0005977588319,,,,,,,,,,
582.7,0.0005946492182,,,,,,,,,,
582.72,0.0005898368498,,,,,,,,,,
582.74,0.0005833400603,,,,,,,,,,
582.76,0.0005751905797,,,,,,,,,,
582.78,0.0005654495209,,,,,,,,,,
582.8,0.0005542102602,,,,,,,,,,
582.82,0.0005415745034,,,,,,,,,,
582.84,0.000527684131,,,,,,,,,,
582.86,0.0005126906686,,,,,,,,,,
582.88,0.0004967583907,,,,,,,,,,
582.9,0.0004800751452,,,,,,,,,,
582.92,0.0004628215302,,,,,,,,,,
582.94,0.0004451931094,,,,,,,,,,
582.96,0.0004273817376,,,,,,,,,,
582.98,0.0004095644107,,,,,,,,,,
583,0.0003919240565,,,,,,,,,,
583.02,0.0003746178691,,,,,,,,,,
583.04,0.0003577948373,,,,,,,,,,
583.06,0.0003415916925,,,,,,,,,,
583.08,0.0003261151437,,,,,,,,,,
583.1,0.0003114736388,,,,,,,,,,
583.12,0.000297748726,,,,,,,,,,
583.14,0.0002850110223,,,,,,,,,,
583.16,0.0002733277364,,,,,,,,,,
583.18,0.0002627402949,,,,,,,,,,
583.2,0.0002533027382,,,,,,,,,,
583.22,0.0002450522189,,,,,,,,,,
583.24,0.000238021713,,,,,,,,,,
583.26,0.0002322501537,,,,,,,,,,
583.28,0.0002277588188,,,,,,,,,,
583.3,0.0002245800729,,,,,,,,,,
583.32,0.0002227337403,,,,,,,,,,
583.34,0.0002222300989,,,,,,,,,,
583.36,0.0002230804066,,,,,,,,,,
583.38,0.0002252711835,,,,,,,,,,
583.4,0.0002287855493,,,,,,,,,,
583.42,0.0002335845748,,,,,,,,,,
583.44,0.0002396042076,,,,,,,,,,
583.46,0.0002467692223,,,,,,,,,,
583.48,0.0002549680885,,,,,,,,,,
583.5,0.0002640726413,,,,,,,,,,
583.52,0.0002739279645,,,,,,,,,,
583.54,0.0002843480004,,,,,,,,,,
583.56,0.0002951382209,,,,,,,,,,
583.58,0.0003060748161,,,,,,,,,,
583.6,0.0003169272006,,,,,,,,,,
583.62,0.0003274594106,,,,,,,,,,
583.64,0.0003374275765,,,,,,,,,,
583.66,0.0003466100314,,,,,,,,,,
583.68,0.0003547927551,,,,,,,,,,
583.7,0.0003617913168,,,,,,,,,,
583.72,0.0003674599131,,,,,,,,,,
583.74,0.0003716864832,,,,,,,,,,
583.76,0.0003744192525,,,,,,,,,,
583.78,0.0003756534449,,,,,,,,,,
583.8,0.0003754406838,,,,,,,,,,
583.82,0.0003738966664,,,,,,,,,,
583.84,0.0003711817852,,,,,,,,,,
583.86,0.0003675167176,,,,,,,,,,
583.88,0.0003631608103,,,,,,,,,,
583.9,0.0003584024659,,,,,,,,,,
583.92,0.0003535636911,,,,,,,,,,
583.94,0.0003489634139,,,,,,,,,,
583.96,0.0003449256561,,,,,,,,,,
583.98,0.0003417557237,,,,,,,,,,
584,0.0003397187398,,,,,,,,,,
584.02,0.0003390547803,,,,,,,,,,
584.04,0.000339936985,,,,,,,,,,
584.06,0.0003424868983,,,,,,,,,,
584.08,0.0003467650009,,,,,,,,,,
584.1,0.0003527524315,,,,,,,,,,
584.12,0.0003603878323,,,,,,,,,,
584.14,0.0003695348516,,,,,,,,,,
584.16,0.0003800102856,,,,,,,,,,
584.18,0.000391594015,,,,,,,,,,
584.2,0.0004040194138,,,,,,,,,,
584.22,0.0004170183421,,,,,,,,,,
584.24,0.0004303020401,,,,,,,,,,
584.26,0.0004435864251,,,,,,,,,,
584.28,0.0004566099778,,,,,,,,,,
584.3,0.0004691193444,,,,,,,,,,
584.32,0.0004809066362,,,,,,,,,,
584.34,0.0004917904017,,,,,,,,,,
584.36,0.0005016244502,,,,,,,,,,
584.38,0.0005103131767,,,,,,,,,,
584.4,0.0005177841887,,,,,,,,,,
584.42,0.0005240132565,,,,,,,,,,
584.44,0.0005290041451,,,,,,,,,,
584.46,0.000532781728,,,,,,,,,,
584.48,0.0005354105306,,,,,,,,,,
584.5,0.0005369595652,,,,,,,,,,
584.52,0.0005375234002,,,,,,,,,,
584.54,0.0005372096662,,,,,,,,,,
584.56,0.0005361230625,,,,,,,,,,
584.58,0.0005343965652,,,,,,,,,,
584.6,0.000532152378,,,,,,,,,,
584.62,0.0005295236907,,,,,,,,,,
584.64,0.000526651792,,,,,,,,,,
584.66,0.00052366281,,,,,,,,,,
584.68,0.0005207057222,,,,,,,,,,
584.7,0.0005179115768,,,,,,,,,,
584.72,0.0005154099851,,,,,,,,,,
584.74,0.0005133325304,,,,,,,,,,
584.76,0.0005117821295,,,,,,,,,,
584.78,0.0005108691575,,,,,,,,,,
584.8,0.0005106741966,,,,,,,,,,
584.82,0.0005112560627,,,,,,,,,,
584.84,0.0005126631496,,,,,,,,,,
584.86,0.0005148990101,,,,,,,,,,
584.88,0.0005179582824,,,,,,,,,,
584.9,0.0005217986591,,,,,,,,,,
584.92,0.0005263442693,,,,,,,,,,
584.94,0.0005315086812,,,,,,,,,,
584.96,0.0005371618999,,,,,,,,,,
584.98,0.0005431677189,,,,,,,,,,
585,0.0005493682735,,,,,,,,,,
585.02,0.0005555838028,,,,,,,,,,
585.04,0.0005616464532,,,,,,,,,,
585.06,0.0005673687819,,,,,,,,,,
585.08,0.0005725793624,,,,,,,,,,
585.1,0.0005771171169,,,,,,,,,,
585.12,0.0005808237034,,,,,,,,,,
585.14,0.0005835826001,,,,,,,,,,
585.16,0.0005852847826,,,,,,,,,,
585.18,0.0005858568533,,,,,,,,,,
585.2,0.0005852595803,,,,,,,,,,
585.22,0.0005834679519,,,,,,,,,,
585.24,0.0005805103002,,,,,,,,,,
585.26,0.0005764272466,,,,,,,,,,
585.28,0.0005712891462,,,,,,,,,,
585.3,0.0005651957993,,,,,,,,,,
585.32,0.0005582468599,,,,,,,,,,
585.34,0.0005505746867,,,,,,,,,,
585.36,0.000542305345,,,,,,,,,,
585.38,0.000533565599,,,,,,,,,,
585.4,0.0005244887021,,,,,,,,,,
585.42,0.0005151820825,,,,,,,,,,
585.44,0.0005057584163,,,,,,,,,,
585.46,0.0004963071485,,,,,,,,,,
585.48,0.0004868972797,,,,,,,,,,
585.5,0.0004775946151,,,,,,,,,,
585.52,0.0004684325036,,,,,,,,,,
585.54,0.0004594444982,,,,,,,,,,
585.56,0.0004506479392,,,,,,,,,,
585.58,0.0004420439422,,,,,,,,,,
585.6,0.0004336429137,,,,,,,,,,
585.62,0.0004254364703,,,,,,,,,,
585.64,0.0004174268371,,,,,,,,,,
585.66,0.0004096162912,,,,,,,,,,
585.68,0.0004020001159,,,,,,,,,,
585.7,0.0003945926319,,,,,,,,,,
585.72,0.0003873964147,,,,,,,,,,
585.74,0.0003804241744,,,,,,,,,,
585.76,0.0003736902218,,,,,,,,,,
585.78,0.0003671967283,,,,,,,,,,
585.8,0.0003609590908,,,,,,,,,,
585.82,0.0003549752019,,,,,,,,,,
585.84,0.0003492432988,,,,,,,,,,
585.86,0.0003437585029,,,,,,,,,,
585.88,0.0003384980614,,,,,,,,,,
585.9,0.0003334496482,,,,,,,,,,
585.92,0.0003285848492,,,,,,,,,,
585.94,0.0003238765689,,,,,,,,,,
585.96,0.0003193014622,,,,,,,,,,
585.98,0.0003148252861,,,,,,,,,,
586,0.0003104326366,,,,,,,,,,
586.02,0.0003061021906,,,,,,,,,,
586.04,0.0003018208683,,,,,,,,,,
586.06,0.0002975873465,,,,,,,,,,
586.08,0.000293393893,,,,,,,,,,
586.1,0.0002892531339,,,,,,,,,,
586.12,0.0002851717975,,,,,,,,,,
586.14,0.0002811595451,,,,,,,,,,
586.16,0.0002772316072,,,,,,,,,,
586.18,0.0002733895092,,,,,,,,,,
586.2,0.0002696422228,,,,,,,,,,
586.22,0.0002659848347,,,,,,,,,,
586.24,0.0002624033923,,,,,,,,,,
586.26,0.0002588806076,,,,,,,,,,
586.28,0.0002553794755,,,,,,,,,,
586.3,0.000251862053,,,,,,,,,,
586.32,0.0002482763049,,,,,,,,,,
586.34,0.000244559009,,,,,,,,,,
586.36,0.0002406458,,,,,,,,,,
586.38,0.0002364584494,,,,,,,,,,
586.4,0.0002319208409,,,,,,,,,,
586.42,0.0002269533394,,,,,,,,,,
586.44,0.0002214727424,,,,,,,,,,
586.46,0.0002154050982,,,,,,,,,,
586.48,0.0002086756772,,,,,,,,,,
586.5,0.000201221363,,,,,,,,,,
586.52,0.0001929911368,,,,,,,,,,
586.54,0.0001839432522,,,,,,,,,,
586.56,0.0001740597739,,,,,,,,,,
586.58,0.0001633384617,,,,,,,,,,
586.6,0.0001518020235,,,,,,,,,,
586.62,0.0001395015693,,,,,,,,,,
586.64,0.0001265106657,,,,,,,,,,
586.66,0.0001129384211,,,,,,,,,,
586.68,9.891919908e-05,,,,,,,,,,
586.7,8.461711028e-05,,,,,,,,,,
586.72,7.022553785e-05,,,,,,,,,,
586.74,5.595573971e-05,,,,,,,,,,
586.76,4.204395393e-05,,,,,,,,,,
586.78,2.873455757e-05,,,,,,,,,,
586.8,1.627965643e-05,,,,,,,,,,
586.82,4.931241486e-06,,,,,,,,,,
586.84,-5.07332806e-06,,,,,,,,,,
586.86,-1.350841512e-05,,,,,,,,,,
586.88,-2.017992208e-05,,,,,,,,,,
586.9,-2.492379012e-05,,,,,,,,,,
586.92,-2.761550375e-05,,,,,,,,,,
586.94,-2.817860429e-05,,,,,,,,,,
586.96,-2.657826982e-05,,,,,,,,,,
586.98,-2.283509281e-05,,,,,,,,,,
587,-1.701399542e-05,,,,,,,,,,
587.02,-9.228511713e-06,,,,,,,,,,
587.04,3.625748986e-07,,,,,,,,,,
587.06,1.15676576e-05,,,,,,,,,,
587.08,2.415736549e-05,,,,,,,,,,
587.1,3.788311649e-05,,,,,,,,,,
587.12,5.247621284e-05,,,,,,,,,,
587.14,6.765807435e-05,,,,,,,,,,
587.16,8.315161454e-05,,,,,,,,,,
587.18,9.867917609e-05,,,,,,,,,,
587.2,0.0001139786953,,,,,,,,,,
587.22,0.0001287998487,,,,,,,,,,
587.24,0.0001429122801,,,,,,,,,,
587.26,0.0001561096424,,,,,,,,,,
587.28,0.0001682057349,,,,,,,,,,
587.3,0.0001790430915,,,,,,,,,,
587.32,0.000188486345,,,,,,,,,,
587.34,0.0001964260094,,,,,,,,,,
587.36,0.0002027784275,,,,,,,,,,
587.38,0.0002074819587,,,,,,,,,,
587.4,0.0002105012176,,,,,,,,,,
587.42,0.0002118233809,,,,,,,,,,
587.44,0.0002114593243,,,,,,,,,,
587.46,0.0002094459672,,,,,,,,,,
587.48,0.0002058433778,,,,,,,,,,
587.5,0.0002007376738,,,,,,,,,,
587.52,0.0001942411984,,,,,,,,,,
587.54,0.0001864891227,,,,,,,,,,
587.56,0.0001776446873,,,,,,,,,,
587.58,0.0001678919879,,,,,,,,,,
587.6,0.0001574361216,,,,,,,,,,
587.62,0.0001465021439,,,,,,,,,,
587.64,0.0001353237595,,,,,,,,,,
587.66,0.0001241489823,,,,,,,,,,
587.68,0.0001132246768,,,,,,,,,,
587.7,0.0001027947106,,,,,,,,,,
587.72,9.3095875e-05,,,,,,,,,,
587.74,8.434200333e-05,,,,,,,,,,
587.76,7.673211975e-05,,,,,,,,,,
587.78,7.043120867e-05,,,,,,,,,,
587.8,6.557271827e-05,,,,,,,,,,
587.82,6.225584138e-05,,,,,,,,,,
587.84,6.053372352e-05,,,,,,,,,,
587.86,6.04280666e-05,,,,,,,,,,
587.88,6.191353859e-05,,,,,,,,,,
587.9,6.49290381e-05,,,,,,,,,,
587.92,6.937908168e-05,,,,,,,,,,
587.94,7.513026824e-05,,,,,,,,,,
587.96,8.203028989e-05,,,,,,,,,,
587.98,8.989761718e-05,,,,,,,,,,
588,9.853780616e-05,,,,,,,,,,
588.02,0.0001077457208,,,,,,,,,,
588.04,0.0001173068077,,,,,,,,,,
588.06,0.0001270135766,,,,,,,,,,
588.08,0.0001366574289,,,,,,,,,,
588.1,0.0001460429496,,,,,,,,,,
588.12,0.0001549872159,,,,,,,,,,
588.14,0.0001633209746,,,,,,,,,,
588.16,0.0001708988457,,,,,,,,,,
588.18,0.0001775913195,,,,,,,,,,
588.2,0.0001832939346,,,,,,,,,,
588.22,0.0001879243215,,,,,,,,,,
588.24,0.0001914212854,,,,,,,,,,
588.26,0.0001937509419,,,,,,,,,,
588.28,0.0001948988047,,,,,,,,,,
588.3,0.0001948751777,,,,,,,,,,
588.32,0.0001937125152,,,,,,,,,,
588.34,0.0001914618961,,,,,,,,,,
588.36,0.0001881990438,,,,,,,,,,
588.38,0.0001840152792,,,,,,,,,,
588.4,0.0001790213546,,,,,,,,,,
588.42,0.0001733453963,,,,,,,,,,
588.44,0.0001671259879,,,,,,,,,,
588.46,0.0001605199952,,,,,,,,,,
588.48,0.0001536896484,,,,,,,,,,
588.5,0.0001468066716,,,,,,,,,,
588.52,0.000140048866,,,,,,,,,,
588.54,0.0001335902325,,,,,,,,,,
588.56,0.0001276110758,,,,,,,,,,
588.58,0.0001222800918,,,,,,,,,,
588.6,0.0001177615164,,,,,,,,,,
588.62,0.0001142091479,,,,,,,,,,
588.64,0.0001117567674,,,,,,,,,,
588.66,0.0001105309749,,,,,,,,,,
588.68,0.0001106302127,,,,,,,,,,
588.7,0.0001121378196,,,,,,,,,,
588.72,0.0001151134991,,,,,,,,,,
588.74,0.0001195879418,,,,,,,,,,
588.76,0.0001255776226,,,,,,,,,,
588.78,0.0001330634642,,,,,,,,,,
588.8,0.0001420100742,,,,,,,,,,
588.82,0.0001523545279,,,,,,,,,,
588.84,0.0001640068284,,,,,,,,,,
588.86,0.0001768643535,,,,,,,,,,
588.88,0.0001907922172,,,,,,,,,,
588.9,0.0002056465504,,,,,,,,,,
588.92,0.0002212612571,,,,,,,,,,
588.94,0.0002374540723,,,,,,,,,,
588.96,0.0002540393266,,,,,,,,,,
588.98,0.0002708118317,,,,,,,,,,
589,0.0002875718924,,,,,,,,,,
589.02,0.0003041120037,,,,,,,,,,
589.04,0.0003202267923,,,,,,,,,,
589.06,0.0003357240589,,,,,,,,,,
589.08,0.0003504119897,,,,,,,,,,
589.1,0.0003641229602,,,,,,,,,,
589.12,0.0003767006132,,,,,,,,,,
589.14,0.0003880091187,,,,,,,,,,
589.16,0.0003979414654,,,,,,,,,,
589.18,0.0004064061705,,,,,,,,,,
589.2,0.0004133459663,,,,,,,,,,
589.22,0.0004187235274,,,,,,,,,,
589.24,0.0004225247408,,,,,,,,,,
589.26,0.0004247636948,,,,,,,,,,
589.28,0.0004254654992,,,,,,,,,,
589.3,0.0004246791351,,,,,,,,,,
589.32,0.0004224625826,,,,,,,,,,
589.34,0.0004188798738,,,,,,,,,,
589.36,0.0004140068354,,,,,,,,,,
589.38,0.0004079120776,,,,,,,,,,
589.4,0.0004006692982,,,,,,,,,,
589.42,0.000392346613,,,,,,,,,,
589.44,0.0003830025489,,,,,,,,,,
589.46,0.0003726985322,,,,,,,,,,
589.48,0.0003614820468,,,,,,,,,,
589.5,0.0003494036249,,,,,,,,,,
589.52,0.0003365120601,,,,,,,,,,
589.54,0.0003228519408,,,,,,,,,,
589.56,0.00030848205,,,,,,,,,,
589.58,0.0002934589497,,,,,,,,,,
589.6,0.0002778562762,,,,,,,,,,
589.62,0.0002617595331,,,,,,,,,,
589.64,0.0002452615413,,,,,,,,,,
589.66,0.0002284787391,,,,,,,,,,
589.68,0.0002115298972,,,,,,,,,,
589.7,0.0001945519098,,,,,,,,,,
589.72,0.000177687995,,,,,,,,,,
589.74,0.0001610791835,,,,,,,,,,
589.76,0.0001448745152,,,,,,,,,,
589.78,0.0001292062532,,,,,,,,,,
589.8,0.0001142030798,,,,,,,,,,
589.82,9.997521659e-05,,,,,,,,,,
589.84,8.660799341e-05,,,,,,,,,,
589.86,7.417105302e-05,,,,,,,,,,
589.88,6.26987446e-05,,,,,,,,,,
589.9,5.220690004e-05,,,,,,,,,,
589.92,4.26828092e-05,,,,,,,,,,
589.94,3.408726138e-05,,,,,,,,,,
589.96,2.636697306e-05,,,,,,,,,,
589.98,1.944542117e-05,,,,,,,,,,
590,1.324179524e-05,,,,,,,,,,
590.02,7.667705643e-06,,,,,,,,,,
590.04,2.63411766e-06,,,,,,,,,,
590.06,-1.937579551e-06,,,,,,,,,,
590.08,-6.119796547e-06,,,,,,,,,,
590.1,-9.964653577e-06,,,,,,,,,,
590.12,-1.350822289e-05,,,,,,,,,,
590.14,-1.676592118e-05,,,,,,,,,,
590.16,-1.973016166e-05,,,,,,,,,,
590.18,-2.237566934e-05,,,,,,,,,,
590.2,-2.465480626e-05,,,,,,,,,,
590.22,-2.650648028e-05,,,,,,,,,,
590.24,-2.785508722e-05,,,,,,,,,,
590.26,-2.861686764e-05,,,,,,,,,,
590.28,-2.870474008e-05,,,,,,,,,,
590.3,-2.802967108e-05,,,,,,,,,,
590.32,-2.651045566e-05,,,,,,,,,,
590.34,-2.40714498e-05,,,,,,,,,,
590.36,-2.065233569e-05,,,,,,,,,,
590.38,-1.620777932e-05,,,,,,,,,,
590.4,-1.071013627e-05,,,,,,,,,,
590.42,-4.15570575e-06,,,,,,,,,,
590.44,3.441217467e-06,,,,,,,,,,
590.46,1.203869627e-05,,,,,,,,,,
590.48,2.157358726e-05,,,,,,,,,,
590.5,3.195861732e-05,,,,,,,,,,
590.52,4.308100733e-05,,,,,,,,,,
590.54,5.481048685e-05,,,,,,,,,,
590.56,6.699180006e-05,,,,,,,,,,
590.58,7.945533981e-05,,,,,,,,,,
590.6,9.201490167e-05,,,,,,,,,,
590.62,0.000104471577,,,,,,,,,,
590.64,0.00011662247,,,,,,,,,,
590.66,0.0001282578852,,,,,,,,,,
590.68,0.0001391739635,,,,,,,,,,
590.7,0.0001491729593,,,,,,,,,,
590.72,0.0001580706443,,,,,,,,,,
590.74,0.0001657048147,,,,,,,,,,
590.76,0.0001719358248,,,,,,,,,,
590.78,0.0001766572158,,,,,,,,,,
590.8,0.0001797965496,,,,,,,,,,
590.82,0.0001813200134,,,,,,,,,,
590.84,0.0001812372438,,,,,,,,,,
590.86,0.0001795983054,,,,,,,,,,
590.88,0.0001764973201,,,,,,,,,,
590.9,0.0001720683802,,,,,,,,,,
590.92,0.000166481039,,,,,,,,,,
590.94,0.0001599395849,,,,,,,,,,
590.96,0.0001526707272,,,,,,,,,,
590.98,0.0001449211454,,,,,,,,,,
591,0.0001369468473,,,,,,,,,,
591.02,0.0001290021057,,,,,,,,,,
591.04,0.0001213368471,,,,,,,,,,
591.06,0.000114179111,,,,,,,,,,
591.08,0.0001077347072,,,,,,,,,,
591.1,0.0001021756301,,,,,,,,,,
591.12,9.763270996e-05,,,,,,,,,,
591.14,9.419814392e-05,,,,,,,,,,
591.16,9.191252976e-05,,,,,,,,,,
591.18,9.077478825e-05,,,,,,,,,,
591.2,9.073621503e-05,,,,,,,,,,
591.22,9.170465411e-05,,,,,,,,,,
591.24,9.355484726e-05,,,,,,,,,,
591.26,9.612506399e-05,,,,,,,,,,
591.28,9.923700148e-05,,,,,,,,,,
591.3,0.0001026949971,,,,,,,,,,
591.32,0.0001062994987,,,,,,,,,,
591.34,0.0001098591535,,,,,,,,,,
591.36,0.0001131921573,,,,,,,,,,
591.38,0.0001161469966,,,,,,,,,,
591.4,0.0001185984352,,,,,,,,,,
591.42,0.0001204607974,,,,,,,,,,
591.44,0.0001216909624,,,,,,,,,,
591.46,0.0001222863656,,,,,,,,,,
591.48,0.0001222947673,,,,,,,,,,
591.5,0.0001218010374,,,,,,,,,,
591.52,0.0001209326833,,,,,,,,,,
591.54,0.0001198485833,,,,,,,,,,
591.56,0.0001187307772,,,,,,,,,,
591.58,0.0001177823659,,,,,,,,,,
591.6,0.0001172063672,,,,,,,,,,
591.62,0.0001172072251,,,,,,,,,,
591.64,0.0001179709678,,,,,,,,,,
591.66,0.00011965847,,,,,,,,,,
591.68,0.0001224005645,,,,,,,,,,
591.7,0.0001262799794,,,,,,,,,,
591.72,0.0001313396276,,,,,,,,,,
591.74,0.0001375664109,,,,,,,,,,
591.76,0.0001448970953,,,,,,,,,,
591.78,0.00015322087,,,,,,,,,,
591.8,0.0001623744727,,,,,,,,,,
591.82,0.0001721631937,,,,,,,,,,
591.84,0.0001823543297,,,,,,,,,,
591.86,0.000192696846,,,,,,,,,,
591.88,0.0002029304551,,,,,,,,,,
591.9,0.0002127904345,,,,,,,,,,
591.92,0.0002220328968,,,,,,,,,,
591.94,0.0002304296048,,,,,,,,,,
591.96,0.0002377881649,,,,,,,,,,
591.98,0.0002439547394,,,,,,,,,,
592,0.0002488157988,,,,,,,,,,
592.02,0.0002523098789,,,,,,,,,,
592.04,0.0002544153,,,,,,,,,,
592.06,0.0002551569998,,,,,,,,,,
592.08,0.0002545966523,,,,,,,,,,
592.1,0.0002528245649,,,,,,,,,,
592.12,0.0002499583535,,,,,,,,,,
592.14,0.0002461247653,,,,,,,,,,
592.16,0.0002414590727,,,,,,,,,,
592.18,0.0002360925501,,,,,,,,,,
592.2,0.0002301436563,,,,,,,,,,
592.22,0.0002237191677,,,,,,,,,,
592.24,0.0002169007858,,,,,,,,,,
592.26,0.000209752025,,,,,,,,,,
592.28,0.0002023138314,,,,,,,,,,
592.3,0.0001946044151,,,,,,,,,,
592.32,0.0001866308425,,,,,,,,,,
592.34,0.0001783822216,,,,,,,,,,
592.36,0.0001698468827,,,,,,,,,,
592.38,0.0001610110169,,,,,,,,,,
592.4,0.0001518635682,,,,,,,,,,
592.42,0.000142408987,,,,,,,,,,
592.44,0.0001326588955,,,,,,,,,,
592.46,0.000122648087,,,,,,,,,,
592.48,0.0001124263142,,,,,,,,,,
592.5,0.0001020599352,,,,,,,,,,
592.52,9.163563146e-05,,,,,,,,,,
592.54,8.124715266e-05,,,,,,,,,,
592.56,7.100358584e-05,,,,,,,,,,
592.58,6.101487378e-05,,,,,,,,,,
592.6,5.139126683e-05,,,,,,,,,,
592.62,4.224025472e-05,,,,,,,,,,
592.64,3.3655033e-05,,,,,,,,,,
592.66,2.5720518e-05,,,,,,,,,,
592.68,1.850075416e-05,,,,,,,,,,
592.7,1.204366837e-05,,,,,,,,,,
592.72,6.378280688e-06,,,,,,,,,,
592.74,1.512096171e-06,,,,,,,,,,
592.76,-2.560807604e-06,,,,,,,,,,
592.78,-5.865854037e-06,,,,,,,,,,
592.8,-8.436892388e-06,,,,,,,,,,
592.82,-1.031820116e-05,,,,,,,,,,
592.84,-1.155973095e-05,,,,,,,,,,
592.86,-1.221108186e-05,,,,,,,,,,
592.88,-1.232355853e-05,,,,,,,,,,
592.9,-1.194120415e-05,,,,,,,,,,
592.92,-1.110491153e-05,,,,,,,,,,
592.94,-9.847683323e-06,,,,,,,,,,
592.96,-8.19584222e-06,,,,,,,,,,
592.98,-6.170636574e-06,,,,,,,,,,
593,-3.786717972e-06,,,,,,,,,,
593.02,-1.058055392e-06,,,,,,,,,,
593.04,2.004278474e-06,,,,,,,,,,
593.06,5.38605793e-06,,,,,,,,,,
593.08,9.070246428e-06,,,,,,,,,,
593.1,1.303476681e-05,,,,,,,,,,
593.12,1.724962797e-05,,,,,,,,,,
593.14,2.168014476e-05,,,,,,,,,,
593.16,2.628242097e-05,,,,,,,,,,
593.18,3.100860351e-05,,,,,,,,,,
593.2,3.580569192e-05,,,,,,,,,,
593.22,4.061785978e-05,,,,,,,,,,
593.24,4.539186037e-05,,,,,,,,,,
593.26,5.007476509e-05,,,,,,,,,,
593.28,5.462200032e-05,,,,,,,,,,
593.3,5.899536689e-05,,,,,,,,,,
593.32,6.31671152e-05,,,,,,,,,,
593.34,6.71225323e-05,,,,,,,,,,
593.36,7.085662269e-05,,,,,,,,,,
593.38,7.438002842e-05,,,,,,,,,,
593.4,7.771248266e-05,,,,,,,,,,
593.42,8.088539619e-05,,,,,,,,,,
593.44,8.393942431e-05,,,,,,,,,,
593.46,8.691874962e-05,,,,,,,,,,
593.48,8.987506913e-05,,,,,,,,,,
593.5,9.285710818e-05,,,,,,,,,,
593.52,9.591377396e-05,,,,,,,,,,
593.54,9.908905673e-05,,,,,,,,,,
593.56,0.0001024169238,,,,,,,,,,
593.58,0.00010592675,,,,,,,,,,
593.6,0.0001096319253,,,,,,,,,,
593.62,0.0001135365941,,,,,,,,,,
593.64,0.0001176303228,,,,,,,,,,
593.66,0.0001218873609,,,,,,,,,,
593.68,0.0001262721022,,,,,,,,,,
593.7,0.0001307314552,,,,,,,,,,
593.72,0.00013520406,,,,,,,,,,
593.74,0.0001396160213,,,,,,,,,,
593.76,0.0001438845829,,,,,,,,,,
593.78,0.0001479231786,,,,,,,,,,
593.8,0.0001516379329,,,,,,,,,,
593.82,0.0001549381893,,,,,,,,,,
593.84,0.0001577332133,,,,,,,,,,
593.86,0.0001599383157,,,,,,,,,,
593.88,0.0001614792512,,,,,,,,,,
593.9,0.0001622900447,,,,,,,,,,
593.92,0.000162323532,,,,,,,,,,
593.94,0.0001615463014,,,,,,,,,,
593.96,0.0001599443656,,,,,,,,,,
593.98,0.0001575245954,,,,,,,,,,
594,0.0001543109585,,,,,,,,,,
594.02,0.0001503512658,,,,,,,,,,
594.04,0.0001457088756,,,,,,,,,,
594.06,0.0001404659177,,,,,,,,,,
594.08,0.0001347198581,,,,,,,,,,
594.1,0.0001285778178,,,,,,,,,,
594.12,0.0001221600123,,,,,,,,,,
594.14,0.0001155882139,,,,,,,,,,
594.16,0.000108990439,,,,,,,,,,
594.18,0.0001024928166,,,,,,,,,,
594.2,9.62170641e-05,,,,,,,,,,
594.22,9.028280318e-05,,,,,,,,,,
594.24,8.479605143e-05,,,,,,,,,,
594.26,7.986036949e-05,,,,,,,,,,
594.28,7.556410034e-05,,,,,,,,,,
594.3,7.198632978e-05,,,,,,,,,,
594.32,6.919613981e-05,,,,,,,,,,
594.34,6.724685949e-05,,,,,,,,,,
594.36,6.618703542e-05,,,,,,,,,,
594.38,6.60475456e-05,,,,,,,,,,
594.4,6.685325873e-05,,,,,,,,,,
594.42,6.861558146e-05,,,,,,,,,,
594.44,7.133376746e-05,,,,,,,,,,
594.46,7.499959306e-05,,,,,,,,,,
594.48,7.958618545e-05,,,,,,,,,,
594.5,8.506166873e-05,,,,,,,,,,
594.52,9.137490915e-05,,,,,,,,,,
594.54,9.846400648e-05,,,,,,,,,,
594.56,0.0001062535148,,,,,,,,,,
594.58,0.0001146492371,,,,,,,,,,
594.6,0.0001235509122,,,,,,,,,,
594.62,0.0001328379237,,,,,,,,,,
594.64,0.0001423839419,,,,,,,,,,
594.66,0.0001520505083,,,,,,,,,,
594.68,0.0001616920743,,,,,,,,,,
594.7,0.0001711636799,,,,,,,,,,
594.72,0.0001803150648,,,,,,,,,,
594.74,0.0001890070582,,,,,,,,,,
594.76,0.0001971046916,,,,,,,,,,
594.78,0.0002044887109,,,,,,,,,,
594.8,0.0002110588966,,,,,,,,,,
594.82,0.0002167320953,,,,,,,,,,
594.84,0.0002214574289,,,,,,,,,,
594.86,0.0002252053496,,,,,,,,,,
594.88,0.0002279797394,,,,,,,,,,
594.9,0.0002298135764,,,,,,,,,,
594.92,0.0002307660221,,,,,,,,,,
594.94,0.0002309298608,,,,,,,,,,
594.96,0.0002304150393,,,,,,,,,,
594.98,0.0002293571842,,,,,,,,,,
595,0.0002279033782,,,,,,,,,,
619,,0.0005894857811,,,,,,,,,
619.05,,0.0006087949086,,,,,,,,,
619.1,,0.0006128882573,,,,,,,,,
619.15,,0.0006028547694,,,,,,,,,
619.2,,0.0005836960704,,,,,,,,,
619.25,,0.0005632201906,,,,,,,,,
619.3,,0.0005502978538,,,,,,,,,
619.35,,0.000552884541,,,,,,,,,
619.4,,0.0005763993846,,,,,,,,,
619.45,,0.0006227630152,,,,,,,,,
619.5,,0.0006901542668,,,,,,,,,
619.55,,0.0007735231719,,,,,,,,,
619.6,,0.0008655487317,,,,,,,,,
619.65,,0.0009577837098,,,,,,,,,
619.7,,0.00104188495,,,,,,,,,
619.75,,0.001110643806,,,,,,,,,
619.8,,0.00115877195,,,,,,,,,
619.85,,0.001183453751,,,,,,,,,
619.9,,0.001184452484,,,,,,,,,
619.95,,0.001163866943,,,,,,,,,
620,,0.001125611993,,,,,,,,,
620.05,,0.001074569118,,,,,,,,,
620.1,,0.001015752437,,,,,,,,,
620.15,,0.0009536208544,,,,,,,,,
620.2,,0.0008915928519,,,,,,,,,
620.25,,0.0008319700575,,,,,,,,,
620.3,,0.0007761236554,,,,,,,,,
620.35,,0.0007247828066,,,,,,,,,
620.4,,0.0006783850323,,,,,,,,,
620.45,,0.0006372505689,,,,,,,,,
620.5,,0.0006015640683,,,,,,,,,
620.55,,0.0005712656588,,,,,,,,,
620.6,,0.0005458239023,,,,,,,,,
620.65,,0.0005240522673,,,,,,,,,
620.7,,0.0005040763532,,,,,,,,,
620.75,,0.0004834028057,,,,,,,,,
620.8,,0.0004591913998,,,,,,,,,
620.85,,0.0004287201825,,,,,,,,,
620.9,,0.0003899372889,,,,,,,,,
620.95,,0.0003421036155,,,,,,,,,
621,,0.0002863730579,,,,,,,,,
621.05,,0.0002260946006,,,,,,,,,
621.1,,0.0001667429798,,,,,,,,,
621.15,,0.0001153829647,,,,,,,,,
621.2,,7.964963848e-05,,,,,,,,,
621.25,,6.649461964e-05,,,,,,,,,
621.3,,8.098533137e-05,,,,,,,,,
621.35,,0.0001253585932,,,,,,,,,
621.4,,0.0001986035451,,,,,,,,,
621.45,,0.0002966352662,,,,,,,,,
621.5,,0.0004128527632,,,,,,,,,
621.55,,0.0005389852658,,,,,,,,,
621.6,,0.0006660562201,,,,,,,,,
621.65,,0.0007852403793,,,,,,,,,
621.7,,0.0008886671617,,,,,,,,,
621.75,,0.0009701808665,,,,,,,,,
621.8,,0.001025950597,,,,,,,,,
621.85,,0.001054954448,,,,,,,,,
621.9,,0.00105920973,,,,,,,,,
621.95,,0.001043546654,,,,,,,,,
622,,0.001014965186,,,,,,,,,
622.05,,0.0009815887323,,,,,,,,,
622.1,,0.0009513418208,,,,,,,,,
622.15,,0.0009307261692,,,,,,,,,
622.2,,0.0009238821578,,,,,,,,,
622.25,,0.0009321161557,,,,,,,,,
622.3,,0.00095406065,,,,,,,,,
622.35,,0.0009862617107,,,,,,,,,
622.4,,0.00102402236,,,,,,,,,
622.45,,0.001062360613,,,,,,,,,
622.5,,0.001096761062,,,,,,,,,
622.55,,0.001123665378,,,,,,,,,
622.6,,0.001140767471,,,,,,,,,
622.65,,0.001147040672,,,,,,,,,
622.7,,0.001142626724,,,,,,,,,
622.75,,0.001128692575,,,,,,,,,
622.8,,0.001107132682,,,,,,,,,
622.85,,0.001080197652,,,,,,,,,
622.9,,0.001050132103,,,,,,,,,
622.95,,0.001018758361,,,,,,,,,
623,,0.0009872220644,,,,,,,,,
623.05,,0.0009560371795,,,,,,,,,
623.1,,0.0009253157977,,,,,,,,,
623.15,,0.0008952286465,,,,,,,,,
623.2,,0.00086655182,,,,,,,,,
623.25,,0.0008409485066,,,,,,,,,
623.3,,0.0008209426788,,,,,,,,,
623.35,,0.000809553879,,,,,,,,,
623.4,,0.0008095299511,,,,,,,,,
623.45,,0.000822493549,,,,,,,,,
623.5,,0.0008482729472,,,,,,,,,
623.55,,0.0008844775765,,,,,,,,,
623.6,,0.0009265583697,,,,,,,,,
623.65,,0.0009683805979,,,,,,,,,
623.7,,0.001003070422,,,,,,,,,
623.75,,0.001024089514,,,,,,,,,
623.8,,0.001026359238,,,,,,,,,
623.85,,0.001007133506,,,,,,,,,
623.9,,0.0009665784515,,,,,,,,,
623.95,,0.0009079695712,,,,,,,,,
624,,0.0008373656897,,,,,,,,,
624.05,,0.0007628946359,,,,,,,,,
624.1,,0.0006937769121,,,,,,,,,
624.15,,0.0006391220716,,,,,,,,,
624.2,,0.0006067656199,,,,,,,,,
624.25,,0.0006023344025,,,,,,,,,
624.3,,0.0006285117869,,,,,,,,,
624.35,,0.0006846666824,,,,,,,,,
624.4,,0.0007669105065,,,,,,,,,
624.45,,0.0008684261161,,,,,,,,,
624.5,,0.0009801224237,,,,,,,,,
624.55,,0.001091594966,,,,,,,,,
624.6,,0.001192168682,,,,,,,,,
624.65,,0.001271967986,,,,,,,,,
624.7,,0.00132292652,,,,,,,,,
624.75,,0.001339520578,,,,,,,,,
624.8,,0.001319209832,,,,,,,,,
624.85,,0.001262604364,,,,,,,,,
624.9,,0.001173288902,,,,,,,,,
624.95,,0.001057409945,,,,,,,,,
625,,0.0009231023336,,,,,,,,,
625.05,,0.000779708047,,,,,,,,,
625.1,,0.000636917339,,,,,,,,,
625.15,,0.0005039151042,,,,,,,,,
625.2,,0.0003885213788,,,,,,,,,
625.25,,0.0002965073343,,,,,,,,,
625.3,,0.0002311898955,,,,,,,,,
625.35,,0.0001932773105,,,,,,,,,
625.4,,0.0001810370923,,,,,,,,,
625.45,,0.0001907596059,,,,,,,,,
625.5,,0.0002173681429,,,,,,,,,
625.55,,0.0002550963568,,,,,,,,,
625.6,,0.0002981662931,,,,,,,,,
625.65,,0.0003413675712,,,,,,,,,
625.7,,0.0003804938908,,,,,,,,,
625.75,,0.0004126566701,,,,,,,,,
625.8,,0.0004364563585,,,,,,,,,
625.85,,0.0004519619777,,,,,,,,,
625.9,,0.0004605192051,,,,,,,,,
625.95,,0.0004643945858,,,,,,,,,
626,,0.0004662424087,,,,,,,,,
626.05,,0.0004685253583,,,,,,,,,
626.1,,0.0004730227265,,,,,,,,,
626.15,,0.0004804739069,,,,,,,,,
626.2,,0.0004905010688,,,,,,,,,
626.25,,0.0005018464432,,,,,,,,,
626.3,,0.0005127802062,,,,,,,,,
626.35,,0.0005216555056,,,,,,,,,
626.4,,0.0005274819239,,,,,,,,,
626.45,,0.0005303090651,,,,,,,,,
626.5,,0.0005313937881,,,,,,,,,
626.55,,0.000533107637,,,,,,,,,
626.6,,0.0005385139758,,,,,,,,,
626.65,,0.0005507242973,,,,,,,,,
626.7,,0.0005721733236,,,,,,,,,
626.75,,0.0006039030694,,,,,,,,,
626.8,,0.0006450471505,,,,,,,,,
626.85,,0.0006926903092,,,,,,,,,
626.9,,0.0007421239476,,,,,,,,,
626.95,,0.0007874824381,,,,,,,,,
627,,0.000822694712,,,,,,,,,
627.05,,0.000842528435,,,,,,,,,
627.1,,0.0008434957325,,,,,,,,,
627.15,,0.0008244793675,,,,,,,,,
627.2,,0.0007869319002,,,,,,,,,
627.25,,0.0007345973033,,,,,,,,,
627.3,,0.0006728982563,,,,,,,,,
627.35,,0.0006081418697,,,,,,,,,
627.4,,0.0005466708583,,,,,,,,,
627.45,,0.0004941901373,,,,,,,,,
627.5,,0.0004553691213,,,,,,,,,
627.55,,0.0004336004991,,,,,,,,,
627.6,,0.000430974432,,,,,,,,,
627.65,,0.0004483714857,,,,,,,,,
627.7,,0.0004854877829,,,,,,,,,
627.75,,0.0005408502503,,,,,,,,,
627.8,,0.0006118296726,,,,,,,,,
627.85,,0.0006946135196,,,,,,,,,
627.9,,0.0007842307879,,,,,,,,,
627.95,,0.0008747180126,,,,,,,,,
628,,0.0009594300158,,,,,,,,,
628.05,,0.001031495495,,,,,,,,,
628.1,,0.001084459951,,,,,,,,,
628.15,,0.00111303579,,,,,,,,,
628.2,,0.001113807812,,,,,,,,,
628.25,,0.001085832422,,,,,,,,,
628.3,,0.001030983884,,,,,,,,,
628.35,,0.0009538702605,,,,,,,,,
628.4,,0.000861353455,,,,,,,,,
628.45,,0.0007617223146,,,,,,,,,
628.5,,0.0006635357216,,,,,,,,,
628.55,,0.0005744728684,,,,,,,,,
628.6,,0.0005003917992,,,,,,,,,
628.65,,0.0004446961353,,,,,,,,,
628.7,,0.0004082159239,,,,,,,,,
628.75,,0.0003895546457,,,,,,,,,
628.8,,0.0003856956008,,,,,,,,,
628.85,,0.0003927267207,,,,,,,,,
628.9,,0.0004065042013,,,,,,,,,
628.95,,0.0004231162471,,,,,,,,,
629,,0.0004391458893,,,,,,,,,
629.05,,0.0004518449145,,,,,,,,,
629.1,,0.0004593067586,,,,,,,,,
629.15,,0.0004606463301,,,,,,,,,
629.2,,0.0004562078841,,,,,,,,,
629.25,,0.0004477044709,,,,,,,,,
629.3,,0.0004380941784,,,,,,,,,
629.35,,0.0004311781439,,,,,,,,,
629.4,,0.0004309435909,,,,,,,,,
629.45,,0.000440741164,,,,,,,,,
629.5,,0.0004625342693,,,,,,,,,
629.55,,0.0004964555892,,,,,,,,,
629.6,,0.0005407903543,,,,,,,,,
629.65,,0.0005923704417,,,,,,,,,
629.7,,0.0006472902078,,,,,,,,,
629.75,,0.0007017325635,,,,,,,,,
629.8,,0.0007525912126,,,,,,,,,
629.85,,0.0007977987982,,,,,,,,,
629.9,,0.000836369396,,,,,,,,,
629.95,,0.0008681191242,,,,,,,,,
630,,0.0008933453478,,,,,,,,,
630.05,,0.0009126182658,,,,,,,,,
630.1,,0.0009266997555,,,,,,,,,
630.15,,0.0009365789922,,,,,,,,,
630.2,,0.0009435461365,,,,,,,,,
630.25,,0.0009491328063,,,,,,,,,
630.3,,0.0009548223882,,,,,,,,,
630.35,,0.0009616253587,,,,,,,,,
630.4,,0.0009696681101,,,,,,,,,
630.45,,0.0009778779111,,,,,,,,,
630.5,,0.0009840257529,,,,,,,,,
630.55,,0.0009851860854,,,,,,,,,
630.6,,0.0009783971692,,,,,,,,,
630.65,,0.0009614751331,,,,,,,,,
630.7,,0.0009337273793,,,,,,,,,
630.75,,0.0008963108018,,,,,,,,,
630.8,,0.0008521864676,,,,,,,,,
630.85,,0.0008056978971,,,,,,,,,
630.9,,0.000761864806,,,,,,,,,
630.95,,0.0007255203046,,,,,,,,,
631,,0.000700518185,,,,,,,,,
631.05,,0.0006891739341,,,,,,,,,
631.1,,0.0006918772389,,,,,,,,,
631.15,,0.0007070619517,,,,,,,,,
631.2,,0.0007314908145,,,,,,,,,
631.25,,0.0007607337627,,,,,,,,,
631.3,,0.000789839864,,,,,,,,,
631.35,,0.0008140923076,,,,,,,,,
631.4,,0.000829691911,,,,,,,,,
631.45,,0.0008342196603,,,,,,,,,
631.5,,0.0008268221971,,,,,,,,,
631.55,,0.0008080977571,,,,,,,,,
631.6,,0.0007796496609,,,,,,,,,
631.65,,0.0007435444075,,,,,,,,,
631.7,,0.0007018264927,,,,,,,,,
631.75,,0.0006561777551,,,,,,,,,
631.8,,0.000607863204,,,,,,,,,
631.85,,0.0005579230482,,,,,,,,,
631.9,,0.000507462545,,,,,,,,,
631.95,,0.0004578923176,,,,,,,,,
632,,0.0004110138581,,,,,,,,,
632.05,,0.0003689036954,,,,,,,,,
632.1,,0.0003335744561,,,,,,,,,
632.15,,0.000306619044,,,,,,,,,
632.2,,0.0002889421498,,,,,,,,,
632.25,,0.000280629933,,,,,,,,,
632.3,,0.0002810257562,,,,,,,,,
632.35,,0.0002889397659,,,,,,,,,
632.4,,0.0003028858636,,,,,,,,,
632.45,,0.000321239925,,,,,,,,,
632.5,,0.0003423080585,,,,,,,,,
632.55,,0.0003643493434,,,,,,,,,
632.6,,0.0003855622275,,,,,,,,,
632.65,,0.0004041769745,,,,,,,,,
632.7,,0.0004186668989,,,,,,,,,
632.75,,0.0004280262764,,,,,,,,,
632.8,,0.0004320252122,,,,,,,,,
632.85,,0.0004313331465,,,,,,,,,
632.9,,0.0004274334505,,,,,,,,,
632.95,,0.0004222736206,,,,,,,,,
633,,0.000417763207,,,,,,,,,
633.05,,0.0004152662016,,,,,,,,,
633.1,,0.000415202049,,,,,,,,,
633.15,,0.0004169338124,,,,,,,,,
633.2,,0.0004189934262,,,,,,,,,
633.25,,0.0004195906851,,,,,,,,,
633.3,,0.0004172625674,,,,,,,,,
633.35,,0.0004114923279,,,,,,,,,
633.4,,0.0004031383898,,,,,,,,,
633.45,,0.0003944719025,,,,,,,,,
633.5,,0.0003888617865,,,,,,,,,
633.55,,0.0003901579339,,,,,,,,,
633.6,,0.0004019000512,,,,,,,,,
633.65,,0.0004265400134,,,,,,,,,
633.7,,0.0004648638816,,,,,,,,,
633.75,,0.0005157695573,,,,,,,,,
633.8,,0.0005763577791,,,,,,,,,
633.85,,0.0006423766323,,,,,,,,,
633.9,,0.0007089174524,,,,,,,,,
633.95,,0.0007711598141,,,,,,,,,
634,,0.0008250523688,,,,,,,,,
634.05,,0.0008678141889,,,,,,,,,
634.1,,0.0008982025762,,,,,,,,,
634.15,,0.0009164644988,,,,,,,,,
634.2,,0.0009240658233,,,,,,,,,
634.25,,0.000923287552,,,,,,,,,
634.3,,0.0009166828412,,,,,,,,,
634.35,,0.0009065637918,,,,,,,,,
634.4,,0.000894599482,,,,,,,,,
634.45,,0.0008815936765,,,,,,,,,
634.5,,0.0008674559715,,,,,,,,,
634.55,,0.0008514208927,,,,,,,,,
634.6,,0.0008324915233,,,,,,,,,
634.65,,0.0008098889084,,,,,,,,,
634.7,,0.0007834990338,,,,,,,,,
634.75,,0.0007541464038,,,,,,,,,
634.8,,0.0007235889737,,,,,,,,,
634.85,,0.0006942141158,,,,,,,,,
634.9,,0.0006685286385,,,,,,,,,
634.95,,0.00064860877,,,,,,,,,
635,,0.000635555791,,,,,,,,,
635.05,,0.0006292268737,,,,,,,,,
635.1,,0.000628274283,,,,,,,,,
635.15,,0.000630471342,,,,,,,,,
635.2,,0.0006332365547,,,,,,,,,
635.25,,0.0006342385455,,,,,,,,,
635.3,,0.0006319678393,,,,,,,,,
635.35,,0.000626062993,,,,,,,,,
635.4,,0.0006174416051,,,,,,,,,
635.45,,0.0006081921586,,,,,,,,,
635.5,,0.00060125858,,,,,,,,,
635.55,,0.0005999536473,,,,,,,,,
635.6,,0.0006073895006,,,,,,,,,
635.65,,0.0006259478187,,,,,,,,,
635.7,,0.0006567603006,,,,,,,,,
635.75,,0.0006993993462,,,,,,,,,
635.8,,0.0007518221297,,,,,,,,,
635.85,,0.0008106054192,,,,,,,,,
635.9,,0.0008713844202,,,,,,,,,
635.95,,0.0009294426552,,,,,,,,,
636,,0.0009803390525,,,,,,,,,
636.05,,0.001020333284,,,,,,,,,
636.1,,0.001046630475,,,,,,,,,
636.15,,0.001057432397,,,,,,,,,
636.2,,0.001051894499,,,,,,,,,
636.25,,0.001030056678,,,,,,,,,
636.3,,0.0009929015454,,,,,,,,,
636.35,,0.0009425575606,,,,,,,,,
636.4,,0.0008824835991,,,,,,,,,
636.45,,0.0008175530504,,,,,,,,,
636.5,,0.0007538526386,,,,,,,,,
636.55,,0.0006981328899,,,,,,,,,
636.6,,0.000656856985,,,,,,,,,
636.65,,0.0006351194259,,,,,,,,,
636.7,,0.0006356849512,,,,,,,,,
636.75,,0.0006583676396,,,,,,,,,
636.8,,0.0006999871511,,,,,,,,,
636.85,,0.0007549266527,,,,,,,,,
636.9,,0.0008162142015,,,,,,,,,
636.95,,0.0008767072491,,,,,,,,,
637,,0.0009302247564,,,,,,,,,
637.05,,0.0009723203403,,,,,,,,,
637.1,,0.001000588288,,,,,,,,,
637.15,,0.001014518935,,,,,,,,,
637.2,,0.001015093119,,,,,,,,,
637.25,,0.00100433426,,,,,,,,,
637.3,,0.0009848701773,,,,,,,,,
637.35,,0.0009596531052,,,,,,,,,
637.4,,0.0009317797309,,,,,,,,,
637.45,,0.0009043600974,,,,,,,,,
637.5,,0.0008802739514,,,,,,,,,
637.55,,0.0008618780405,,,,,,,,,
637.6,,0.0008506886661,,,,,,,,,
637.65,,0.0008470688652,,,,,,,,,
637.7,,0.0008500641788,,,,,,,,,
637.75,,0.0008574529031,,,,,,,,,
637.8,,0.0008660864253,,,,,,,,,
637.85,,0.0008723330589,,,,,,,,,
637.9,,0.0008726897503,,,,,,,,,
637.95,,0.0008643809382,,,,,,,,,
638,,0.0008458471098,,,,,,,,,
638.05,,0.0008170101813,,,,,,,,,
638.1,,0.0007793221909,,,,,,,,,
638.15,,0.0007355925919,,,,,,,,,
638.2,,0.0006895717976,,,,,,,,,
638.25,,0.0006454150403,,,,,,,,,
638.3,,0.0006070861892,,,,,,,,,
638.35,,0.0005778434745,,,,,,,,,
638.4,,0.0005597754577,,,,,,,,,
638.45,,0.0005535713941,,,,,,,,,
638.5,,0.0005585006342,,,,,,,,,
638.55,,0.0005726019692,,,,,,,,,
638.6,,0.000593011885,,,,,,,,,
638.65,,0.0006164112227,,,,,,,,,
638.7,,0.0006395116923,,,,,,,,,
638.75,,0.0006594549463,,,,,,,,,
638.8,,0.0006741084974,,,,,,,,,
638.85,,0.0006822011024,,,,,,,,,
638.9,,0.0006833353794,,,,,,,,,
638.95,,0.0006778070302,,,,,,,,,
639,,0.000666386055,,,,,,,,,
639.05,,0.0006500878272,,,,,,,,,
639.1,,0.0006300182306,,,,,,,,,
639.15,,0.0006072957239,,,,,,,,,
639.2,,0.000583092113,,,,,,,,,
639.25,,0.0005587361995,,,,,,,,,
639.3,,0.0005357706628,,,,,,,,,
639.35,,0.0005159128479,,,,,,,,,
639.4,,0.0005008783109,,,,,,,,,
639.45,,0.0004921178718,,,,,,,,,
639.5,,0.0004904609366,,,,,,,,,
639.55,,0.0004958528189,,,,,,,,,
639.6,,0.0005072474392,,,,,,,,,
639.65,,0.000522752868,,,,,,,,,
639.7,,0.0005399547077,,,,,,,,,
639.75,,0.000556424146,,,,,,,,,
639.8,,0.0005702598452,,,,,,,,,
639.85,,0.0005805329416,,,,,,,,,
639.9,,0.0005874956703,,,,,,,,,
639.95,,0.0005925143951,,,,,,,,,
640,,0.0005977289734,,,,,,,,,
640.05,,0.0006054628551,,,,,,,,,
640.1,,0.0006175350974,,,,,,,,,
640.15,,0.000634599967,,,,,,,,,
640.2,,0.0006557274133,,,,,,,,,
640.25,,0.000678254137,,,,,,,,,
640.3,,0.0006980522289,,,,,,,,,
640.35,,0.0007101647157,,,,,,,,,
640.4,,0.000709737491,,,,,,,,,
640.45,,0.000693017367,,,,,,,,,
640.5,,0.0006582797102,,,,,,,,,
640.55,,0.0006064505673,,,,,,,,,
640.6,,0.0005412765675,,,,,,,,,
640.65,,0.0004689703013,,,,,,,,,
640.7,,0.0003974053297,,,,,,,,,
640.75,,0.0003350054536,,,,,,,,,
640.8,,0.0002895172531,,,,,,,,,
640.85,,0.0002669059139,,,,,,,,,
640.9,,0.000270564348,,,,,,,,,
640.95,,0.0003009757544,,,,,,,,,
641,,0.0003557783832,,,,,,,,,
641.05,,0.00043022146,,,,,,,,,
641.1,,0.0005178605245,,,,,,,,,
641.15,,0.0006114093488,,,,,,,,,
641.2,,0.0007035161451,,,,,,,,,
641.25,,0.0007874655624,,,,,,,,,
641.3,,0.0008577026272,,,,,,,,,
641.35,,0.0009102096835,,,,,,,,,
641.4,,0.0009426546911,,,,,,,,,
641.45,,0.0009544041049,,,,,,,,,
641.5,,0.0009463898479,,,,,,,,,
641.55,,0.0009208737629,,,,,,,,,
641.6,,0.0008810833548,,,,,,,,,
641.65,,0.0008308021965,,,,,,,,,
641.7,,0.0007739428534,,,,,,,,,
641.75,,0.0007141449272,,,,,,,,,
641.8,,0.0006544577387,,,,,,,,,
641.85,,0.0005971994736,,,,,,,,,
641.9,,0.0005440292817,,,,,,,,,
641.95,,0.0004961803481,,,,,,,,,
642,,0.0004548139363,,,,,,,,,
642.05,,0.0004213648058,,,,,,,,,
642.1,,0.0003977544657,,,,,,,,,
642.15,,0.0003863024181,,,,,,,,,
642.2,,0.0003893572818,,,,,,,,,
642.25,,0.0004086935874,,,,,,,,,
642.3,,0.0004448865137,,,,,,,,,
642.35,,0.000496796322,,,,,,,,,
642.4,,0.0005614238244,,,,,,,,,
642.45,,0.0006341934271,,,,,,,,,
642.5,,0.0007096996543,,,,,,,,,
642.55,,0.0007826560868,,,,,,,,,
642.6,,0.0008489091997,,,,,,,,,
642.65,,0.0009062159188,,,,,,,,,
642.7,,0.0009546886091,,,,,,,,,
642.75,,0.0009966825644,,,,,,,,,
642.8,,0.001036279583,,,,,,,,,
642.85,,0.001078422885,,,,,,,,,
642.9,,0.001127989948,,,,,,,,,
642.95,,0.001188826435,,,,,,,,,
643,,0.001263054937,,,,,,,,,
643.05,,0.001350693229,,,,,,,,,
643.1,,0.001449731219,,,,,,,,,
643.15,,0.001556459807,,,,,,,,,
643.2,,0.001666147013,,,,,,,,,
643.25,,0.00177385421,,,,,,,,,
643.3,,0.001875336042,,,,,,,,,
643.35,,0.001967693468,,,,,,,,,
643.4,,0.002049834395,,,,,,,,,
643.45,,0.002122591798,,,,,,,,,
643.5,,0.002188577648,,,,,,,,,
643.55,,0.002251649183,,,,,,,,,
643.6,,0.002316277816,,,,,,,,,
643.65,,0.002386877955,,,,,,,,,
643.7,,0.00246729629,,,,,,,,,
643.75,,0.002560357065,,,,,,,,,
643.8,,0.002667709734,,,,,,,,,
643.85,,0.002789890215,,,,,,,,,
643.9,,0.00292661182,,,,,,,,,
643.95,,0.003076986589,,,,,,,,,
644,,0.003239822611,,,,,,,,,
644.05,,0.003413845204,,,,,,,,,
644.1,,0.003597892497,,,,,,,,,
644.15,,0.003790851082,,,,,,,,,
644.2,,0.00399164353,,,,,,,,,
644.25,,0.004199226834,,,,,,,,,
644.3,,0.004412744993,,,,,,,,,
644.35,,0.004631557072,,,,,,,,,
644.4,,0.004855442848,,,,,,,,,
644.45,,0.005084816036,,,,,,,,,
644.5,,0.005321012834,,,,,,,,,
644.55,,0.005566216325,,,,,,,,,
644.6,,0.005823381304,,,,,,,,,
644.65,,0.006095986072,,,,,,,,,
644.7,,0.006387841606,,,,,,,,,
644.75,,0.00670249808,,,,,,,,,
644.8,,0.007042849784,,,,,,,,,
644.85,,0.007410752293,,,,,,,,,
644.9,,0.007807024727,,,,,,,,,
644.95,,0.008231155113,,,,,,,,,
645,,0.008681453113,,,,,,,,,
645.05,,0.009155268188,,,,,,,,,
645.1,,0.009649758592,,,,,,,,,
645.15,,0.01016216457,,,,,,,,,
645.2,,0.01069050615,,,,,,,,,
645.25,,0.01123403668,,,,,,,,,
645.3,,0.0117941301,,,,,,,,,
645.35,,0.01237407821,,,,,,,,,
645.4,,0.01297909458,,,,,,,,,
645.45,,0.01361565563,,,,,,,,,
645.5,,0.01429145176,,,,,,,,,
645.55,,0.01501400932,,,,,,,,,
645.6,,0.01579003736,,,,,,,,,
645.65,,0.01662434689,,,,,,,,,
645.7,,0.01752029576,,,,,,,,,
645.75,,0.01847887618,,,,,,,,,
645.8,,0.01949910841,,,,,,,,,
645.85,,0.02057805011,,,,,,,,,
645.9,,0.02171233198,,,,,,,,,
645.95,,0.02289821749,,,,,,,,,
646,,0.02413248738,,,,,,,,,
646.05,,0.02541268289,,,,,,,,,
646.1,,0.02673841336,,,,,,,,,
646.15,,0.02811108352,,,,,,,,,
646.2,,0.02953384116,,,,,,,,,
646.25,,0.0310109889,,,,,,,,,
646.3,,0.0325482991,,,,,,,,,
646.35,,0.03415238088,,,,,,,,,
646.4,,0.0358299535,,,,,,,,,
646.45,,0.0375872427,,,,,,,,,
646.5,,0.03943015519,,,,,,,,,
646.55,,0.04136444721,,,,,,,,,
646.6,,0.04339501039,,,,,,,,,
646.65,,0.04552589838,,,,,,,,,
646.7,,0.04776049782,,,,,,,,,
646.75,,0.05010280826,,,,,,,,,
646.8,,0.05255641611,,,,,,,,,
646.85,,0.05512490749,,,,,,,,,
646.9,,0.05781131102,,,,,,,,,
646.95,,0.06062019034,,,,,,,,,
647,,0.06355548867,,,,,,,,,
647.05,,0.0666210286,,,,,,,,,
647.1,,0.06981889482,,,,,,,,,
647.15,,0.07315292805,,,,,,,,,
647.2,,0.07662578409,,,,,,,,,
647.25,,0.08024003879,,,,,,,,,
647.3,,0.0839969837,,,,,,,,,
647.35,,0.08789961676,,,,,,,,,
647.4,,0.09195090843,,,,,,,,,
647.45,,0.09615380337,,,,,,,,,
647.5,,0.1005102167,,,,,,,,,
647.55,,0.1050226877,,,,,,,,,
647.6,,0.1096943637,,,,,,,,,
647.65,,0.1145277639,,,,,,,,,
647.7,,0.1195247147,,,,,,,,,
647.75,,0.1246866495,,,,,,,,,
647.8,,0.1300172849,,,,,,,,,
647.85,,0.1355195686,,,,,,,,,
647.9,,0.1411964811,,,,,,,,,
647.95,,0.1470488985,,,,,,,,,
648,,0.1530813955,,,,,,,,,
648.05,,0.1592965895,,,,,,,,,
648.1,,0.1656968785,,,,,,,,,
648.15,,0.1722814622,,,,,,,,,
648.2,,0.1790528033,,,,,,,,,
648.25,,0.1860118284,,,,,,,,,
648.3,,0.1931587639,,,,,,,,,
648.35,,0.2004913688,,,,,,,,,
648.4,,0.2080086276,,,,,,,,,
648.45,,0.2157107994,,,,,,,,,
648.5,,0.2235974071,,,,,,,,,
648.55,,0.2316676383,,,,,,,,,
648.6,,0.2399202965,,,,,,,,,
648.65,,0.2483597372,,,,,,,,,
648.7,,0.2569892974,,,,,,,,,
648.75,,0.2658133912,,,,,,,,,
648.8,,0.2748317206,,,,,,,,,
648.85,,0.2840515789,,,,,,,,,
648.9,,0.2934754456,,,,,,,,,
648.95,,0.3031041012,,,,,,,,,
649,,0.3129322533,,,,,,,,,
649.05,,0.3229560238,,,,,,,,,
649.1,,0.3331698114,,,,,,,,,
649.15,,0.3435652016,,,,,,,,,
649.2,,0.3541312339,,,,,,,,,
649.25,,0.3648561214,,,,,,,,,
649.3,,0.3757349027,,,,,,,,,
649.35,,0.3867612194,,,,,,,,,
649.4,,0.397930918,,,,,,,,,
649.45,,0.4092343262,,,,,,,,,
649.5,,0.4206747657,,,,,,,,,
649.55,,0.4322504961,,,,,,,,,
649.6,,0.4439597977,,,,,,,,,
649.65,,0.4557952353,,,,,,,,,
649.7,,0.4677529524,,,,,,,,,
649.75,,0.4798290522,,,,,,,,,
649.8,,0.4920161923,,,,,,,,,
649.85,,0.5043041276,,,,,,,,,
649.9,,0.5166784804,,,,,,,,,
649.95,,0.5291339383,,,,,,,,,
650,,0.5416593989,,,,,,,,,
650.05,,0.5542411423,,,,,,,,,
650.1,,0.5668634442,,,,,,,,,
650.15,,0.5795202813,,,,,,,,,
650.2,,0.5922011793,,,,,,,,,
650.25,,0.6048945607,,,,,,,,,
650.3,,0.6175844183,,,,,,,,,
650.35,,0.6302556967,,,,,,,,,
650.4,,0.6428990501,,,,,,,,,
650.45,,0.6554994958,,,,,,,,,
650.5,,0.6680410557,,,,,,,,,
650.55,,0.6804958107,,,,,,,,,
650.6,,0.6928533626,,,,,,,,,
650.65,,0.7050928948,,,,,,,,,
650.7,,0.7171931239,,,,,,,,,
650.75,,0.729125551,,,,,,,,,
650.8,,0.7408675931,,,,,,,,,
650.85,,0.7523999555,,,,,,,,,
650.9,,0.7636996046,,,,,,,,,
650.95,,0.7747432933,,,,,,,,,
651,,0.7855001033,,,,,,,,,
651.05,,0.7959590247,,,,,,,,,
651.1,,0.8061011519,,,,,,,,,
651.15,,0.8159103026,,,,,,,,,
651.2,,0.8253647107,,,,,,,,,
651.25,,0.8344549988,,,,,,,,,
651.3,,0.8431758324,,,,,,,,,
651.35,,0.8515208582,,,,,,,,,
651.4,,0.8594850606,,,,,,,,,
651.45,,0.8670576324,,,,,,,,,
651.5,,0.8742489434,,,,,,,,,
651.55,,0.881060352,,,,,,,,,
651.6,,0.8874948621,,,,,,,,,
651.65,,0.8935476693,,,,,,,,,
651.7,,0.8992249035,,,,,,,,,
651.75,,0.9045342623,,,,,,,,,
651.8,,0.9094797653,,,,,,,,,
651.85,,0.9140656488,,,,,,,,,
651.9,,0.9182878835,,,,,,,,,
651.95,,0.9221663838,,,,,,,,,
652,,0.9257117692,,,,,,,,,
652.05,,0.9289380445,,,,,,,,,
652.1,,0.9318542184,,,,,,,,,
652.15,,0.9344795094,,,,,,,,,
652.2,,0.9368383478,,,,,,,,,
652.25,,0.9389499869,,,,,,,,,
652.3,,0.9408340024,,,,,,,,,
652.35,,0.9424950262,,,,,,,,,
652.4,,0.9439629807,,,,,,,,,
652.45,,0.9452530763,,,,,,,,,
652.5,,0.9463804296,,,,,,,,,
652.55,,0.947354536,,,,,,,,,
652.6,,0.9481876503,,,,,,,,,
652.65,,0.9489022874,,,,,,,,,
652.7,,0.9495136176,,,,,,,,,
652.75,,0.9500378905,,,,,,,,,
652.8,,0.9504799833,,,,,,,,,
652.85,,0.950863369,,,,,,,,,
652.9,,0.9512040867,,,,,,,,,
652.95,,0.9515149335,,,,,,,,,
653,,0.9518051435,,,,,,,,,
653.05,,0.9520763396,,,,,,,,,
653.1,,0.9523475011,,,,,,,,,
653.15,,0.952625209,,,,,,,,,
653.2,,0.9529155797,,,,,,,,,
653.25,,0.9532159917,,,,,,,,,
653.3,,0.9535311583,,,,,,,,,
653.35,,0.9538682952,,,,,,,,,
653.4,,0.9542276844,,,,,,,,,
653.45,,0.9546094142,,,,,,,,,
653.5,,0.955000551,,,,,,,,,
653.55,,0.955411187,,,,,,,,,
653.6,,0.9558422105,,,,,,,,,
653.65,,0.9562952965,,,,,,,,,
653.7,,0.956771219,,,,,,,,,
653.75,,0.9572676509,,,,,,,,,
653.8,,0.9578006857,,,,,,,,,
653.85,,0.9583762647,,,,,,,,,
653.9,,0.9590005687,,,,,,,,,
653.95,,0.9596712308,,,,,,,,,
654,,0.9603915066,,,,,,,,,
654.05,,0.9611669864,,,,,,,,,
654.1,,0.9619948532,,,,,,,,,
654.15,,0.9628710333,,,,,,,,,
654.2,,0.9637787014,,,,,,,,,
654.25,,0.9647199342,,,,,,,,,
654.3,,0.9656900847,,,,,,,,,
654.35,,0.9666832966,,,,,,,,,
654.4,,0.9676938768,,,,,,,,,
654.45,,0.9687066237,,,,,,,,,
654.5,,0.9697297019,,,,,,,,,
654.55,,0.9707588626,,,,,,,,,
654.6,,0.9717903814,,,,,,,,,
654.65,,0.9728159505,,,,,,,,,
654.7,,0.9738268167,,,,,,,,,
654.75,,0.9748270755,,,,,,,,,
654.8,,0.9758123739,,,,,,,,,
654.85,,0.9767798794,,,,,,,,,
654.9,,0.9777200701,,,,,,,,,
654.95,,0.9786334562,,,,,,,,,
655,,0.9795248612,,,,,,,,,
655.05,,0.9803941585,,,,,,,,,
655.1,,0.9812423649,,,,,,,,,
655.15,,0.9820601152,,,,,,,,,
655.2,,0.9828560673,,,,,,,,,
655.25,,0.9836344854,,,,,,,,,
655.3,,0.9843977767,,,,,,,,,
655.35,,0.9851496698,,,,,,,,,
655.4,,0.9858808549,,,,,,,,,
655.45,,0.9866073875,,,,,,,,,
655.5,,0.9873321879,,,,,,,,,
655.55,,0.988057089,,,,,,,,,
655.6,,0.9887808892,,,,,,,,,
655.65,,0.9894917916,,,,,,,,,
655.7,,0.9901974011,,,,,,,,,
655.75,,0.9908919343,,,,,,,,,
655.8,,0.9915695575,,,,,,,,,
655.85,,0.9922211177,,,,,,,,,
655.9,,0.9928356296,,,,,,,,,
655.95,,0.9934188175,,,,,,,,,
656,,0.9939682948,,,,,,,,,
656.05,,0.9944840565,,,,,,,,,
656.1,,0.9949622586,,,,,,,,,
656.15,,0.9954023845,,,,,,,,,
656.2,,0.9958145404,,,,,,,,,
656.25,,0.996200893,,,,,,,,,
656.3,,0.996564114,,,,,,,,,
656.35,,0.996899877,,,,,,,,,
656.4,,0.9972102672,,,,,,,,,
656.45,,0.9975032821,,,,,,,,,
656.5,,0.9977805412,,,,,,,,,
656.55,,0.9980444702,,,,,,,,,
656.6,,0.9982895608,,,,,,,,,
656.65,,0.9985199187,,,,,,,,,
656.7,,0.9987416294,,,,,,,,,
656.75,,0.9989545528,,,,,,,,,
656.8,,0.9991580954,,,,,,,,,
656.85,,0.9993417892,,,,,,,,,
656.9,,0.9995066001,,,,,,,,,
656.95,,0.9996532371,,,,,,,,,
657,,0.9997781068,,,,,,,,,
657.05,,0.9998789423,,,,,,,,,
657.1,,0.999945334,,,,,,,,,
657.15,,0.9999820828,,,,,,,,,
657.2,,0.9999941338,,,,,,,,,
657.25,,0.9999839056,,,,,,,,,
657.3,,0.9999554863,,,,,,,,,
657.35,,0.9999041203,,,,,,,,,
657.4,,0.9998395791,,,,,,,,,
657.45,,0.9997694111,,,,,,,,,
657.5,,0.9996968713,,,,,,,,,
657.55,,0.9996249037,,,,,,,,,
657.6,,0.9995460245,,,,,,,,,
657.65,,0.9994656179,,,,,,,,,
657.7,,0.999386387,,,,,,,,,
657.75,,0.9993065334,,,,,,,,,
657.8,,0.9992245044,,,,,,,,,
657.85,,0.9991299752,,,,,,,,,
657.9,,0.9990258707,,,,,,,,,
657.95,,0.9989155123,,,,,,,,,
658,,0.9987990751,,,,,,,,,
658.05,,0.9986783294,,,,,,,,,
658.1,,0.9985477392,,,,,,,,,
658.15,,0.9984126837,,,,,,,,,
658.2,,0.9982800906,,,,,,,,,
658.25,,0.9981513894,,,,,,,,,
658.3,,0.9980276217,,,,,,,,,
658.35,,0.9979016348,,,,,,,,,
658.4,,0.997772419,,,,,,,,,
658.45,,0.9976424674,,,,,,,,,
658.5,,0.9975074778,,,,,,,,,
658.55,,0.9973634453,,,,,,,,,
658.6,,0.9972011846,,,,,,,,,
658.65,,0.9970159373,,,,,,,,,
658.7,,0.9968129417,,,,,,,,,
658.75,,0.9965919299,,,,,,,,,
658.8,,0.9963543197,,,,,,,,,
658.85,,0.9960997117,,,,,,,,,
658.9,,0.9958269542,,,,,,,,,
658.95,,0.9955430761,,,,,,,,,
659,,0.9953182135,,,,,,,,,
659.05,,0.99543936,,,,,,,,,
659.1,,0.9956227721,,,,,,,,,
659.15,,0.995783423,,,,,,,,,
659.2,,0.9959288546,,,,,,,,,
659.25,,0.9960607594,,,,,,,,,
659.3,,0.9961720987,,,,,,,,,
659.35,,0.9962621806,,,,,,,,,
659.4,,0.9963174797,,,,,,,,,
659.45,,0.9963510556,,,,,,,,,
659.5,,0.9963650622,,,,,,,,,
659.55,,0.9963630451,,,,,,,,,
659.6,,0.9963496676,,,,,,,,,
659.65,,0.9963194031,,,,,,,,,
659.7,,0.9962828793,,,,,,,,,
659.75,,0.9962444693,,,,,,,,,
659.8,,0.9962058647,,,,,,,,,
659.85,,0.9961651155,,,,,,,,,
659.9,,0.9961153795,,,,,,,,,
659.95,,0.9960647091,,,,,,,,,
660,,0.9959274434,,,,,,,,,
660.05,,0.9954483138,,,,,,,,,
660.1,,0.9948814367,,,,,,,,,
660.15,,0.9943121565,,,,,,,,,
660.2,,0.993728245,,,,,,,,,
660.25,,0.9931402904,,,,,,,,,
660.3,,0.9925529542,,,,,,,,,
660.35,,0.9919693245,,,,,,,,,
660.4,,0.9913935814,,,,,,,,,
660.45,,0.9908174012,,,,,,,,,
660.5,,0.9902555638,,,,,,,,,
660.55,,0.9897095719,,,,,,,,,
660.6,,0.9891805507,,,,,,,,,
660.65,,0.9886694378,,,,,,,,,
660.7,,0.9881676162,,,,,,,,,
660.75,,0.987680256,,,,,,,,,
660.8,,0.98720996,,,,,,,,,
660.85,,0.9867560767,,,,,,,,,
660.9,,0.9863185674,,,,,,,,,
660.95,,0.985892829,,,,,,,,,
661,,0.9854760464,,,,,,,,,
661.05,,0.9850752527,,,,,,,,,
661.1,,0.9846898192,,,,,,,,,
661.15,,0.984319476,,,,,,,,,
661.2,,0.9839638183,,,,,,,,,
661.25,,0.9836110049,,,,,,,,,
661.3,,0.983272412,,,,,,,,,
661.35,,0.98294763,,,,,,,,,
661.4,,0.982637217,,,,,,,,,
661.45,,0.9823429653,,,,,,,,,
661.5,,0.9820596128,,,,,,,,,
661.55,,0.9817935277,,,,,,,,,
661.6,,0.9815520062,,,,,,,,,
661.65,,0.9813381483,,,,,,,,,
661.7,,0.9811551136,,,,,,,,,
661.75,,0.9810026581,,,,,,,,,
661.8,,0.9808751742,,,,,,,,,
661.85,,0.9807813152,,,,,,,,,
661.9,,0.9807189605,,,,,,,,,
661.95,,0.9806853426,,,,,,,,,
662,,0.9806773611,,,,,,,,,
662.05,,0.9806819711,,,,,,,,,
662.1,,0.9807019241,,,,,,,,,
662.15,,0.9807356178,,,,,,,,,
662.2,,0.9807793765,,,,,,,,,
662.25,,0.980830447,,,,,,,,,
662.3,,0.9808830466,,,,,,,,,
662.35,,0.980930818,,,,,,,,,
662.4,,0.9809805476,,,,,,,,,
662.45,,0.9810314156,,,,,,,,,
662.5,,0.981083773,,,,,,,,,
662.55,,0.9811390527,,,,,,,,,
662.6,,0.9811895138,,,,,,,,,
662.65,,0.9812444005,,,,,,,,,
662.7,,0.9813078571,,,,,,,,,
662.75,,0.9813819602,,,,,,,,,
662.8,,0.9814691297,,,,,,,,,
662.85,,0.9815684812,,,,,,,,,
662.9,,0.9816764642,,,,,,,,,
662.95,,0.981802886,,,,,,,,,
663,,0.9819485733,,,,,,,,,
663.05,,0.9821144031,,,,,,,,,
663.1,,0.9823011747,,,,,,,,,
663.15,,0.9825005448,,,,,,,,,
663.2,,0.9827163424,,,,,,,,,
663.25,,0.9829494775,,,,,,,,,
663.3,,0.9831964797,,,,,,,,,
663.35,,0.9834532965,,,,,,,,,
663.4,,0.9837139548,,,,,,,,,
663.45,,0.9839642428,,,,,,,,,
663.5,,0.9842091575,,,,,,,,,
663.55,,0.9844438177,,,,,,,,,
663.6,,0.9846647346,,,,,,,,,
663.65,,0.9848701315,,,,,,,,,
663.7,,0.9850538117,,,,,,,,,
663.75,,0.9852159507,,,,,,,,,
663.8,,0.9853633596,,,,,,,,,
663.85,,0.9854973669,,,,,,,,,
663.9,,0.9856197858,,,,,,,,,
663.95,,0.9857325257,,,,,,,,,
664,,0.9858271868,,,,,,,,,
664.05,,0.9859119975,,,,,,,,,
664.1,,0.9859884251,,,,,,,,,
664.15,,0.9860555544,,,,,,,,,
664.2,,0.9861122506,,,,,,,,,
664.25,,0.986155242,,,,,,,,,
664.3,,0.9861738287,,,,,,,,,
664.35,,0.9861744728,,,,,,,,,
664.4,,0.9861529635,,,,,,,,,
664.45,,0.9861048374,,,,,,,,,
664.5,,0.9860255928,,,,,,,,,
664.55,,0.9859056687,,,,,,,,,
664.6,,0.9857383322,,,,,,,,,
664.65,,0.9855252712,,,,,,,,,
664.7,,0.9852621413,,,,,,,,,
664.75,,0.9849458526,,,,,,,,,
664.8,,0.9845746742,,,,,,,,,
664.85,,0.9841401799,,,,,,,,,
664.9,,0.9836458616,,,,,,,,,
664.95,,0.9830952886,,,,,,,,,
665,,0.9824882814,,,,,,,,,
665.05,,0.9818245956,,,,,,,,,
665.1,,0.9811034788,,,,,,,,,
665.15,,0.9803131862,,,,,,,,,
665.2,,0.9794592106,,,,,,,,,
665.25,,0.9785388292,,,,,,,,,
665.3,,0.9775475666,,,,,,,,,
665.35,,0.9764810858,,,,,,,,,
665.4,,0.9753346561,,,,,,,,,
665.45,,0.9740941919,,,,,,,,,
665.5,,0.9727661121,,,,,,,,,
665.55,,0.971346232,,,,,,,,,
665.6,,0.9698306716,,,,,,,,,
665.65,,0.968215837,,,,,,,,,
665.7,,0.9664958932,,,,,,,,,
665.75,,0.9646599287,,,,,,,,,
665.8,,0.9627119516,,,,,,,,,
665.85,,0.9606466931,,,,,,,,,
665.9,,0.9584591424,,,,,,,,,
665.95,,0.9561449609,,,,,,,,,
666,,0.9536973471,,,,,,,,,
666.05,,0.9511092553,,,,,,,,,
666.1,,0.9483863321,,,,,,,,,
666.15,,0.9455277157,,,,,,,,,
666.2,,0.9425338619,,,,,,,,,
666.25,,0.9394062895,,,,,,,,,
666.3,,0.9361430119,,,,,,,,,
666.35,,0.9327428522,,,,,,,,,
666.4,,0.9292129707,,,,,,,,,
666.45,,0.9255526555,,,,,,,,,
666.5,,0.9217601292,,,,,,,,,
666.55,,0.9178325376,,,,,,,,,
666.6,,0.9137617575,,,,,,,,,
666.65,,0.9095407015,,,,,,,,,
666.7,,0.9051694371,,,,,,,,,
666.75,,0.9006416182,,,,,,,,,
666.8,,0.8959514273,,,,,,,,,
666.85,,0.8910939934,,,,,,,,,
666.9,,0.8860615853,,,,,,,,,
666.95,,0.8808493965,,,,,,,,,
667,,0.875461329,,,,,,,,,
667.05,,0.8698961924,,,,,,,,,
667.1,,0.8641538538,,,,,,,,,
667.15,,0.8582350601,,,,,,,,,
667.2,,0.8521377498,,,,,,,,,
667.25,,0.8458606804,,,,,,,,,
667.3,,0.8394112203,,,,,,,,,
667.35,,0.8327905355,,,,,,,,,
667.4,,0.8260000379,,,,,,,,,
667.45,,0.8190413488,,,,,,,,,
667.5,,0.8119135804,,,,,,,,,
667.55,,0.8046137861,,,,,,,,,
667.6,,0.7971485175,,,,,,,,,
667.65,,0.7895166409,,,,,,,,,
667.7,,0.7817162547,,,,,,,,,
667.75,,0.7737449526,,,,,,,,,
667.8,,0.7655988528,,,,,,,,,
667.85,,0.7572697129,,,,,,,,,
667.9,,0.7487626059,,,,,,,,,
667.95,,0.7400761631,,,,,,,,,
668,,0.7312103835,,,,,,,,,
668.05,,0.7221667105,,,,,,,,,
668.1,,0.7129476627,,,,,,,,,
668.15,,0.7035490031,,,,,,,,,
668.2,,0.6939813233,,,,,,,,,
668.25,,0.6842471225,,,,,,,,,
668.3,,0.6743482178,,,,,,,,,
668.35,,0.6642859676,,,,,,,,,
668.4,,0.6540613464,,,,,,,,,
668.45,,0.6436698552,,,,,,,,,
668.5,,0.6331165383,,,,,,,,,
668.55,,0.6224040133,,,,,,,,,
668.6,,0.6115342237,,,,,,,,,
668.65,,0.6005104602,,,,,,,,,
668.7,,0.589337538,,,,,,,,,
668.75,,0.5780185555,,,,,,,,,
668.8,,0.5665621304,,,,,,,,,
668.85,,0.5549801465,,,,,,,,,
668.9,,0.5432827611,,,,,,,,,
668.95,,0.5314814883,,,,,,,,,
669,,0.5195891409,,,,,,,,,
669.05,,0.5076183485,,,,,,,,,
669.1,,0.4955816662,,,,,,,,,
669.15,,0.4834988582,,,,,,,,,
669.2,,0.4713858534,,,,,,,,,
669.25,,0.4592590231,,,,,,,,,
669.3,,0.4471349976,,,,,,,,,
669.35,,0.4350303486,,,,,,,,,
669.4,,0.4229573692,,,,,,,,,
669.45,,0.4109357297,,,,,,,,,
669.5,,0.3989803934,,,,,,,,,
669.55,,0.387105145,,,,,,,,,
669.6,,0.3753232078,,,,,,,,,
669.65,,0.3636474437,,,,,,,,,
669.7,,0.3520886165,,,,,,,,,
669.75,,0.3406602545,,,,,,,,,
669.8,,0.3293770416,,,,,,,,,
669.85,,0.3182521446,,,,,,,,,
669.9,,0.3072988482,,,,,,,,,
669.95,,0.2965309153,,,,,,,,,
670,,0.2859608541,,,,,,,,,
670.05,,0.2756026134,,,,,,,,,
670.1,,0.2654664452,,,,,,,,,
670.15,,0.2555623185,,,,,,,,,
670.2,,0.2458980914,,,,,,,,,
670.25,,0.2364806551,,,,,,,,,
670.3,,0.227315476,,,,,,,,,
670.35,,0.2184055183,,,,,,,,,
670.4,,0.2097552551,,,,,,,,,
670.45,,0.2013679445,,,,,,,,,
670.5,,0.1932450313,,,,,,,,,
670.55,,0.1853870613,,,,,,,,,
670.6,,0.1777936219,,,,,,,,,
670.65,,0.170463022,,,,,,,,,
670.7,,0.163391617,,,,,,,,,
670.75,,0.1565775446,,,,,,,,,
670.8,,0.1500161662,,,,,,,,,
670.85,,0.1437020813,,,,,,,,,
670.9,,0.1376293308,,,,,,,,,
670.95,,0.13179156,,,,,,,,,
671,,0.1261814036,,,,,,,,,
671.05,,0.1207925031,,,,,,,,,
671.1,,0.1156185741,,,,,,,,,
671.15,,0.1106527075,,,,,,,,,
671.2,,0.1058881291,,,,,,,,,
671.25,,0.1013182692,,,,,,,,,
671.3,,0.09693678726,,,,,,,,,
671.35,,0.0927366846,,,,,,,,,
671.4,,0.08871310527,,,,,,,,,
671.45,,0.08486026751,,,,,,,,,
671.5,,0.08117245523,,,,,,,,,
671.55,,0.07764403893,,,,,,,,,
671.6,,0.07426944418,,,,,,,,,
671.65,,0.07104291818,,,,,,,,,
671.7,,0.06795880158,,,,,,,,,
671.75,,0.06501231665,,,,,,,,,
671.8,,0.0621982892,,,,,,,,,
671.85,,0.05951186213,,,,,,,,,
671.9,,0.05694855894,,,,,,,,,
671.95,,0.05450427233,,,,,,,,,
672,,0.05217485821,,,,,,,,,
672.05,,0.04995677063,,,,,,,,,
672.1,,0.04784637449,,,,,,,,,
672.15,,0.04583941338,,,,,,,,,
672.2,,0.04393108225,,,,,,,,,
672.25,,0.04211593015,,,,,,,,,
672.3,,0.04038789644,,,,,,,,,
672.35,,0.03874019366,,,,,,,,,
672.4,,0.03716660117,,,,,,,,,
672.45,,0.03566100147,,,,,,,,,
672.5,,0.03421801898,,,,,,,,,
672.55,,0.03283348098,,,,,,,,,
672.6,,0.03150462496,,,,,,,,,
672.65,,0.03023008623,,,,,,,,,
672.7,,0.02900938586,,,,,,,,,
672.75,,0.02784342463,,,,,,,,,
672.8,,0.02673299798,,,,,,,,,
672.85,,0.02567863951,,,,,,,,,
672.9,,0.02468019302,,,,,,,,,
672.95,,0.02373651978,,,,,,,,,
673,,0.02284534776,,,,,,,,,
673.05,,0.02200322675,,,,,,,,,
673.1,,0.02120622194,,,,,,,,,
673.15,,0.02044959571,,,,,,,,,
673.2,,0.01972838817,,,,,,,,,
673.25,,0.01903775827,,,,,,,,,
673.3,,0.01837327603,,,,,,,,,
673.35,,0.01773110273,,,,,,,,,
673.4,,0.01710809159,,,,,,,,,
673.45,,0.01650210741,,,,,,,,,
673.5,,0.01591156184,,,,,,,,,
673.55,,0.01533545307,,,,,,,,,
673.6,,0.01477321221,,,,,,,,,
673.65,,0.01422455277,,,,,,,,,
673.7,,0.0136893304,,,,,,,,,
673.75,,0.0131674849,,,,,,,,,
673.8,,0.01265927229,,,,,,,,,
673.85,,0.0121650402,,,,,,,,,
673.9,,0.01168544731,,,,,,,,,
673.95,,0.01122153968,,,,,,,,,
674,,0.01077475911,,,,,,,,,
674.05,,0.01034683634,,,,,,,,,
674.1,,0.009939570047,,,,,,,,,
674.15,,0.009554745292,,,,,,,,,
674.2,,0.009193572062,,,,,,,,,
674.25,,0.008856507956,,,,,,,,,
674.3,,0.008543080296,,,,,,,,,
674.35,,0.008251853959,,,,,,,,,
674.4,,0.007980560014,,,,,,,,,
674.45,,0.00772632067,,,,,,,,,
674.5,,0.007486233229,,,,,,,,,
674.55,,0.007257538648,,,,,,,,,
674.6,,0.007038050839,,,,,,,,,
674.65,,0.006826375252,,,,,,,,,
674.7,,0.006621960413,,,,,,,,,
674.75,,0.006424978069,,,,,,,,,
674.8,,0.006236012525,,,,,,,,,
674.85,,0.006055878605,,,,,,,,,
674.9,,0.005885122688,,,,,,,,,
674.95,,0.005723782472,,,,,,,,,
675,,0.00557122885,,,,,,,,,
675.05,,0.005426140167,,,,,,,,,
675.1,,0.005286612231,,,,,,,,,
675.15,,0.00515034571,,,,,,,,,
675.2,,0.005015011682,,,,,,,,,
675.25,,0.004878496232,,,,,,,,,
675.3,,0.004739162692,,,,,,,,,
675.35,,0.00459608286,,,,,,,,,
675.4,,0.004449160824,,,,,,,,,
675.45,,0.004299149662,,,,,,,,,
675.5,,0.004147540683,,,,,,,,,
675.55,,0.003996379932,,,,,,,,,
675.6,,0.003848001416,,,,,,,,,
675.65,,0.003704629973,,,,,,,,,
675.7,,0.003568072277,,,,,,,,,
675.75,,0.003439439772,,,,,,,,,
675.8,,0.003318979897,,,,,,,,,
675.85,,0.003206047868,,,,,,,,,
675.9,,0.003099198419,,,,,,,,,
675.95,,0.0029965178,,,,,,,,,
676,,0.002895854071,,,,,,,,,
676.05,,0.002795198779,,,,,,,,,
676.1,,0.002692999707,,,,,,,,,
676.15,,0.002588391923,,,,,,,,,
676.2,,0.002481320467,,,,,,,,,
676.25,,0.002372537274,,,,,,,,,
676.3,,0.002263540605,,,,,,,,,
676.35,,0.002156392892,,,,,,,,,
676.4,,0.002053495554,,,,,,,,,
676.45,,0.001957370005,,,,,,,,,
676.5,,0.001870433305,,,,,,,,,
676.55,,0.001794794627,,,,,,,,,
676.6,,0.001732081283,,,,,,,,,
676.65,,0.001683290949,,,,,,,,,
676.7,,0.001648743667,,,,,,,,,
676.75,,0.001627979512,,,,,,,,,
676.8,,0.001619774994,,,,,,,,,
676.85,,0.001622192533,,,,,,,,,
676.9,,0.001632685601,,,,,,,,,
676.95,,0.001648261088,,,,,,,,,
677,,0.001665687563,,,,,,,,,
677.05,,0.001681767572,,,,,,,,,
677.1,,0.00169361037,,,,,,,,,
677.15,,0.001698878038,,,,,,,,,
677.2,,0.001696001751,,,,,,,,,
677.25,,0.00168430333,,,,,,,,,
677.3,,0.001664004819,,,,,,,,,
677.35,,0.00163611826,,,,,,,,,
677.4,,0.001602217784,,,,,,,,,
677.45,,0.001564177938,,,,,,,,,
677.5,,0.001523822579,,,,,,,,,
677.55,,0.001482629258,,,,,,,,,
677.6,,0.001441498585,,,,,,,,,
677.65,,0.001400628528,,,,,,,,,
677.7,,0.001359517356,,,,,,,,,
677.75,,0.001317096869,,,,,,,,,
677.8,,0.001271978956,,,,,,,,,
677.85,,0.001222806596,,,,,,,,,
677.9,,0.001168586912,,,,,,,,,
677.95,,0.001109030924,,,,,,,,,
678,,0.001044792282,,,,,,,,,
678.05,,0.0009775631676,,,,,,,,,
678.1,,0.0009099952736,,,,,,,,,
678.15,,0.0008454389313,,,,,,,,,
678.2,,0.0007875389315,,,,,,,,,
678.25,,0.000739741716,,,,,,,,,
678.3,,0.0007047700577,,,,,,,,,
678.35,,0.0006841941505,,,,,,,,,
678.4,,0.0006781496969,,,,,,,,,
678.45,,0.0006852609674,,,,,,,,,
678.5,,0.0007027840256,,,,,,,,,
678.55,,0.000726942497,,,,,,,,,
678.6,,0.0007534101622,,,,,,,,,
678.65,,0.0007778436909,,,,,,,,,
678.7,,0.0007963798232,,,,,,,,,
678.75,,0.000806042226,,,,,,,,,
678.8,,0.0008049933847,,,,,,,,,
678.85,,0.0007926163954,,,,,,,,,
678.9,,0.0007694370555,,,,,,,,,
678.95,,0.0007369174141,,,,,,,,,
679,,0.0006971769451,,,,,,,,,
679.05,,0.0006526777518,,,,,,,,,
679.1,,0.0006059207393,,,,,,,,,
679.15,,0.0005591957648,,,,,,,,,
679.2,,0.0005143970246,,,,,,,,,
679.25,,0.0004729138786,,,,,,,,,
679.3,,0.0004355953687,,,,,,,,,
679.35,,0.0004027783444,,,,,,,,,
679.4,,0.0003743751325,,,,,,,,,
679.45,,0.0003499955298,,,,,,,,,
679.5,,0.0003290877144,,,,,,,,,
679.55,,0.0003110904797,,,,,,,,,
679.6,,0.0002955666481,,,,,,,,,
679.65,,0.0002822988837,,,,,,,,,
679.7,,0.0002713290459,,,,,,,,,
679.75,,0.0002629281474,,,,,,,,,
679.8,,0.0002574997571,,,,,,,,,
679.85,,0.000255430408,,,,,,,,,
679.9,,0.000256907332,,,,,,,,,
679.95,,0.0002617573765,,,,,,,,,
680,,0.000269339658,,,,,,,,,
680.05,,0.0002785277583,,,,,,,,,
680.1,,0.0002877964545,,,,,,,,,
680.15,,0.000295409654,,,,,,,,,
680.2,,0.0002996763387,,,,,,,,,
680.25,,0.0002992346565,,,,,,,,,
680.3,,0.0002932971068,,,,,,,,,
680.35,,0.0002818242283,,,,,,,,,
680.4,,0.0002655852983,,,,,,,,,
680.45,,0.0002460960732,,,,,,,,,
680.5,,0.0002254435822,,,,,,,,,
680.55,,0.0002060259203,,,,,,,,,
680.6,,0.000190244245,,,,,,,,,
680.65,,0.0001801993115,,,,,,,,,
680.7,,0.0001774176038,,,,,,,,,
680.75,,0.0001826551933,,,,,,,,,
680.8,,0.0001958015001,,,,,,,,,
680.85,,0.0002158970056,,,,,,,,,
680.9,,0.000241266515,,,,,,,,,
680.95,,0.000269753047,,,,,,,,,
681,,0.0002990195103,,,,,,,,,
681.05,,0.0003268746191,,,,,,,,,
681.1,,0.0003515668525,,,,,,,,,
681.15,,0.0003719868958,,,,,,,,,
681.2,,0.0003877508366,,,,,,,,,
681.25,,0.0003991434697,,,,,,,,,
681.3,,0.0004069391945,,,,,,,,,
681.35,,0.0004121439218,,,,,,,,,
681.4,,0.0004157189089,,,,,,,,,
681.45,,0.0004183477446,,,,,,,,,
681.5,,0.0004203085367,,,,,,,,,
681.55,,0.0004214561812,,,,,,,,,
681.6,,0.0004213299053,,,,,,,,,
681.65,,0.0004193479433,,,,,,,,,
681.7,,0.0004150401465,,,,,,,,,
681.75,,0.0004082625407,,,,,,,,,
681.8,,0.0003993428932,,,,,,,,,
681.85,,0.0003891209603,,,,,,,,,
681.9,,0.0003788715939,,,,,,,,,
681.95,,0.0003701259044,,,,,,,,,
682,,0.0003644084319,,,,,,,,,
682.05,,0.0003629614542,,,,,,,,,
682.1,,0.0003665038902,,,,,,,,,
682.15,,0.0003750806294,,,,,,,,,
682.2,,0.0003880378128,,,,,,,,,
682.25,,0.0004041317797,,,,,,,,,
682.3,,0.0004217463313,,,,,,,,,
682.35,,0.0004391758203,,,,,,,,,
682.4,,0.0004549002202,,,,,,,,,
682.45,,0.0004677940221,,,,,,,,,
682.5,,0.0004772343128,,,,,,,,,
682.55,,0.0004830899168,,,,,,,,,
682.6,,0.0004856110314,,,,,,,,,
682.65,,0.0004852592372,,,,,,,,,
682.7,,0.0004825262997,,,,,,,,,
682.75,,0.0004777827715,,,,,,,,,
682.8,,0.0004711931358,,,,,,,,,
682.85,,0.0004626893225,,,,,,,,,
682.9,,0.0004520064857,,,,,,,,,
682.95,,0.0004387599093,,,,,,,,,
683,,0.0004225379718,,,,,,,,,
683.05,,0.0004029910457,,,,,,,,,
683.1,,0.000379900743,,,,,,,,,
683.15,,0.0003532208848,,,,,,,,,
683.2,,0.0003230878506,,,,,,,,,
683.25,,0.0002898123453,,,,,,,,,
683.3,,0.0002538513224,,,,,,,,,
683.35,,0.0002157869633,,,,,,,,,
683.4,,0.0001763210218,,,,,,,,,
683.45,,0.0001362907309,,,,,,,,,
683.5,,9.670304067e-05,,,,,,,,,
683.55,,5.877251278e-05,,,,,,,,,
683.6,,2.394053874e-05,,,,,,,,,
683.65,,-6.148336074e-06,,,,,,,,,
683.7,,-2.972340631e-05,,,,,,,,,
683.75,,-4.502811977e-05,,,,,,,,,
683.8,,-5.050119327e-05,,,,,,,,,
683.85,,-4.497021654e-05,,,,,,,,,
683.9,,-2.782271989e-05,,,,,,,,,
683.95,,8.790079724e-07,,,,,,,,,
684,,4.036105504e-05,,,,,,,,,
684.05,,8.91844736e-05,,,,,,,,,
684.1,,0.0001453636985,,,,,,,,,
684.15,,0.000206539538,,,,,,,,,
684.2,,0.0002701769049,,,,,,,,,
684.25,,0.0003337610934,,,,,,,,,
684.3,,0.0003949817104,,,,,,,,,
684.35,,0.0004518885192,,,,,,,,,
684.4,,0.0005030127017,,,,,,,,,
684.45,,0.0005474466233,,,,,,,,,
684.5,,0.0005848738721,,,,,,,,,
684.55,,0.0006155405083,,,,,,,,,
684.6,,0.0006401627399,,,,,,,,,
684.65,,0.0006597844101,,,,,,,,,
684.7,,0.0006755793221,,,,,,,,,
684.75,,0.0006886515236,,,,,,,,,
684.8,,0.0006998606254,,,,,,,,,
684.85,,0.0007097110998,,,,,,,,,
684.9,,0.0007183304739,,,,,,,,,
684.95,,0.0007255409953,,,,,,,,,
685,,0.0007310060546,,,,,,,,,
685.05,,0.0007344096357,,,,,,,,,
685.1,,0.0007356378657,,,,,,,,,
685.15,,0.000734888728,,,,,,,,,
685.2,,0.0007327026156,,,,,,,,,
685.25,,0.0007299008784,,,,,,,,,
685.3,,0.0007274444786,,,,,,,,,
685.35,,0.0007262468151,,,,,,,,,
685.4,,0.0007269827071,,,,,,,,,
685.45,,0.0007299347011,,,,,,,,,
685.5,,0.0007349077954,,,,,,,,,
685.55,,0.000741229663,,,,,,,,,
685.6,,0.0007478502541,,,,,,,,,
685.65,,0.0007534917396,,,,,,,,,
685.7,,0.0007568607605,,,,,,,,,
685.75,,0.0007568674901,,,,,,,,,
685.8,,0.000752817658,,,,,,,,,
685.85,,0.0007445415283,,,,,,,,,
685.9,,0.0007324317889,,,,,,,,,
685.95,,0.0007173761272,,,,,,,,,
686,,0.0007005869893,,,,,,,,,
686.05,,0.0006833605845,,,,,,,,,
686.1,,0.0006668016945,,,,,,,,,
686.15,,0.0006515637645,,,,,,,,,
686.2,,0.0006376757319,,,,,,,,,
686.25,,0.0006244881673,,,,,,,,,
686.3,,0.0006107614158,,,,,,,,,
686.35,,0.000594885966,,,,,,,,,
686.4,,0.0005751961751,,,,,,,,,
686.45,,0.0005503174477,,,,,,,,,
686.5,,0.0005194778471,,,,,,,,,
686.55,,0.0004827311559,,,,,,,,,
686.6,,0.0004410411764,,,,,,,,,
686.65,,0.0003962205628,,,,,,,,,
686.7,,0.0003507443426,,,,,,,,,
686.75,,0.0003074706829,,,,,,,,,
686.8,,0.000269319628,,,,,,,,,
686.85,,0.0002389597306,,,,,,,,,
686.9,,0.0002185442889,,,,,,,,,
686.95,,0.0002095253522,,,,,,,,,
687,,0.0002125567759,,,,,,,,,
687.05,,0.0002274926205,,,,,,,,,
687.1,,0.0002534612788,,,,,,,,,
687.15,,0.000288995894,,,,,,,,,
687.2,,0.0003322078901,,,,,,,,,
687.25,,0.0003809732279,,,,,,,,,
687.3,,0.000433112,,,,,,,,,
687.35,,0.0004865444755,,,,,,,,,
687.4,,0.000539412423,,,,,,,,,
687.45,,0.0005901605824,,,,,,,,,
687.5,,0.0006375772339,,,,,,,,,
687.55,,0.0006807993408,,,,,,,,,
687.6,,0.0007192913013,,,,,,,,,
687.65,,0.0007527849822,,,,,,,,,
687.7,,0.0007812071904,,,,,,,,,
687.75,,0.0008045901954,,,,,,,,,
687.8,,0.0008229772143,,,,,,,,,
687.85,,0.0008363360425,,,,,,,,,
687.9,,0.0008444965779,,,,,,,,,
687.95,,0.0008471275929,,,,,,,,,
688,,0.0008437634469,,,,,,,,,
688.05,,0.0008338791722,,,,,,,,,
688.1,,0.0008170210408,,,,,,,,,
688.15,,0.0007929383939,,,,,,,,,
688.2,,0.0007617201807,,,,,,,,,
688.25,,0.0007238923462,,,,,,,,,
688.3,,0.0006804538934,,,,,,,,,
688.35,,0.0006328402441,,,,,,,,,
688.4,,0.000582817476,,,,,,,,,
688.45,,0.0005323256781,,,,,,,,,
688.5,,0.0004832998579,,,,,,,,,
688.55,,0.0004374989332,,,,,,,,,
688.6,,0.0003963741536,,,,,,,,,
688.65,,0.000360992703,,,,,,,,,
688.7,,0.0003320114749,,,,,,,,,
688.75,,0.0003097094437,,,,,,,,,
688.8,,0.0002940511868,,,,,,,,,
688.85,,0.0002847632728,,,,,,,,,
688.9,,0.0002814039558,,,,,,,,,
688.95,,0.0002834117249,,,,,,,,,
689,,0.0002901255905,,,,,,,,,
689.05,,0.0003007779205,,,,,,,,,
689.1,,0.0003144665442,,,,,,,,,
689.15,,0.0003301253505,,,,,,,,,
689.2,,0.0003465005783,,,,,,,,,
689.25,,0.0003621535868,,,,,,,,,
689.3,,0.0003755045277,,,,,,,,,
689.35,,0.0003849183678,,,,,,,,,
689.4,,0.0003888296663,,,,,,,,,
689.45,,0.0003858918484,,,,,,,,,
689.5,,0.0003751292712,,,,,,,,,
689.55,,0.0003560671823,,,,,,,,,
689.6,,0.0003288166993,,,,,,,,,
689.65,,0.0002940982762,,,,,,,,,
689.7,,0.0002531996116,,,,,,,,,
689.75,,0.000207867963,,,,,,,,,
689.8,,0.0001601537668,,,,,,,,,
689.85,,0.0001122253197,,,,,,,,,
689.9,,6.617697335e-05,,,,,,,,,
689.95,,2.385477789e-05,,,,,,,,,
690,,-1.327961273e-05,,,,,,,,,
690.05,,-4.423133133e-05,,,,,,,,,
690.1,,-6.849375171e-05,,,,,,,,,
690.15,,-8.60108754e-05,,,,,,,,,
690.2,,-9.709284917e-05,,,,,,,,,
690.25,,-0.0001023032956,,,,,,,,,
690.3,,-0.0001023437153,,,,,,,,,
690.35,,-9.795625444e-05,,,,,,,,,
690.4,,-8.985848913e-05,,,,,,,,,
690.45,,-7.871613239e-05,,,,,,,,,
690.5,,-6.514667511e-05,,,,,,,,,
690.55,,-4.973907224e-05,,,,,,,,,
690.6,,-3.307136057e-05,,,,,,,,,
690.65,,-1.571072316e-05,,,,,,,,,
690.7,,1.812085177e-06,,,,,,,,,
690.75,,1.905230504e-05,,,,,,,,,
690.8,,3.571360433e-05,,,,,,,,,
690.85,,5.17084846e-05,,,,,,,,,
690.9,,6.719599436e-05,,,,,,,,,
690.95,,8.258375529e-05,,,,,,,,,
691,,9.848548515e-05,,,,,,,,,
691.05,,0.0001156342242,,,,,,,,,
691.1,,0.0001347597562,,,,,,,,,
691.15,,0.0001564457141,,,,,,,,,
691.2,,0.0001809866653,,,,,,,,,
691.25,,0.0002082676475,,,,,,,,,
691.3,,0.0002376879217,,,,,,,,,
691.35,,0.0002681464346,,,,,,,,,
691.4,,0.0002981013392,,,,,,,,,
691.45,,0.0003257036487,,,,,,,,,
691.5,,0.0003489905437,,,,,,,,,
691.55,,0.0003661197718,,,,,,,,,
691.6,,0.0003756087172,,,,,,,,,
691.65,,0.0003765409392,,,,,,,,,
691.7,,0.0003687051808,,,,,,,,,
691.75,,0.0003526423304,,,,,,,,,
691.8,,0.0003295921896,,,,,,,,,
691.85,,0.0003013505794,,,,,,,,,
691.9,,0.0002700637871,,,,,,,,,
691.95,,0.000237996864,,,,,,,,,
692,,0.0002073170289,,,,,,,,,
692.05,,0.0001799205134,,,,,,,,,
692.1,,0.0001573203541,,,,,,,,,
692.15,,0.0001406010271,,,,,,,,,
692.2,,0.000130425539,,,,,,,,,
692.25,,0.0001270755032,,,,,,,,,
692.3,,0.000130502151,,,,,,,,,
692.35,,0.0001403704324,,,,,,,,,
692.4,,0.0001560866683,,,,,,,,,
692.45,,0.0001768099344,,,,,,,,,
692.5,,0.0002014559389,,,,,,,,,
692.55,,0.0002287072176,,,,,,,,,
692.6,,0.0002570466019,,,,,,,,,
692.65,,0.0002848268606,,,,,,,,,
692.7,,0.0003103768335,,,,,,,,,
692.75,,0.0003321470294,,,,,,,,,
692.8,,0.0003488747319,,,,,,,,,
692.85,,0.0003597443948,,,,,,,,,
692.9,,0.0003645125321,,,,,,,,,
692.95,,0.000363567118,,,,,,,,,
693,,0.0003578998796,,,,,,,,,
693.05,,0.0003489850336,,,,,,,,,
693.1,,0.000338577201,,,,,,,,,
693.15,,0.0003284599797,,,,,,,,,
693.2,,0.0003201884412,,,,,,,,,
693.25,,0.0003148816598,,,,,,,,,
693.3,,0.00031309268,,,,,,,,,
693.35,,0.0003147914785,,,,,,,,,
693.4,,0.0003194559047,,,,,,,,,
693.45,,0.0003262459317,,,,,,,,,
693.5,,0.000334218362,,,,,,,,,
693.55,,0.0003425311514,,,,,,,,,
693.6,,0.0003505913776,,,,,,,,,
693.65,,0.0003581169069,,,,,,,,,
693.7,,0.0003651046784,,,,,,,,,
693.75,,0.0003717222076,,,,,,,,,
693.8,,0.0003781572735,,,,,,,,,
693.85,,0.000384468824,,,,,,,,,
693.9,,0.0003904875588,,,,,,,,,
693.95,,0.0003957798781,,,,,,,,,
694,,0.0003997008366,,,,,,,,,
694.05,,0.0004015168511,,,,,,,,,
694.1,,0.0004005712328,,,,,,,,,
694.15,,0.0003964536971,,,,,,,,,
694.2,,0.0003891339605,,,,,,,,,
694.25,,0.0003790275467,,,,,,,,,
694.3,,0.0003669768716,,,,,,,,,
694.35,,0.0003541490512,,,,,,,,,
694.4,,0.0003418695696,,,,,,,,,
694.45,,0.0003314241087,,,,,,,,,
694.5,,0.000323864895,,,,,,,,,
694.55,,0.0003198665911,,,,,,,,,
694.6,,0.0003196393956,,,,,,,,,
694.65,,0.0003229282168,,,,,,,,,
694.7,,0.0003290843679,,,,,,,,,
694.75,,0.0003371924431,,,,,,,,,
694.8,,0.0003462252634,,,,,,,,,
694.85,,0.0003551980107,,,,,,,,,
694.9,,0.0003632972259,,,,,,,,,
694.95,,0.0003699691699,,,,,,,,,
695,,0.0003749622998,,,,,,,,,
695.05,,0.0003783275192,,,,,,,,,
695.1,,0.0003803854959,,,,,,,,,
695.15,,0.0003816711476,,,,,,,,,
695.2,,0.0003828685197,,,,,,,,,
695.25,,0.0003847388951,,,,,,,,,
695.3,,0.0003880446279,,,,,,,,,
695.35,,0.0003934770174,,,,,,,,,
695.4,,0.0004015873083,,,,,,,,,
695.45,,0.0004127267266,,,,,,,,,
695.5,,0.0004270021968,,,,,,,,,
695.55,,0.0004442547154,,,,,,,,,
695.6,,0.0004640655297,,,,,,,,,
695.65,,0.000485791362,,,,,,,,,
695.7,,0.0005086248926,,,,,,,,,
695.75,,0.0005316719998,,,,,,,,,
695.8,,0.0005540342479,,,,,,,,,
695.85,,0.0005748831051,,,,,,,,,
695.9,,0.0005935224073,,,,,,,,,
695.95,,0.0006094229171,,,,,,,,,
696,,0.0006222319521,,,,,,,,,
696.05,,0.0006317625223,,,,,,,,,
696.1,,0.0006379633486,,,,,,,,,
696.15,,0.0006408770771,,,,,,,,,
696.2,,0.0006405939068,,,,,,,,,
696.25,,0.0006372083207,,,,,,,,,
696.3,,0.0006307868232,,,,,,,,,
696.35,,0.0006213541417,,,,,,,,,
696.4,,0.0006089035714,,,,,,,,,
696.45,,0.000593433399,,,,,,,,,
696.5,,0.0005750056379,,,,,,,,,
696.55,,0.0005538158515,,,,,,,,,
696.6,,0.0005302595741,,,,,,,,,
696.65,,0.0005049765487,,,,,,,,,
696.7,,0.0004788469504,,,,,,,,,
696.75,,0.0004529422343,,,,,,,,,
696.8,,0.000428425606,,,,,,,,,
696.85,,0.0004064196835,,,,,,,,,
696.9,,0.0003878684108,,,,,,,,,
696.95,,0.0003734252402,,,,,,,,,
697,,0.000363396141,,,,,,,,,
697.05,,0.0003577542311,,,,,,,,,
697.1,,0.0003562254615,,,,,,,,,
697.15,,0.0003584263154,,,,,,,,,
697.2,,0.0003640199828,,,,,,,,,
697.25,,0.0003728509989,,,,,,,,,
697.3,,0.0003850204794,,,,,,,,,
697.35,,0.0004008832785,,,,,,,,,
697.4,,0.0004209550204,,,,,,,,,
697.45,,0.0004457445282,,,,,,,,,
697.5,,0.0004755487742,,,,,,,,,
697.55,,0.0005102478732,,,,,,,,,
697.6,,0.0005491449706,,,,,,,,,
697.65,,0.0005908880498,,,,,,,,,
697.7,,0.0006334972367,,,,,,,,,
697.75,,0.0006745036555,,,,,,,,,
697.8,,0.0007111873039,,,,,,,,,
697.85,,0.0007408845815,,,,,,,,,
697.9,,0.0007613234148,,,,,,,,,
697.95,,0.0007709370945,,,,,,,,,
698,,0.0007691080562,,,,,,,,,
698.05,,0.0007562996836,,,,,,,,,
698.1,,0.0007340497326,,,,,,,,,
698.15,,0.0007048212791,,,,,,,,,
698.2,,0.0006717126571,,,,,,,,,
698.25,,0.0006380772342,,,,,,,,,
698.3,,0.0006070977105,,,,,,,,,
698.35,,0.000581379015,,,,,,,,,
698.4,,0.0005626214472,,,,,,,,,
698.45,,0.0005514243076,,,,,,,,,
698.5,,0.0005472496982,,,,,,,,,
698.55,,0.0005485500527,,,,,,,,,
698.6,,0.0005530362069,,,,,,,,,
698.65,,0.0005580405811,,,,,,,,,
698.7,,0.0005609165043,,,,,,,,,
698.75,,0.0005594120879,,,,,,,,,
698.8,,0.0005519651501,,,,,,,,,
698.85,,0.0005378814611,,,,,,,,,
698.9,,0.0005173824322,,,,,,,,,
698.95,,0.0004915260277,,,,,,,,,
699,,0.0004620195857,,,,,,,,,
825,,,0.002493645621,,,,,,,,
825.1,,,0.002569021388,,,,,,,,
825.2,,,0.002624647097,,,,,,,,
825.3,,,0.002656006606,,,,,,,,
825.4,,,0.002660819405,,,,,,,,
825.5,,,0.002639211026,,,,,,,,
825.6,,,0.002593336814,,,,,,,,
825.7,,,0.002526803411,,,,,,,,
825.8,,,0.002444030163,,,,,,,,
825.9,,,0.002350071806,,,,,,,,
826,,,0.00225043511,,,,,,,,
826.1,,,0.002151164933,,,,,,,,
826.2,,,0.00205829092,,,,,,,,
826.3,,,0.001977235735,,,,,,,,
826.4,,,0.001911574327,,,,,,,,
826.5,,,0.001862409489,,,,,,,,
826.6,,,0.001827891015,,,,,,,,
826.7,,,0.001804066072,,,,,,,,
826.8,,,0.001785986294,,,,,,,,
826.9,,,0.001769552746,,,,,,,,
827,,,0.001752673086,,,,,,,,
827.1,,,0.001736004972,,,,,,,,
827.2,,,0.001722426215,,,,,,,,
827.3,,,0.001715990896,,,,,,,,
827.4,,,0.001720254106,,,,,,,,
827.5,,,0.001736961084,,,,,,,,
827.6,,,0.0017651059,,,,,,,,
827.7,,,0.00180097214,,,,,,,,
827.8,,,0.001838814993,,,,,,,,
827.9,,,0.001872224806,,,,,,,,
828,,,0.001895559973,,,,,,,,
828.1,,,0.001905205104,,,,,,,,
828.2,,,0.001900198683,,,,,,,,
828.3,,,0.001882173359,,,,,,,,
828.4,,,0.001854672269,,,,,,,,
828.5,,,0.001822094025,,,,,,,,
828.6,,,0.00178865355,,,,,,,,
828.7,,,0.001757499465,,,,,,,,
828.8,,,0.00173025665,,,,,,,,
828.9,,,0.001706795105,,,,,,,,
829,,,0.001685429714,,,,,,,,
829.1,,,0.00166326449,,,,,,,,
829.2,,,0.001636996909,,,,,,,,
829.3,,,0.001603793526,,,,,,,,
829.4,,,0.001562419256,,,,,,,,
829.5,,,0.001513928746,,,,,,,,
829.6,,,0.001461979917,,,,,,,,
829.7,,,0.001412135751,,,,,,,,
829.8,,,0.001370625078,,,,,,,,
829.9,,,0.001342445665,,,,,,,,
830,,,0.001329802026,,,,,,,,
830.1,,,0.001330965301,,,,,,,,
830.2,,,0.001340436515,,,,,,,,
830.3,,,0.001349980841,,,,,,,,
830.4,,,0.001350756364,,,,,,,,
830.5,,,0.001335473287,,,,,,,,
830.6,,,0.001300359829,,,,,,,,
830.7,,,0.001245885962,,,,,,,,
830.8,,,0.001176425383,,,,,,,,
830.9,,,0.001098593551,,,,,,,,
831,,,0.001019282344,,,,,,,,
831.1,,,0.0009437354861,,,,,,,,
831.2,,,0.0008747335768,,,,,,,,
831.3,,,0.0008126855768,,,,,,,,
831.4,,,0.0007567720372,,,,,,,,
831.5,,,0.0007061035971,,,,,,,,
831.6,,,0.0006606825633,,,,,,,,
831.7,,,0.0006214523066,,,,,,,,
831.8,,,0.0005899287096,,,,,,,,
831.9,,,0.0005674456897,,,,,,,,
832,,,0.0005547804711,,,,,,,,
832.1,,,0.0005519978475,,,,,,,,
832.2,,,0.0005587166413,,,,,,,,
832.3,,,0.0005742095704,,,,,,,,
832.4,,,0.0005974215803,,,,,,,,
832.5,,,0.0006266333282,,,,,,,,
832.6,,,0.0006592600045,,,,,,,,
832.7,,,0.0006918033726,,,,,,,,
832.8,,,0.000720341817,,,,,,,,
832.9,,,0.0007412451219,,,,,,,,
833,,,0.0007520683491,,,,,,,,
833.1,,,0.0007521159528,,,,,,,,
833.2,,,0.000742686966,,,,,,,,
833.3,,,0.0007267846143,,,,,,,,
833.4,,,0.0007086060054,,,,,,,,
833.5,,,0.0006927812467,,,,,,,,
833.6,,,0.0006836919478,,,,,,,,
833.7,,,0.0006847539981,,,,,,,,
833.8,,,0.000697919838,,,,,,,,
833.9,,,0.0007232967658,,,,,,,,
834,,,0.0007591686313,,,,,,,,
834.1,,,0.0008023328601,,,,,,,,
834.2,,,0.0008488664313,,,,,,,,
834.3,,,0.0008949982879,,,,,,,,
834.4,,,0.0009378847039,,,,,,,,
834.5,,,0.0009758954617,,,,,,,,
834.6,,,0.001008336061,,,,,,,,
834.7,,,0.001034676528,,,,,,,,
834.8,,,0.001053684171,,,,,,,,
834.9,,,0.00106288578,,,,,,,,
835,,,0.001058717077,,,,,,,,
835.1,,,0.001037388386,,,,,,,,
835.2,,,0.0009962185823,,,,,,,,
835.3,,,0.0009349249224,,,,,,,,
835.4,,,0.0008564015159,,,,,,,,
835.5,,,0.0007666548595,,,,,,,,
835.6,,,0.0006739073406,,,,,,,,
835.7,,,0.0005871284146,,,,,,,,
835.8,,,0.0005143937502,,,,,,,,
835.9,,,0.0004615148069,,,,,,,,
836,,,0.0004311431988,,,,,,,,
836.1,,,0.0004225506443,,,,,,,,
836.2,,,0.0004319063702,,,,,,,,
836.3,,,0.0004530829358,,,,,,,,
836.4,,,0.0004786519856,,,,,,,,
836.5,,,0.0005011149578,,,,,,,,
836.6,,,0.0005140216479,,,,,,,,
836.7,,,0.000513041394,,,,,,,,
836.8,,,0.0004966436896,,,,,,,,
836.9,,,0.0004664387991,,,,,,,,
837,,,0.0004268924208,,,,,,,,
837.1,,,0.0003845378365,,,,,,,,
837.2,,,0.0003466195987,,,,,,,,
837.3,,,0.0003195531634,,,,,,,,
837.4,,,0.0003074419745,,,,,,,,
837.5,,,0.0003111921076,,,,,,,,
837.6,,,0.0003284195538,,,,,,,,
837.7,,,0.000354303881,,,,,,,,
837.8,,,0.0003830746182,,,,,,,,
837.9,,,0.0004097026992,,,,,,,,
838,,,0.0004312368221,,,,,,,,
838.1,,,0.0004473682781,,,,,,,,
838.2,,,0.0004601212808,,,,,,,,
838.3,,,0.0004727722914,,,,,,,,
838.4,,,0.0004884788524,,,,,,,,
838.5,,,0.0005089928259,,,,,,,,
838.6,,,0.000534007135,,,,,,,,
838.7,,,0.0005612088645,,,,,,,,
838.8,,,0.000587175933,,,,,,,,
838.9,,,0.0006086209698,,,,,,,,
839,,,0.0006237433089,,,,,,,,
839.1,,,0.000632965144,,,,,,,,
839.2,,,0.000638984582,,,,,,,,
839.3,,,0.0006458839502,,,,,,,,
839.4,,,0.0006577826547,,,,,,,,
839.5,,,0.0006773469498,,,,,,,,
839.6,,,0.0007048080667,,,,,,,,
839.7,,,0.0007377250848,,,,,,,,
839.8,,,0.0007716209286,,,,,,,,
839.9,,,0.0008012245045,,,,,,,,
840,,,0.0008218964082,,,,,,,,
840.1,,,0.0008308104398,,,,,,,,
840.2,,,0.00082748778,,,,,,,,
840.3,,,0.0008136442904,,,,,,,,
840.4,,,0.0007923597372,,,,,,,,
840.5,,,0.0007670451801,,,,,,,,
840.6,,,0.0007403999707,,,,,,,,
840.7,,,0.0007139184482,,,,,,,,
840.8,,,0.0006878038043,,,,,,,,
840.9,,,0.0006614775588,,,,,,,,
841,,,0.0006341433757,,,,,,,,
841.1,,,0.000605358968,,,,,,,,
841.2,,,0.0005752057371,,,,,,,,
841.3,,,0.0005442306684,,,,,,,,
841.4,,,0.0005131630514,,,,,,,,
841.5,,,0.0004827167711,,,,,,,,
841.6,,,0.0004535428608,,,,,,,,
841.7,,,0.0004263686863,,,,,,,,
841.8,,,0.0004022290996,,,,,,,,
841.9,,,0.000382597463,,,,,,,,
842,,,0.0003694328756,,,,,,,,
842.1,,,0.0003649807256,,,,,,,,
842.2,,,0.0003715719371,,,,,,,,
842.3,,,0.0003912286578,,,,,,,,
842.4,,,0.0004253227864,,,,,,,,
842.5,,,0.0004740878476,,,,,,,,
842.6,,,0.0005361788393,,,,,,,,
842.7,,,0.0006083199125,,,,,,,,
842.8,,,0.000685259715,,,,,,,,
842.9,,,0.0007602398486,,,,,,,,
843,,,0.0008259407958,,,,,,,,
843.1,,,0.0008758789019,,,,,,,,
843.2,,,0.0009057520216,,,,,,,,
843.3,,,0.0009145119063,,,,,,,,
843.4,,,0.0009045939859,,,,,,,,
843.5,,,0.0008814277115,,,,,,,,
843.6,,,0.0008521002845,,,,,,,,
843.7,,,0.0008237965539,,,,,,,,
843.8,,,0.0008022626337,,,,,,,,
843.9,,,0.0007908828459,,,,,,,,
844,,,0.0007904754741,,,,,,,,
844.1,,,0.0007998315874,,,,,,,,
844.2,,,0.000816735465,,,,,,,,
844.3,,,0.000838972163,,,,,,,,
844.4,,,0.0008651115096,,,,,,,,
844.5,,,0.0008945887076,,,,,,,,
844.6,,,0.000927442115,,,,,,,,
844.7,,,0.0009635520154,,,,,,,,
844.8,,,0.001002105438,,,,,,,,
844.9,,,0.001041274507,,,,,,,,
845,,,0.001078471463,,,,,,,,
845.1,,,0.001110981265,,,,,,,,
845.2,,,0.001136747311,,,,,,,,
845.3,,,0.001155033528,,,,,,,,
845.4,,,0.001166545052,,,,,,,,
845.5,,,0.00117314038,,,,,,,,
845.6,,,0.001176947969,,,,,,,,
845.7,,,0.001179573945,,,,,,,,
845.8,,,0.001181342003,,,,,,,,
845.9,,,0.001181223765,,,,,,,,
846,,,0.001177199328,,,,,,,,
846.1,,,0.001167118624,,,,,,,,
846.2,,,0.001149640998,,,,,,,,
846.3,,,0.001124971241,,,,,,,,
846.4,,,0.001095253661,,,,,,,,
846.5,,,0.001064367712,,,,,,,,
846.6,,,0.001037492646,,,,,,,,
846.7,,,0.00102018125,,,,,,,,
846.8,,,0.001017546224,,,,,,,,
846.9,,,0.001033320163,,,,,,,,
847,,,0.00106924406,,,,,,,,
847.1,,,0.0011247191,,,,,,,,
847.2,,,0.001196819788,,,,,,,,
847.3,,,0.001280756876,,,,,,,,
847.4,,,0.001370420383,,,,,,,,
847.5,,,0.001459223118,,,,,,,,
847.6,,,0.001540614225,,,,,,,,
847.7,,,0.001608688935,,,,,,,,
847.8,,,0.001658503684,,,,,,,,
847.9,,,0.001686513275,,,,,,,,
848,,,0.001691025353,,,,,,,,
848.1,,,0.001672662987,,,,,,,,
848.2,,,0.001634751569,,,,,,,,
848.3,,,0.001583167132,,,,,,,,
848.4,,,0.001525861665,,,,,,,,
848.5,,,0.001471615284,,,,,,,,
848.6,,,0.001428801571,,,,,,,,
848.7,,,0.001404045293,,,,,,,,
848.8,,,0.001401483842,,,,,,,,
848.9,,,0.00142258246,,,,,,,,
849,,,0.001466452604,,,,,,,,
849.1,,,0.001530642767,,,,,,,,
849.2,,,0.001611717981,,,,,,,,
849.3,,,0.001706028484,,,,,,,,
849.4,,,0.001809908275,,,,,,,,
849.5,,,0.001919986286,,,,,,,,
849.6,,,0.002033281592,,,,,,,,
849.7,,,0.002147349235,,,,,,,,
849.8,,,0.002260642627,,,,,,,,
849.9,,,0.002372719963,,,,,,,,
850,,,0.002484855436,,,,,,,,
850.1,,,0.002600107153,,,,,,,,
850.2,,,0.002723633333,,,,,,,,
850.3,,,0.00286219446,,,,,,,,
850.4,,,0.003023414431,,,,,,,,
850.5,,,0.00321470648,,,,,,,,
850.6,,,0.003441780211,,,,,,,,
850.7,,,0.003707871906,,,,,,,,
850.8,,,0.004012864845,,,,,,,,
850.9,,,0.004353925386,,,,,,,,
851,,,0.004726203288,,,,,,,,
851.1,,,0.005124407836,,,,,,,,
851.2,,,0.005544407972,,,,,,,,
851.3,,,0.005984149266,,,,,,,,
851.4,,,0.006444696925,,,,,,,,
851.5,,,0.006929555937,,,,,,,,
851.6,,,0.007444743014,,,,,,,,
851.7,,,0.007997324837,,,,,,,,
851.8,,,0.008594798691,,,,,,,,
851.9,,,0.009244465074,,,,,,,,
852,,,0.009952682763,,,,,,,,
852.1,,,0.01072560043,,,,,,,,
852.2,,,0.01156839172,,,,,,,,
852.3,,,0.01248684414,,,,,,,,
852.4,,,0.01348670519,,,,,,,,
852.5,,,0.01457444012,,,,,,,,
852.6,,,0.01575740184,,,,,,,,
852.7,,,0.01704304355,,,,,,,,
852.8,,,0.01844004358,,,,,,,,
852.9,,,0.0199564037,,,,,,,,
853,,,0.0216013378,,,,,,,,
853.1,,,0.02338372117,,,,,,,,
853.2,,,0.02531287118,,,,,,,,
853.3,,,0.02739908126,,,,,,,,
853.4,,,0.02965223121,,,,,,,,
853.5,,,0.03208415346,,,,,,,,
853.6,,,0.03470560818,,,,,,,,
853.7,,,0.0375291411,,,,,,,,
853.8,,,0.04056710274,,,,,,,,
853.9,,,0.04383230913,,,,,,,,
854,,,0.04733986297,,,,,,,,
854.1,,,0.05110445597,,,,,,,,
854.2,,,0.05514521321,,,,,,,,
854.3,,,0.05948082032,,,,,,,,
854.4,,,0.06413287581,,,,,,,,
854.5,,,0.06912322835,,,,,,,,
854.6,,,0.07447190926,,,,,,,,
854.7,,,0.08020020193,,,,,,,,
854.8,,,0.08632347297,,,,,,,,
854.9,,,0.09286004167,,,,,,,,
855,,,0.09982423612,,,,,,,,
855.1,,,0.1072316995,,,,,,,,
855.2,,,0.1151007944,,,,,,,,
855.3,,,0.1234482023,,,,,,,,
855.4,,,0.1322977769,,,,,,,,
855.5,,,0.1416686795,,,,,,,,
855.6,,,0.1515850664,,,,,,,,
855.7,,,0.1620679086,,,,,,,,
855.8,,,0.1731345844,,,,,,,,
855.9,,,0.1848051118,,,,,,,,
856,,,0.1970887092,,,,,,,,
856.1,,,0.2100023292,,,,,,,,
856.2,,,0.2235541403,,,,,,,,
856.3,,,0.2377537112,,,,,,,,
856.4,,,0.2526117676,,,,,,,,
856.5,,,0.2681300936,,,,,,,,
856.6,,,0.284319326,,,,,,,,
856.7,,,0.3011758729,,,,,,,,
856.8,,,0.3187018744,,,,,,,,
856.9,,,0.336892397,,,,,,,,
857,,,0.3557336327,,,,,,,,
857.1,,,0.3752176678,,,,,,,,
857.2,,,0.3953137742,,,,,,,,
857.3,,,0.4160037138,,,,,,,,
857.4,,,0.4372508932,,,,,,,,
857.5,,,0.4590138495,,,,,,,,
857.6,,,0.4812530583,,,,,,,,
857.7,,,0.503905498,,,,,,,,
857.8,,,0.5269242051,,,,,,,,
857.9,,,0.5502377903,,,,,,,,
858,,,0.5737766095,,,,,,,,
858.1,,,0.5974659059,,,,,,,,
858.2,,,0.6212078275,,,,,,,,
858.3,,,0.6449189155,,,,,,,,
858.4,,,0.6684845119,,,,,,,,
858.5,,,0.6918011886,,,,,,,,
858.6,,,0.7147565982,,,,,,,,
858.7,,,0.7372272532,,,,,,,,
858.8,,,0.7591137651,,,,,,,,
858.9,,,0.7802934943,,,,,,,,
859,,,0.800678508,,,,,,,,
859.1,,,0.8201771649,,,,,,,,
859.2,,,0.8387054007,,,,,,,,
859.3,,,0.8562117517,,,,,,,,
859.4,,,0.872625772,,,,,,,,
859.5,,,0.8879260273,,,,,,,,
859.6,,,0.9020823432,,,,,,,,
859.7,,,0.9150801811,,,,,,,,
859.8,,,0.9269355925,,,,,,,,
859.9,,,0.9376431398,,,,,,,,
860,,,0.9472529423,,,,,,,,
860.1,,,0.9558088433,,,,,,,,
860.2,,,0.9633479726,,,,,,,,
860.3,,,0.9699423596,,,,,,,,
860.4,,,0.9756340509,,,,,,,,
860.5,,,0.9805163939,,,,,,,,
860.6,,,0.9846509826,,,,,,,,
860.7,,,0.9881099596,,,,,,,,
860.8,,,0.9909771923,,,,,,,,
860.9,,,0.9932981914,,,,,,,,
861,,,0.9951638846,,,,,,,,
861.1,,,0.996626457,,,,,,,,
861.2,,,0.9977451625,,,,,,,,
861.3,,,0.9985872782,,,,,,,,
861.4,,,0.9991786556,,,,,,,,
861.5,,,0.9995867149,,,,,,,,
861.6,,,0.9998382603,,,,,,,,
861.7,,,0.999963138,,,,,,,,
861.8,,,0.9999995308,,,,,,,,
861.9,,,0.9999451581,,,,,,,,
862,,,0.9998387048,,,,,,,,
862.1,,,0.9996853187,,,,,,,,
862.2,,,0.9994934669,,,,,,,,
862.3,,,0.9992872717,,,,,,,,
862.4,,,0.9990546681,,,,,,,,
862.5,,,0.9988226186,,,,,,,,
862.6,,,0.9985916748,,,,,,,,
862.7,,,0.998360014,,,,,,,,
862.8,,,0.9981459805,,,,,,,,
862.9,,,0.9979323934,,,,,,,,
863,,,0.9977356576,,,,,,,,
863.1,,,0.9975548129,,,,,,,,
863.2,,,0.9973802056,,,,,,,,
863.3,,,0.9972303279,,,,,,,,
863.4,,,0.9970898774,,,,,,,,
863.5,,,0.9969699638,,,,,,,,
863.6,,,0.996873091,,,,,,,,
863.7,,,0.9967812428,,,,,,,,
863.8,,,0.9967106223,,,,,,,,
863.9,,,0.9966426989,,,,,,,,
864,,,0.996576774,,,,,,,,
864.1,,,0.9965164832,,,,,,,,
864.2,,,0.9964350255,,,,,,,,
864.3,,,0.9963522004,,,,,,,,
864.4,,,0.9962550419,,,,,,,,
864.5,,,0.9961398306,,,,,,,,
864.6,,,0.9960177088,,,,,,,,
864.7,,,0.9958669039,,,,,,,,
864.8,,,0.9957039149,,,,,,,,
864.9,,,0.9955233317,,,,,,,,
865,,,0.9953127493,,,,,,,,
865.1,,,0.9950796708,,,,,,,,
865.2,,,0.9948144215,,,,,,,,
865.3,,,0.9945267151,,,,,,,,
865.4,,,0.9942198644,,,,,,,,
865.5,,,0.9938739592,,,,,,,,
865.6,,,0.9935081693,,,,,,,,
865.7,,,0.993109315,,,,,,,,
865.8,,,0.992676078,,,,,,,,
865.9,,,0.9922183868,,,,,,,,
866,,,0.9917146678,,,,,,,,
866.1,,,0.9911829272,,,,,,,,
866.2,,,0.9906184167,,,,,,,,
866.3,,,0.9900103812,,,,,,,,
866.4,,,0.9893730535,,,,,,,,
866.5,,,0.9886883611,,,,,,,,
866.6,,,0.9879592955,,,,,,,,
866.7,,,0.9871860585,,,,,,,,
866.8,,,0.9863395118,,,,,,,,
866.9,,,0.9854321175,,,,,,,,
867,,,0.9844433159,,,,,,,,
867.1,,,0.9833565444,,,,,,,,
867.2,,,0.9821704868,,,,,,,,
867.3,,,0.9808524138,,,,,,,,
867.4,,,0.979398588,,,,,,,,
867.5,,,0.9777940672,,,,,,,,
867.6,,,0.9760061024,,,,,,,,
867.7,,,0.9740386955,,,,,,,,
867.8,,,0.9718677332,,,,,,,,
867.9,,,0.9694822572,,,,,,,,
868,,,0.9668857051,,,,,,,,
868.1,,,0.9640561949,,,,,,,,
868.2,,,0.9610092473,,,,,,,,
868.3,,,0.957749358,,,,,,,,
868.4,,,0.9542724882,,,,,,,,
868.5,,,0.9506116408,,,,,,,,
868.6,,,0.9467767297,,,,,,,,
868.7,,,0.9427953492,,,,,,,,
868.8,,,0.9387099285,,,,,,,,
868.9,,,0.9345404155,,,,,,,,
869,,,0.9303434322,,,,,,,,
869.1,,,0.9261628786,,,,,,,,
869.2,,,0.9220294635,,,,,,,,
869.3,,,0.9180037698,,,,,,,,
869.4,,,0.9141150635,,,,,,,,
869.5,,,0.9103966207,,,,,,,,
869.6,,,0.9068859331,,,,,,,,
869.7,,,0.9035873451,,,,,,,,
869.8,,,0.9005271962,,,,,,,,
869.9,,,0.8977158425,,,,,,,,
870,,,0.8951392514,,,,,,,,
870.1,,,0.8928060847,,,,,,,,
870.2,,,0.8907212073,,,,,,,,
870.3,,,0.8888839202,,,,,,,,
870.4,,,0.8873086958,,,,,,,,
870.5,,,0.8859867793,,,,,,,,
870.6,,,0.8849327412,,,,,,,,
870.7,,,0.884162278,,,,,,,,
870.8,,,0.8836672121,,,,,,,,
870.9,,,0.883478805,,,,,,,,
871,,,0.8836046527,,,,,,,,
871.1,,,0.884044272,,,,,,,,
871.2,,,0.8848180814,,,,,,,,
871.3,,,0.8859160291,,,,,,,,
871.4,,,0.887331357,,,,,,,,
871.5,,,0.8890579306,,,,,,,,
871.6,,,0.8910566938,,,,,,,,
871.7,,,0.8933078018,,,,,,,,
871.8,,,0.8957776656,,,,,,,,
871.9,,,0.8984063847,,,,,,,,
872,,,0.901169788,,,,,,,,
872.1,,,0.9040187926,,,,,,,,
872.2,,,0.9069033033,,,,,,,,
872.3,,,0.9097983665,,,,,,,,
872.4,,,0.9126587088,,,,,,,,
872.5,,,0.9154553812,,,,,,,,
872.6,,,0.9181714404,,,,,,,,
872.7,,,0.9207697483,,,,,,,,
872.8,,,0.9232443748,,,,,,,,
872.9,,,0.9255857706,,,,,,,,
873,,,0.9277633516,,,,,,,,
873.1,,,0.9297888019,,,,,,,,
873.2,,,0.9316503868,,,,,,,,
873.3,,,0.9333314358,,,,,,,,
873.4,,,0.9348409629,,,,,,,,
873.5,,,0.9361635853,,,,,,,,
873.6,,,0.9372909922,,,,,,,,
873.7,,,0.9382260107,,,,,,,,
873.8,,,0.9389465958,,,,,,,,
873.9,,,0.9394507096,,,,,,,,
874,,,0.9397343382,,,,,,,,
874.1,,,0.9397683293,,,,,,,,
874.2,,,0.9395573915,,,,,,,,
874.3,,,0.9390904602,,,,,,,,
874.4,,,0.9383395651,,,,,,,,
874.5,,,0.9373123757,,,,,,,,
874.6,,,0.935992403,,,,,,,,
874.7,,,0.9343598777,,,,,,,,
874.8,,,0.932416561,,,,,,,,
874.9,,,0.9301392553,,,,,,,,
875,,,0.9275108208,,,,,,,,
875.1,,,0.9245223407,,,,,,,,
875.2,,,0.921139832,,,,,,,,
875.3,,,0.9173460127,,,,,,,,
875.4,,,0.9131215151,,,,,,,,
875.5,,,0.9084234514,,,,,,,,
875.6,,,0.9032368686,,,,,,,,
875.7,,,0.8975356723,,,,,,,,
875.8,,,0.8912715347,,,,,,,,
875.9,,,0.8844338985,,,,,,,,
876,,,0.8769894073,,,,,,,,
876.1,,,0.8688958148,,,,,,,,
876.2,,,0.8601398391,,,,,,,,
876.3,,,0.8506877939,,,,,,,,
876.4,,,0.8405080271,,,,,,,,
876.5,,,0.8295895485,,,,,,,,
876.6,,,0.817904521,,,,,,,,
876.7,,,0.8054363933,,,,,,,,
876.8,,,0.7921811736,,,,,,,,
876.9,,,0.7781204674,,,,,,,,
877,,,0.7632541395,,,,,,,,
877.1,,,0.7475870926,,,,,,,,
877.2,,,0.7311124691,,,,,,,,
877.3,,,0.7138482391,,,,,,,,
877.4,,,0.695813004,,,,,,,,
877.5,,,0.6770187957,,,,,,,,
877.6,,,0.6575100546,,,,,,,,
877.7,,,0.637330738,,,,,,,,
877.8,,,0.6165239946,,,,,,,,
877.9,,,0.5951698522,,,,,,,,
878,,,0.5733437025,,,,,,,,
878.1,,,0.551123423,,,,,,,,
878.2,,,0.5286158753,,,,,,,,
878.3,,,0.5059172829,,,,,,,,
878.4,,,0.4831253618,,,,,,,,
878.5,,,0.4603533034,,,,,,,,
878.6,,,0.437700036,,,,,,,,
878.7,,,0.4152640418,,,,,,,,
878.8,,,0.3931490949,,,,,,,,
878.9,,,0.371443025,,,,,,,,
879,,,0.350231684,,,,,,,,
879.1,,,0.3295983367,,,,,,,,
879.2,,,0.309608863,,,,,,,,
879.3,,,0.2903248833,,,,,,,,
879.4,,,0.2717992842,,,,,,,,
879.5,,,0.2540669981,,,,,,,,
879.6,,,0.2371576243,,,,,,,,
879.7,,,0.2210897424,,,,,,,,
879.8,,,0.2058665288,,,,,,,,
879.9,,,0.1914877985,,,,,,,,
880,,,0.1779442126,,,,,,,,
880.1,,,0.1652153538,,,,,,,,
880.2,,,0.1532819577,,,,,,,,
880.3,,,0.1421180639,,,,,,,,
880.4,,,0.1316916368,,,,,,,,
880.5,,,0.1219729421,,,,,,,,
880.6,,,0.1129286199,,,,,,,,
880.7,,,0.1045221012,,,,,,,,
880.8,,,0.09672027152,,,,,,,,
880.9,,,0.08948797926,,,,,,,,
881,,,0.08278873287,,,,,,,,
881.1,,,0.0765899936,,,,,,,,
881.2,,,0.07085846151,,,,,,,,
881.3,,,0.06556092193,,,,,,,,
881.4,,,0.06066846957,,,,,,,,
881.5,,,0.05615255339,,,,,,,,
881.6,,,0.05198568297,,,,,,,,
881.7,,,0.04814454664,,,,,,,,
881.8,,,0.04460645089,,,,,,,,
881.9,,,0.04134953241,,,,,,,,
882,,,0.03835481491,,,,,,,,
882.1,,,0.03560306202,,,,,,,,
882.2,,,0.03307486582,,,,,,,,
882.3,,,0.03075243571,,,,,,,,
882.4,,,0.02861752965,,,,,,,,
882.5,,,0.0266520808,,,,,,,,
882.6,,,0.02484018549,,,,,,,,
882.7,,,0.02316690536,,,,,,,,
882.8,,,0.02161883788,,,,,,,,
882.9,,,0.02018543948,,,,,,,,
883,,,0.01885757599,,,,,,,,
883.1,,,0.01762724535,,,,,,,,
883.2,,,0.01648799527,,,,,,,,
883.3,,,0.01543343346,,,,,,,,
883.4,,,0.01445691588,,,,,,,,
883.5,,,0.01355217186,,,,,,,,
883.6,,,0.01271270518,,,,,,,,
883.7,,,0.01193209195,,,,,,,,
883.8,,,0.01120494738,,,,,,,,
883.9,,,0.01052671448,,,,,,,,
884,,,0.00989372887,,,,,,,,
884.1,,,0.009303563486,,,,,,,,
884.2,,,0.008754329272,,,,,,,,
884.3,,,0.008244096901,,,,,,,,
884.4,,,0.007770789202,,,,,,,,
884.5,,,0.007331647381,,,,,,,,
884.6,,,0.006923048597,,,,,,,,
884.7,,,0.006541015764,,,,,,,,
884.8,,,0.006181541528,,,,,,,,
884.9,,,0.005840941468,,,,,,,,
885,,,0.005516482147,,,,,,,,
885.1,,,0.005206543916,,,,,,,,
885.2,,,0.004910368161,,,,,,,,
885.3,,,0.004627903161,,,,,,,,
885.4,,,0.004359402917,,,,,,,,
885.5,,,0.004104816825,,,,,,,,
885.6,,,0.003863623978,,,,,,,,
885.7,,,0.003634854336,,,,,,,,
885.8,,,0.003417040455,,,,,,,,
885.9,,,0.003208614357,,,,,,,,
886,,,0.003008427252,,,,,,,,
886.1,,,0.002815896412,,,,,,,,
886.2,,,0.002631285975,,,,,,,,
886.3,,,0.002455900064,,,,,,,,
886.4,,,0.002291702171,,,,,,,,
886.5,,,0.002141023795,,,,,,,,
886.6,,,0.00200622981,,,,,,,,
886.7,,,0.001889113866,,,,,,,,
886.8,,,0.001790561082,,,,,,,,
886.9,,,0.001710444005,,,,,,,,
887,,,0.001647534224,,,,,,,,
887.1,,,0.0015996889,,,,,,,,
887.2,,,0.001564229676,,,,,,,,
887.3,,,0.001538261914,,,,,,,,
887.4,,,0.001518994438,,,,,,,,
887.5,,,0.001504047511,,,,,,,,
887.6,,,0.001491603977,,,,,,,,
887.7,,,0.001480404262,,,,,,,,
887.8,,,0.001469699805,,,,,,,,
887.9,,,0.0014591351,,,,,,,,
888,,,0.001448505152,,,,,,,,
888.1,,,0.001437588299,,,,,,,,
888.2,,,0.00142608711,,,,,,,,
888.3,,,0.001413519028,,,,,,,,
888.4,,,0.001399266348,,,,,,,,
888.5,,,0.001382750949,,,,,,,,
888.6,,,0.001363464273,,,,,,,,
888.7,,,0.00134103298,,,,,,,,
888.8,,,0.001315248544,,,,,,,,
888.9,,,0.001285927608,,,,,,,,
889,,,0.001252791422,,,,,,,,
889.1,,,0.001215435025,,,,,,,,
889.2,,,0.001173353722,,,,,,,,
889.3,,,0.001126109666,,,,,,,,
889.4,,,0.001073641585,,,,,,,,
889.5,,,0.001016569217,,,,,,,,
889.6,,,0.0009563599554,,,,,,,,
889.7,,,0.0008953383577,,,,,,,,
889.8,,,0.0008364753338,,,,,,,,
889.9,,,0.0007828887722,,,,,,,,
890,,,0.000737292141,,,,,,,,
890.1,,,0.0007015033046,,,,,,,,
890.2,,,0.0006760331039,,,,,,,,
890.3,,,0.0006599589405,,,,,,,,
890.4,,,0.0006511108498,,,,,,,,
890.5,,,0.0006464431692,,,,,,,,
890.6,,,0.0006425846554,,,,,,,,
890.7,,,0.0006364479217,,,,,,,,
890.8,,,0.0006257407318,,,,,,,,
890.9,,,0.0006092881331,,,,,,,,
891,,,0.0005871408676,,,,,,,,
891.1,,,0.0005604564193,,,,,,,,
891.2,,,0.0005311534036,,,,,,,,
891.3,,,0.0005014966235,,,,,,,,
891.4,,,0.0004737126934,,,,,,,,
891.5,,,0.000449647492,,,,,,,,
891.6,,,0.0004305995289,,,,,,,,
891.7,,,0.0004173123708,,,,,,,,
891.8,,,0.0004100476846,,,,,,,,
891.9,,,0.0004087124409,,,,,,,,
892,,,0.0004129882233,,,,,,,,
892.1,,,0.0004224144705,,,,,,,,
892.2,,,0.0004363913589,,,,,,,,
892.3,,,0.000454155633,,,,,,,,
892.4,,,0.0004747799844,,,,,,,,
892.5,,,0.0004971431805,,,,,,,,
892.6,,,0.0005199730264,,,,,,,,
892.7,,,0.0005419499503,,,,,,,,
892.8,,,0.0005618048079,,,,,,,,
892.9,,,0.0005784174578,,,,,,,,
893,,,0.000590893607,,,,,,,,
893.1,,,0.0005985934877,,,,,,,,
893.2,,,0.0006011017996,,,,,,,,
893.3,,,0.0005981953215,,,,,,,,
893.4,,,0.0005898509734,,,,,,,,
893.5,,,0.0005762471475,,,,,,,,
893.6,,,0.0005578307327,,,,,,,,
893.7,,,0.0005354134131,,,,,,,,
893.8,,,0.0005102017121,,,,,,,,
893.9,,,0.0004837669913,,,,,,,,
894,,,0.0004579243478,,,,,,,,
894.1,,,0.000434510355,,,,,,,,
894.2,,,0.0004150938983,,,,,,,,
894.3,,,0.000400705399,,,,,,,,
894.4,,,0.0003916631486,,,,,,,,
894.5,,,0.0003874752053,,,,,,,,
894.6,,,0.0003869244637,,,,,,,,
894.7,,,0.0003883054895,,,,,,,,
894.8,,,0.0003897428195,,,,,,,,
894.9,,,0.0003895652193,,,,,,,,
895,,,0.0003866560046,,,,,,,,
895.1,,,0.0003807006639,,,,,,,,
895.2,,,0.0003722482712,,,,,,,,
895.3,,,0.0003625877157,,,,,,,,
895.4,,,0.0003534618098,,,,,,,,
895.5,,,0.0003466272636,,,,,,,,
895.6,,,0.0003434106417,,,,,,,,
895.7,,,0.0003443545893,,,,,,,,
895.8,,,0.0003490311655,,,,,,,,
895.9,,,0.0003560690186,,,,,,,,
896,,,0.0003633970555,,,,,,,,
896.1,,,0.0003686500891,,,,,,,,
896.2,,,0.0003695920249,,,,,,,,
896.3,,,0.0003645092799,,,,,,,,
896.4,,,0.0003524766585,,,,,,,,
896.5,,,0.0003334376818,,,,,,,,
896.6,,,0.0003081314056,,,,,,,,
896.7,,,0.0002779094631,,,,,,,,
896.8,,,0.0002445052601,,,,,,,,
896.9,,,0.0002098023818,,,,,,,,
897,,,0.000175663768,,,,,,,,
897.1,,,0.000143823476,,,,,,,,
897.2,,,0.0001158030084,,,,,,,,
897.3,,,9.285931468e-05,,,,,,,,
897.4,,,7.593695378e-05,,,,,,,,
897.5,,,6.562228549e-05,,,,,,,,
897.6,,,6.210514362e-05,,,,,,,,
897.7,,,6.51787902e-05,,,,,,,,
897.8,,,7.428584211e-05,,,,,,,,
897.9,,,8.85815414e-05,,,,,,,,
898,,,0.0001070198798,,,,,,,,
898.1,,,0.000128433805,,,,,,,,
898.2,,,0.000151604913,,,,,,,,
898.3,,,0.0001753090518,,,,,,,,
898.4,,,0.0001983634306,,,,,,,,
898.5,,,0.0002196921723,,,,,,,,
898.6,,,0.0002383915231,,,,,,,,
898.7,,,0.0002537943512,,,,,,,,
898.8,,,0.0002655099576,,,,,,,,
898.9,,,0.0002734226324,,,,,,,,
899,,,0.0002776227053,,,,,,,,
899.1,,,0.0002783007089,,,,,,,,
899.2,,,0.0002756415741,,,,,,,,
899.3,,,0.0002697387372,,,,,,,,
899.4,,,0.0002605805513,,,,,,,,
899.5,,,0.0002481182699,,,,,,,,
899.6,,,0.000232400001,,,,,,,,
899.7,,,0.0002137178935,,,,,,,,
899.8,,,0.0001927351382,,,,,,,,
899.9,,,0.0001705438557,,,,,,,,
900,,,0.0001486112695,,,,,,,,
900.1,,,0.0001286350439,,,,,,,,
900.2,,,0.0001123323475,,,,,,,,
900.3,,,0.0001012017482,,,,,,,,
900.4,,,9.629317708e-05,,,,,,,,
900.5,,,9.804318496e-05,,,,,,,,
900.6,,,0.0001061918853,,,,,,,,
900.7,,,0.0001197822473,,,,,,,,
900.8,,,0.0001372441249,,,,,,,,
900.9,,,0.0001565516652,,,,,,,,
901,,,0.0001754444844,,,,,,,,
901.1,,,0.0001916622278,,,,,,,,
901.2,,,0.0002031931987,,,,,,,,
901.3,,,0.0002084985842,,,,,,,,
901.4,,,0.0002066890089,,,,,,,,
901.5,,,0.0001976288106,,,,,,,,
901.6,,,0.0001819593266,,,,,,,,
901.7,,,0.0001610313082,,,,,,,,
901.8,,,0.0001367360846,,,,,,,,
901.9,,,0.0001112571181,,,,,,,,
902,,,8.67663448e-05,,,,,,,,
902.1,,,6.511377776e-05,,,,,,,,
902.2,,,4.75585093e-05,,,,,,,,
902.3,,,3.4615788e-05,,,,,,,,
902.4,,,2.605520864e-05,,,,,,,,
902.5,,,2.105279391e-05,,,,,,,,
902.6,,,1.847028576e-05,,,,,,,,
902.7,,,1.719079923e-05,,,,,,,,
902.8,,,1.642163359e-05,,,,,,,,
902.9,,,1.587410642e-05,,,,,,,,
903,,,1.578315903e-05,,,,,,,,
903.1,,,1.676138558e-05,,,,,,,,
903.2,,,1.95446208e-05,,,,,,,,
903.3,,,2.470722846e-05,,,,,,,,
903.4,,,3.244360775e-05,,,,,,,,
903.5,,,4.24784978e-05,,,,,,,,
903.6,,,5.412719569e-05,,,,,,,,
903.7,,,6.647237761e-05,,,,,,,,
903.8,,,7.859723239e-05,,,,,,,,
903.9,,,8.980399938e-05,,,,,,,,
904,,,9.975059822e-05,,,,,,,,
904.1,,,0.0001084784125,,,,,,,,
904.2,,,0.0001163338448,,,,,,,,
904.3,,,0.0001238244691,,,,,,,,
904.4,,,0.000131436801,,,,,,,,
904.5,,,0.0001394750072,,,,,,,,
904.6,,,0.000147952054,,,,,,,,
904.7,,,0.0001565591059,,,,,,,,
904.8,,,0.0001647061709,,,,,,,,
904.9,,,0.000171633937,,,,,,,,
905,,,0.0001765713357,,,,,,,,
1345,,,,-0.000182107246,,,,,,,
1345.2,,,,-0.0001619931718,,,,,,,
1345.4,,,,-0.0001203793055,,,,,,,
1345.6,,,,-7.397015369e-05,,,,,,,
1345.8,,,,-3.952185969e-05,,,,,,,
1346,,,,-2.441451418e-05,,,,,,,
1346.2,,,,-2.16232692e-05,,,,,,,
1346.4,,,,-1.238408326e-05,,,,,,,
1346.6,,,,2.548961563e-05,,,,,,,
1346.8,,,,0.0001089190689,,,,,,,
1347,,,,0.0002445632267,,,,,,,
1347.2,,,,0.0004279879847,,,,,,,
1347.4,,,,0.0006449110109,,,,,,,
1347.6,,,,0.0008728782011,,,,,,,
1347.8,,,,0.001084046585,,,,,,,
1348,,,,0.001250712621,,,,,,,
1348.2,,,,0.00135334925,,,,,,,
1348.4,,,,0.00138762724,,,,,,,
1348.6,,,,0.001366115277,,,,,,,
1348.8,,,,0.001313318971,,,,,,,
1349,,,,0.001256797419,,,,,,,
1349.2,,,,0.00121878373,,,,,,,
1349.4,,,,0.001211213299,,,,,,,
1349.6,,,,0.001234996308,,,,,,,
1349.8,,,,0.001282788755,,,,,,,
1350,,,,0.001343647447,,,,,,,
1350.2,,,,0.001407420647,,,,,,,
1350.4,,,,0.001467283623,,,,,,,
1350.6,,,,0.001520541986,,,,,,,
1350.8,,,,0.001568711474,,,,,,,
1351,,,,0.001617449284,,,,,,,
1351.2,,,,0.001675545174,,,,,,,
1351.4,,,,0.001752344895,,,,,,,
1351.6,,,,0.001854514188,,,,,,,
1351.8,,,,0.001984030973,,,,,,,
1352,,,,0.002138427141,,,,,,,
1352.2,,,,0.002312257703,,,,,,,
1352.4,,,,0.002497875824,,,,,,,
1352.6,,,,0.00268477846,,,,,,,
1352.8,,,,0.002858695694,,,,,,,
1353,,,,0.003002499073,,,,,,,
1353.2,,,,0.003099795367,,,,,,,
1353.4,,,,0.003139881648,,,,,,,
1353.6,,,,0.003121483051,,,,,,,
1353.8,,,,0.003052847678,,,,,,,
1354,,,,0.002947791637,,,,,,,
1354.2,,,,0.002819036294,,,,,,,
1354.4,,,,0.002671758013,,,,,,,
1354.6,,,,0.00250059019,,,,,,,
1354.8,,,,0.002292038639,,,,,,,
1355,,,,0.002031544965,,,,,,,
1355.2,,,,0.001711497296,,,,,,,
1355.4,,,,0.001335624203,,,,,,,
1355.6,,,,0.000917271541,,,,,,,
1355.8,,,,0.0004728267631,,,,,,,
1356,,,,1.444933617e-05,,,,,,,
1356.2,,,,-0.0004534947191,,,,,,,
1356.4,,,,-0.0009320855577,,,,,,,
1356.6,,,,-0.001420857861,,,,,,,
1356.8,,,,-0.001910533216,,,,,,,
1357,,,,-0.002380620381,,,,,,,
1357.2,,,,-0.00280426431,,,,,,,
1357.4,,,,-0.003157602453,,,,,,,
1357.6,,,,-0.003427407654,,,,,,,
1357.8,,,,-0.00361192729,,,,,,,
1358,,,,-0.003714751627,,,,,,,
1358.2,,,,-0.00373626309,,,,,,,
1358.4,,,,-0.003668238602,,,,,,,
1358.6,,,,-0.003494506751,,,,,,,
1358.8,,,,-0.003196405948,,,,,,,
1359,,,,-0.002758813506,,,,,,,
1359.2,,,,-0.00217207717,,,,,,,
1359.4,,,,-0.00142763411,,,,,,,
1359.6,,,,-0.0005095210296,,,,,,,
1359.8,,,,0.0006128593426,,,,,,,
1360,,,,0.001985615587,,,,,,,
1360.2,,,,0.003664891884,,,,,,,
1360.4,,,,0.005710580862,,,,,,,
1360.6,,,,0.008185609118,,,,,,,
1360.8,,,,0.0111632732,,,,,,,
1361,,,,0.01473951603,,,,,,,
1361.2,,,,0.01904417646,,,,,,,
1361.4,,,,0.02424774214,,,,,,,
1361.6,,,,0.03056426604,,,,,,,
1361.8,,,,0.03825118867,,,,,,,
1362,,,,0.04761146657,,,,,,,
1362.2,,,,0.05899746677,,,,,,,
1362.4,,,,0.07281490904,,,,,,,
1362.6,,,,0.08952310862,,,,,,,
1362.8,,,,0.1096272132,,,,,,,
1363,,,,0.1336564024,,,,,,,
1363.2,,,,0.1621371044,,,,,,,
1363.4,,,,0.1955426241,,,,,,,
1363.6,,,,0.234235406,,,,,,,
1363.8,,,,0.2783973754,,,,,,,
1364,,,,0.3279527718,,,,,,,
1364.2,,,,0.3824937907,,,,,,,
1364.4,,,,0.4412280092,,,,,,,
1364.6,,,,0.5029700075,,,,,,,
1364.8,,,,0.5661952599,,,,,,,
1365,,,,0.6291614806,,,,,,,
1365.2,,,,0.690052708,,,,,,,
1365.4,,,,0.7471428054,,,,,,,
1365.6,,,,0.7989426903,,,,,,,
1365.8,,,,0.844319332,,,,,,,
1366,,,,0.8825749299,,,,,,,
1366.2,,,,0.9134763198,,,,,,,
1366.4,,,,0.9372302091,,,,,,,
1366.6,,,,0.9544198956,,,,,,,
1366.8,,,,0.965917119,,,,,,,
1367,,,,0.972765489,,,,,,,
1367.2,,,,0.97607041,,,,,,,
1367.4,,,,0.9768897375,,,,,,,
1367.6,,,,0.9761403529,,,,,,,
1367.8,,,,0.9745360444,,,,,,,
1368,,,,0.9725709827,,,,,,,
1368.2,,,,0.9705506185,,,,,,,
1368.4,,,,0.9686574999,,,,,,,
1368.6,,,,0.9670275803,,,,,,,
1368.8,,,,0.9657716978,,,,,,,
1369,,,,0.9649777574,,,,,,,
1369.2,,,,0.9646890591,,,,,,,
1369.4,,,,0.964892007,,,,,,,
1369.6,,,,0.9655273184,,,,,,,
1369.8,,,,0.9665171714,,,,,,,
1370,,,,0.9677897533,,,,,,,
1370.2,,,,0.9692820173,,,,,,,
1370.4,,,,0.9709500972,,,,,,,
1370.6,,,,0.9727417853,,,,,,,
1370.8,,,,0.9745939308,,,,,,,
1371,,,,0.976439153,,,,,,,
1371.2,,,,0.9782208314,,,,,,,
1371.4,,,,0.9799077999,,,,,,,
1371.6,,,,0.9814980775,,,,,,,
1371.8,,,,0.9830075087,,,,,,,
1372,,,,0.9844484933,,,,,,,
1372.2,,,,0.98581376,,,,,,,
1372.4,,,,0.9870870841,,,,,,,
1372.6,,,,0.9882413124,,,,,,,
1372.8,,,,0.9892600065,,,,,,,
1373,,,,0.9901474227,,,,,,,
1373.2,,,,0.9909280636,,,,,,,
1373.4,,,,0.9916382417,,,,,,,
1373.6,,,,0.9923138913,,,,,,,
1373.8,,,,0.9929773064,,,,,,,
1374,,,,0.9936239936,,,,,,,
1374.2,,,,0.9942187288,,,,,,,
1374.4,,,,0.9947156559,,,,,,,
1374.6,,,,0.995069406,,,,,,,
1374.8,,,,0.9952652581,,,,,,,
1375,,,,0.99533626,,,,,,,
1375.2,,,,0.9953524398,,,,,,,
1375.4,,,,0.9953767916,,,,,,,
1375.6,,,,0.9954576144,,,,,,,
1375.8,,,,0.9956195854,,,,,,,
1376,,,,0.9958658816,,,,,,,
1376.2,,,,0.9961859899,,,,,,,
1376.4,,,,0.9965786188,,,,,,,
1376.6,,,,0.9970282473,,,,,,,
1376.8,,,,0.9974999439,,,,,,,
1377,,,,0.9979371183,,,,,,,
1377.2,,,,0.9982738304,,,,,,,
1377.4,,,,0.9984586318,,,,,,,
1377.6,,,,0.9984778165,,,,,,,
1377.8,,,,0.9983645716,,,,,,,
1378,,,,0.9981880237,,,,,,,
1378.2,,,,0.9980262572,,,,,,,
1378.4,,,,0.9979416471,,,,,,,
1378.6,,,,0.997974554,,,,,,,
1378.8,,,,0.9981318004,,,,,,,
1379,,,,0.9983982784,,,,,,,
1379.2,,,,0.9987432537,,,,,,,
1379.4,,,,0.9991233695,,,,,,,
1379.6,,,,0.9994863946,,,,,,,
1379.8,,,,0.9997797052,,,,,,,
1380,,,,0.9999607699,,,,,,,
1380.2,,,,1.00000082,,,,,,,
1380.4,,,,0.9998736476,,,,,,,
1380.6,,,,0.9995343047,,,,,,,
1380.8,,,,0.9989087035,,,,,,,
1381,,,,0.9978718247,,,,,,,
1381.2,,,,0.9962552903,,,,,,,
1381.4,,,,0.9938558079,,,,,,,
1381.6,,,,0.9904413553,,,,,,,
1381.8,,,,0.98575247,,,,,,,
1382,,,,0.979500915,,,,,,,
1382.2,,,,0.9713691308,,,,,,,
1382.4,,,,0.961012296,,,,,,,
1382.6,,,,0.9480629839,,,,,,,
1382.8,,,,0.9321349636,,,,,,,
1383,,,,0.9128427836,,,,,,,
1383.2,,,,0.8898164618,,,,,,,
1383.4,,,,0.8627380134,,,,,,,
1383.6,,,,0.8313962996,,,,,,,
1383.8,,,,0.7957449166,,,,,,,
1384,,,,0.7559461165,,,,,,,
1384.2,,,,0.7123867892,,,,,,,
1384.4,,,,0.6656643878,,,,,,,
1384.6,,,,0.6165501992,,,,,,,
1384.8,,,,0.5659392674,,,,,,,
1385,,,,0.5147932176,,,,,,,
1385.2,,,,0.4640778104,,,,,,,
1385.4,,,,0.4147069204,,,,,,,
1385.6,,,,0.3674835894,,,,,,,
1385.8,,,,0.3230569236,,,,,,,
1386,,,,0.2818993742,,,,,,,
1386.2,,,,0.2443039676,,,,,,,
1386.4,,,,0.2103992573,,,,,,,
1386.6,,,,0.1801751025,,,,,,,
1386.8,,,,0.1535120886,,,,,,,
1387,,,,0.1302097868,,,,,,,
1387.2,,,,0.1100119178,,,,,,,
1387.4,,,,0.09262821294,,,,,,,
1387.6,,,,0.07775315963,,,,,,,
1387.8,,,,0.06508113453,,,,,,,
1388,,,,0.05432088795,,,,,,,
1388.2,,,,0.04520149976,,,,,,,
1388.4,,,,0.0374785866,,,,,,,
1388.6,,,,0.0309365152,,,,,,,
1388.8,,,,0.02538864945,,,,,,,
1389,,,,0.02067636144,,,,,,,
1389.2,,,,0.01666710905,,,,,,,
1389.4,,,,0.01325174511,,,,,,,
1389.6,,,,0.01034144623,,,,,,,
1389.8,,,,0.007864764411,,,,,,,
1390,,,,0.005764936779,,,,,,,
1390.2,,,,0.003997004276,,,,,,,
1390.4,,,,0.002524133721,,,,,,,
1390.6,,,,0.001313538212,,,,,,,
1390.8,,,,0.0003325254927,,,,,,,
1391,,,,-0.0004533395771,,,,,,,
1391.2,,,,-0.001079522885,,,,,,,
1391.4,,,,-0.001579871608,,,,,,,
1391.6,,,,-0.001983453393,,,,,,,
1391.8,,,,-0.002312291063,,,,,,,
1392,,,,-0.002580785549,,,,,,,
1392.2,,,,-0.00279693462,,,,,,,
1392.4,,,,-0.002964816991,,,,,,,
1392.6,,,,-0.003087195369,,,,,,,
1392.8,,,,-0.003166853704,,,,,,,
1393,,,,-0.003205954006,,,,,,,
1393.2,,,,-0.00320411967,,,,,,,
1393.4,,,,-0.003157052471,,,,,,,
1393.6,,,,-0.003057159124,,,,,,,
1393.8,,,,-0.002896212191,,,,,,,
1394,,,,-0.00266863754,,,,,,,
1394.2,,,,-0.002373751024,,,,,,,
1394.4,,,,-0.002016191057,,,,,,,
1394.6,,,,-0.001605044109,,,,,,,
1394.8,,,,-0.001152798848,,,,,,,
1395,,,,-0.0006748622606,,,,,,,
1395.2,,,,-0.0001893138005,,,,,,,
1395.4,,,,0.0002841418176,,,,,,,
1395.6,,,,0.000726638776,,,,,,,
1395.8,,,,0.001123331004,,,,,,,
1396,,,,0.001465586472,,,,,,,
1396.2,,,,0.001750833341,,,,,,,
1396.4,,,,0.00198021354,,,,,,,
1396.6,,,,0.002155687842,,,,,,,
1396.8,,,,0.002278488298,,,,,,,
1397,,,,0.002349706974,,,,,,,
1397.2,,,,0.002372174488,,,,,,,
1397.4,,,,0.002351915265,,,,,,,
1397.6,,,,0.002297985071,,,,,,,
1397.8,,,,0.002220855702,,,,,,,
1398,,,,0.002130494003,,,,,,,
1398.2,,,,0.002035149706,,,,,,,
1398.4,,,,0.001941006276,,,,,,,
1398.6,,,,0.001852217697,,,,,,,
1398.8,,,,0.001770916298,,,,,,,
1399,,,,0.001697192533,,,,,,,
1399.2,,,,0.001629296943,,,,,,,
1399.4,,,,0.001564269601,,,,,,,
1399.6,,,,0.001499031933,,,,,,,
1399.8,,,,0.001431703525,,,,,,,
1400,,,,0.001362636476,,,,,,,
1400.2,,,,0.00129463412,,,,,,,
1400.4,,,,0.001232147478,,,,,,,
1400.6,,,,0.001179654035,,,,,,,
1400.8,,,,0.001140021954,,,,,,,
1401,,,,0.001113363831,,,,,,,
1401.2,,,,0.001096673033,,,,,,,
1401.4,,,,0.001084310196,,,,,,,
1401.6,,,,0.001069311014,,,,,,,
1401.8,,,,0.001045256346,,,,,,,
1402,,,,0.00100807917,,,,,,,
1402.2,,,,0.0009570105808,,,,,,,
1402.4,,,,0.0008942388418,,,,,,,
1402.6,,,,0.0008236628203,,,,,,,
1402.8,,,,0.0007497419687,,,,,,,
1403,,,,0.0006772423783,,,,,,,
1403.2,,,,0.0006116975715,,,,,,,
1403.4,,,,0.0005594413147,,,,,,,
1403.6,,,,0.0005262314431,,,,,,,
1403.8,,,,0.0005147343497,,,,,,,
1404,,,,0.0005224738298,,,,,,,
1404.2,,,,0.0005419166938,,,,,,,
1404.4,,,,0.0005629576941,,,,,,,
1404.6,,,,0.0005763724604,,,,,,,
1404.8,,,,0.0005762865598,,,,,,,
1405,,,,0.0005606985969,,,,,,,
1490,,,,,0.0007036258713,,,,,,
1490.2,,,,,0.001152839585,,,,,,
1490.4,,,,,0.001516118497,,,,,,
1490.6,,,,,0.001777936195,,,,,,
1490.8,,,,,0.001927777973,,,,,,
1491,,,,,0.00195972664,,,,,,
1491.2,,,,,0.00187547405,,,,,,
1491.4,,,,,0.001688676928,,,,,,
1491.6,,,,,0.00142758803,,,,,,
1491.8,,,,,0.001133309074,,,,,,
1492,,,,,0.0008528816452,,,,,,
1492.2,,,,,0.000629128198,,,,,,
1492.4,,,,,0.0004911836083,,,,,,
1492.6,,,,,0.0004494848039,,,,,,
1492.8,,,,,0.0004966716809,,,,,,
1493,,,,,0.0006128888731,,,,,,
1493.2,,,,,0.0007725642647,,,,,,
1493.4,,,,,0.0009504060581,,,,,,
1493.6,,,,,0.001125873393,,,,,,
1493.8,,,,,0.001286112965,,,,,,
1494,,,,,0.001427014584,,,,,,
1494.2,,,,,0.001551708176,,,,,,
1494.4,,,,,0.001666519961,,,,,,
1494.6,,,,,0.001775846632,,,,,,
1494.8,,,,,0.00187831769,,,,,,
1495,,,,,0.001966065283,,,,,,
1495.2,,,,,0.002027251474,,,,,,
1495.4,,,,,0.002050325795,,,,,,
1495.6,,,,,0.00202798316,,,,,,
1495.8,,,,,0.001959311661,,,,,,
1496,,,,,0.001849730356,,,,,,
1496.2,,,,,0.001709249918,,,,,,
1496.4,,,,,0.001550050532,,,,,,
1496.6,,,,,0.001384333536,,,,,,
1496.8,,,,,0.001222996643,,,,,,
1497,,,,,0.001075171198,,,,,,
1497.2,,,,,0.0009483565564,,,,,,
1497.4,,,,,0.0008488850277,,,,,,
1497.6,,,,,0.0007824828378,,,,,,
1497.8,,,,,0.0007544624936,,,,,,
1498,,,,,0.0007687190345,,,,,,
1498.2,,,,,0.0008248711271,,,,,,
1498.4,,,,,0.0009140981483,,,,,,
1498.6,,,,,0.001015817383,,,,,,
1498.8,,,,,0.001098150365,,,,,,
1499,,,,,0.001123920009,,,,,,
1499.2,,,,,0.001060965763,,,,,,
1499.4,,,,,0.0008926249477,,,,,,
1499.6,,,,,0.000623477713,,,,,,
1499.8,,,,,0.0002777631781,,,,,,
1500,,,,,-0.0001080933487,,,,,,
1500.2,,,,,-0.0004944021159,,,,,,
1500.4,,,,,-0.0008442849615,,,,,,
1500.6,,,,,-0.001125687897,,,,,,
1500.8,,,,,-0.001311688722,,,,,,
1501,,,,,-0.00138256384,,,,,,
1501.2,,,,,-0.001330805939,,,,,,
1501.4,,,,,-0.00116639223,,,,,,
1501.6,,,,,-0.0009175017597,,,,,,
1501.8,,,,,-0.000623721718,,,,,,
1502,,,,,-0.0003235978834,,,,,,
1502.2,,,,,-4.266072359e-05,,,,,,
1502.4,,,,,0.0002115632743,,,,,,
1502.6,,,,,0.0004451160736,,,,,,
1502.8,,,,,0.0006670666502,,,,,,
1503,,,,,0.0008796343848,,,,,,
1503.2,,,,,0.001074672555,,,,,,
1503.4,,,,,0.001237748368,,,,,,
1503.6,,,,,0.001356377403,,,,,,
1503.8,,,,,0.001427030132,,,,,,
1504,,,,,0.001456902766,,,,,,
1504.2,,,,,0.001459708611,,,,,,
1504.4,,,,,0.001447859279,,,,,,
1504.6,,,,,0.001425013486,,,,,,
1504.8,,,,,0.001382706089,,,,,,
1505,,,,,0.001302931577,,,,,,
1505.2,,,,,0.001165878215,,,,,,
1505.4,,,,,0.0009596289981,,,,,,
1505.6,,,,,0.0006877281834,,,,,,
1505.8,,,,,0.0003716496473,,,,,,
1506,,,,,4.768826856e-05,,,,,,
1506.2,,,,,-0.0002400314054,,,,,,
1506.4,,,,,-0.0004481533812,,,,,,
1506.6,,,,,-0.0005428925183,,,,,,
1506.8,,,,,-0.0005084387034,,,,,,
1507,,,,,-0.0003537228523,,,,,,
1507.2,,,,,-0.0001146298141,,,,,,
1507.4,,,,,0.0001518251556,,,,,,
1507.6,,,,,0.0003823973715,,,,,,
1507.8,,,,,0.0005277718565,,,,,,
1508,,,,,0.000569849,,,,,,
1508.2,,,,,0.0005280744135,,,,,,
1508.4,,,,,0.0004514456496,,,,,,
1508.6,,,,,0.0003998614888,,,,,,
1508.8,,,,,0.0004232921392,,,,,,
1509,,,,,0.0005471412578,,,,,,
1509.2,,,,,0.0007678560064,,,,,,
1509.4,,,,,0.001057615595,,,,,,
1509.6,,,,,0.001373945188,,,,,,
1509.8,,,,,0.001670207019,,,,,,
1510,,,,,0.001904696893,,,,,,
1510.2,,,,,0.002047506603,,,,,,
1510.4,,,,,0.002084709066,,,,,,
1510.6,,,,,0.002019303343,,,,,,
1510.8,,,,,0.001868736075,,,,,,
1511,,,,,0.001659838617,,,,,,
1511.2,,,,,0.001422947347,,,,,,
1511.4,,,,,0.001187016182,,,,,,
1511.6,,,,,0.0009766452016,,,,,,
1511.8,,,,,0.0008108452717,,,,,,
1512,,,,,0.0007027633871,,,,,,
1512.2,,,,,0.0006597045288,,,,,,
1512.4,,,,,0.0006830236052,,,,,,
1512.6,,,,,0.0007678274854,,,,,,
1512.8,,,,,0.0009025829288,,,,,,
1513,,,,,0.0010690949,,,,,,
1513.2,,,,,0.001243679433,,,,,,
1513.4,,,,,0.001400207337,,,,,,
1513.6,,,,,0.001514759944,,,,,,
1513.8,,,,,0.001570379462,,,,,,
1514,,,,,0.001559853611,,,,,,
1514.2,,,,,0.001485344306,,,,,,
1514.4,,,,,0.001355516886,,,,,,
1514.6,,,,,0.001182223782,,,,,,
1514.8,,,,,0.0009787182212,,,,,,
1515,,,,,0.000759798409,,,,,,
1515.2,,,,,0.000542628953,,,,,,
1515.4,,,,,0.0003464752715,,,,,,
1515.6,,,,,0.0001904470328,,,,,,
1515.8,,,,,8.971813922e-05,,,,,,
1516,,,,,5.158682364e-05,,,,,,
1516.2,,,,,7.284488217e-05,,,,,,
1516.4,,,,,0.0001395955506,,,,,,
1516.6,,,,,0.0002300440187,,,,,,
1516.8,,,,,0.0003201164029,,,,,,
1517,,,,,0.0003906784723,,,,,,
1517.2,,,,,0.0004340696679,,,,,,
1517.4,,,,,0.000457295841,,,,,,
1517.6,,,,,0.0004800578702,,,,,,
1517.8,,,,,0.000527731041,,,,,,
1518,,,,,0.0006216265519,,,,,,
1518.2,,,,,0.0007702612646,,,,,,
1518.4,,,,,0.000965189256,,,,,,
1518.6,,,,,0.00118310262,,,,,,
1518.8,,,,,0.001393310104,,,,,,
1519,,,,,0.001567421202,,,,,,
1519.2,,,,,0.001687305376,,,,,,
1519.4,,,,,0.001748508052,,,,,,
1519.6,,,,,0.001758604699,,,,,,
1519.8,,,,,0.001732162594,,,,,,
1520,,,,,0.001684936955,,,,,,
1520.2,,,,,0.001629446962,,,,,,
1520.4,,,,,0.001572902152,,,,,,
1520.6,,,,,0.001517379543,,,,,,
1520.8,,,,,0.001461745483,,,,,,
1521,,,,,0.001404564469,,,,,,
1521.2,,,,,0.001346919538,,,,,,
1521.4,,,,,0.001293780236,,,,,,
1521.6,,,,,0.001252835196,,,,,,
1521.8,,,,,0.001230883486,,,,,,
1522,,,,,0.00122948711,,,,,,
1522.2,,,,,0.001242529545,,,,,,
1522.4,,,,,0.001257763738,,,,,,
1522.6,,,,,0.001262166269,,,,,,
1522.8,,,,,0.001248763461,,,,,,
1523,,,,,0.001221359939,,,,,,
1523.2,,,,,0.001194679322,,,,,,
1523.4,,,,,0.001189894251,,,,,,
1523.6,,,,,0.001227856104,,,,,,
1523.8,,,,,0.001323096626,,,,,,
1524,,,,,0.001480614311,,,,,,
1524.2,,,,,0.001695657305,,,,,,
1524.4,,,,,0.001955304683,,,,,,
1524.6,,,,,0.002240708137,,,,,,
1524.8,,,,,0.002529590098,,,,,,
1525,,,,,0.002799216329,,,,,,
1525.2,,,,,0.003029992573,,,,,,
1525.4,,,,,0.003209119624,,,,,,
1525.6,,,,,0.003333113355,,,,,,
1525.8,,,,,0.003408072242,,,,,,
1526,,,,,0.003447467211,,,,,,
1526.2,,,,,0.003468312823,,,,,,
1526.4,,,,,0.003487157759,,,,,,
1526.6,,,,,0.003517233477,,,,,,
1526.8,,,,,0.003567084945,,,,,,
1527,,,,,0.003640289143,,,,,,
1527.2,,,,,0.003735670195,,,,,,
1527.4,,,,,0.003847806114,,,,,,
1527.6,,,,,0.00396804055,,,,,,
1527.8,,,,,0.004086199855,,,,,,
1528,,,,,0.004192743252,,,,,,
1528.2,,,,,0.004280425799,,,,,,
1528.4,,,,,0.004344897114,,,,,,
1528.6,,,,,0.004384032994,,,,,,
1528.8,,,,,0.004396734249,,,,,,
1529,,,,,0.004382313758,,,,,,
1529.2,,,,,0.004341232608,,,,,,
1529.4,,,,,0.004276955262,,,,,,
1529.6,,,,,0.004197725103,,,,,,
1529.8,,,,,0.004116703987,,,,,,
1530,,,,,0.00404950693,,,,,,
1530.2,,,,,0.004009801141,,,,,,
1530.4,,,,,0.004004644889,,,,,,
1530.6,,,,,0.004031655976,,,,,,
1530.8,,,,,0.004079263304,,,,,,
1531,,,,,0.004129922792,,,,,,
1531.2,,,,,0.004165076877,,,,,,
1531.4,,,,,0.004170420201,,,,,,
1531.6,,,,,0.004140103957,,,,,,
1531.8,,,,,0.004079024302,,,,,,
1532,,,,,0.004002522219,,,,,,
1532.2,,,,,0.003932974327,,,,,,
1532.4,,,,,0.003893614931,,,,,,
1532.6,,,,,0.003901227607,,,,,,
1532.8,,,,,0.003960428009,,,,,,
1533,,,,,0.004062084887,,,,,,
1533.2,,,,,0.004186899771,,,,,,
1533.4,,,,,0.004312238856,,,,,,
1533.6,,,,,0.004419218597,,,,,,
1533.8,,,,,0.004496772261,,,,,,
1534,,,,,0.004541514533,,,,,,
1534.2,,,,,0.004554564561,,,,,,
1534.4,,,,,0.004537841225,,,,,,
1534.6,,,,,0.004492041938,,,,,,
1534.8,,,,,0.004417160871,,,,,,
1535,,,,,0.004314742961,,,,,,
1535.2,,,,,0.00419035267,,,,,,
1535.4,,,,,0.004054897782,,,,,,
1535.6,,,,,0.00392393407,,,,,,
1535.8,,,,,0.00381494396,,,,,,
1536,,,,,0.003743302175,,,,,,
1536.2,,,,,0.003718200367,,,,,,
1536.4,,,,,0.003740037416,,,,,,
1536.6,,,,,0.003800555219,,,,,,
1536.8,,,,,0.003885754199,,,,,,
1537,,,,,0.00398090107,,,,,,
1537.2,,,,,0.004075474721,,,,,,
1537.4,,,,,0.004165816535,,,,,,
1537.6,,,,,0.004254072657,,,,,,
1537.8,,,,,0.004343768362,,,,,,
1538,,,,,0.004434188538,,,,,,
1538.2,,,,,0.004516839266,,,,,,
1538.4,,,,,0.004576052698,,,,,,
1538.6,,,,,0.004594246618,,,,,,
1538.8,,,,,0.004559442544,,,,,,
1539,,,,,0.004471513345,,,,,,
1539.2,,,,,0.00434415459,,,,,,
1539.4,,,,,0.00420160629,,,,,,
1539.6,,,,,0.004071468165,,,,,,
1539.8,,,,,0.003976614008,,,,,,
1540,,,,,0.003928875318,,,,,,
1540.2,,,,,0.003926665393,,,,,,
1540.4,,,,,0.003956819109,,,,,,
1540.6,,,,,0.003999681837,,,,,,
1540.8,,,,,0.004035580902,,,,,,
1541,,,,,0.004050516985,,,,,,
1541.2,,,,,0.004039236382,,,,,,
1541.4,,,,,0.004005027358,,,,,,
1541.6,,,,,0.003956442512,,,,,,
1541.8,,,,,0.003902961591,,,,,,
1542,,,,,0.003851549562,,,,,,
1542.2,,,,,0.003805561136,,,,,,
1542.4,,,,,0.003766034422,,,,,,
1542.6,,,,,0.003734104285,,,,,,
1542.8,,,,,0.00371278909,,,,,,
1543,,,,,0.003707116024,,,,,,
1543.2,,,,,0.003722290247,,,,,,
1543.4,,,,,0.00376114864,,,,,,
1543.6,,,,,0.003821990911,,,,,,
1543.8,,,,,0.003897742444,,,,,,
1544,,,,,0.00397677714,,,,,,
1544.2,,,,,0.004045164482,,,,,,
1544.4,,,,,0.004089749965,,,,,,
1544.6,,,,,0.004101187879,,,,,,
1544.8,,,,,0.004075943128,,,,,,
1545,,,,,0.004016848151,,,,,,
1545.2,,,,,0.00393214499,,,,,,
1545.4,,,,,0.003833617818,,,,,,
1545.6,,,,,0.003734571422,,,,,,
1545.8,,,,,0.003648079174,,,,,,
1546,,,,,0.003585574272,,,,,,
1546.2,,,,,0.003555332224,,,,,,
1546.4,,,,,0.003560970286,,,,,,
1546.6,,,,,0.003600359576,,,,,,
1546.8,,,,,0.003665554425,,,,,,
1547,,,,,0.003744100293,,,,,,
1547.2,,,,,0.003821479075,,,,,,
1547.4,,,,,0.003883983172,,,,,,
1547.6,,,,,0.003921324066,,,,,,
1547.8,,,,,0.003928258581,,,,,,
1548,,,,,0.003905374478,,,,,,
1548.2,,,,,0.003858961825,,,,,,
1548.4,,,,,0.003800051487,,,,,,
1548.6,,,,,0.003742644822,,,,,,
1548.8,,,,,0.003701251395,,,,,,
1549,,,,,0.003688256068,,,,,,
1549.2,,,,,0.003711492629,,,,,,
1549.4,,,,,0.003772789364,,,,,,
1549.6,,,,,0.003867791672,,,,,,
1549.8,,,,,0.003987058319,,,,,,
1550,,,,,0.004118185906,,,,,,
1550.2,,,,,0.004248492584,,,,,,
1550.4,,,,,0.004367698231,,,,,,
1550.6,,,,,0.004469862097,,,,,,
1550.8,,,,,0.004553900486,,,,,,
1551,,,,,0.004622680386,,,,,,
1551.2,,,,,0.004680967235,,,,,,
1551.4,,,,,0.00473306349,,,,,,
1551.6,,,,,0.004780991057,,,,,,
1551.8,,,,,0.004823758941,,,,,,
1552,,,,,0.004857953873,,,,,,
1552.2,,,,,0.004879097502,,,,,,
1552.4,,,,,0.004883535242,,,,,,
1552.6,,,,,0.004869953366,,,,,,
1552.8,,,,,0.004839837844,,,,,,
1553,,,,,0.004796523869,,,,,,
1553.2,,,,,0.004743153875,,,,,,
1553.4,,,,,0.004680767632,,,,,,
1553.6,,,,,0.004607416955,,,,,,
1553.8,,,,,0.004519266882,,,,,,
1554,,,,,0.004413095963,,,,,,
1554.2,,,,,0.004288861569,,,,,,
1554.4,,,,,0.004150861914,,,,,,
1554.6,,,,,0.004006780478,,,,,,
1554.8,,,,,0.00386529029,,,,,,
1555,,,,,0.003733304857,,,,,,
1555.2,,,,,0.003614488001,,,,,,
1555.4,,,,,0.003509543925,,,,,,
1555.6,,,,,0.00341788229,,,,,,
1555.8,,,,,0.003339624746,,,,,,
1556,,,,,0.003276886179,,,,,,
1556.2,,,,,0.003233979726,,,,,,
1556.4,,,,,0.003216377884,,,,,,
1556.6,,,,,0.00322921939,,,,,,
1556.8,,,,,0.003275847721,,,,,,
1557,,,,,0.00335670278,,,,,,
1557.2,,,,,0.003468641849,,,,,,
1557.4,,,,,0.003604616151,,,,,,
1557.6,,,,,0.003753877066,,,,,,
1557.8,,,,,0.003902576662,,,,,,
1558,,,,,0.004035216584,,,,,,
1558.2,,,,,0.004136875875,,,,,,
1558.4,,,,,0.004195940157,,,,,,
1558.6,,,,,0.004206688665,,,,,,
1558.8,,,,,0.004170848575,,,,,,
1559,,,,,0.00409757895,,,,,,
1559.2,,,,,0.004001397789,,,,,,
1559.4,,,,,0.003898998531,,,,,,
1559.6,,,,,0.003805945389,,,,,,
1559.8,,,,,0.003734391204,,,,,,
1560,,,,,0.003692295308,,,,,,
1560.2,,,,,0.003683804578,,,,,,
1560.4,,,,,0.003710101638,,,,,,
1560.6,,,,,0.003769782094,,,,,,
1560.8,,,,,0.00385899824,,,,,,
1561,,,,,0.003971609735,,,,,,
1561.2,,,,,0.004099839523,,,,,,
1561.4,,,,,0.004235516847,,,,,,
1561.6,,,,,0.00437167581,,,,,,
1561.8,,,,,0.004503955512,,,,,,
1562,,,,,0.004631415414,,,,,,
1562.2,,,,,0.004756877206,,,,,,
1562.4,,,,,0.004886686353,,,,,,
1562.6,,,,,0.005029898614,,,,,,
1562.8,,,,,0.005196801869,,,,,,
1563,,,,,0.005397138315,,,,,,
1563.2,,,,,0.005638036907,,,,,,
1563.4,,,,,0.005922682761,,,,,,
1563.6,,,,,0.00625016788,,,,,,
1563.8,,,,,0.006616613252,,,,,,
1564,,,,,0.007017165575,,,,,,
1564.2,,,,,0.007448135817,,,,,,
1564.4,,,,,0.007908783633,,,,,,
1564.6,,,,,0.008401602764,,,,,,
1564.8,,,,,0.008931783187,,,,,,
1565,,,,,0.009505720613,,,,,,
1565.2,,,,,0.01012923387,,,,,,
1565.4,,,,,0.01080605861,,,,,,
1565.6,,,,,0.01153741182,,,,,,
1565.8,,,,,0.01232203831,,,,,,
1566,,,,,0.01315674687,,,,,,
1566.2,,,,,0.01403709373,,,,,,
1566.4,,,,,0.01495789537,,,,,,
1566.6,,,,,0.01591388983,,,,,,
1566.8,,,,,0.01690089037,,,,,,
1567,,,,,0.01791802315,,,,,,
1567.2,,,,,0.01896888239,,,,,,
1567.4,,,,,0.02006225014,,,,,,
1567.6,,,,,0.02121072041,,,,,,
1567.8,,,,,0.02242765306,,,,,,
1568,,,,,0.02372357166,,,,,,
1568.2,,,,,0.02510463278,,,,,,
1568.4,,,,,0.02657268994,,,,,,
1568.6,,,,,0.0281279992,,,,,,
1568.8,,,,,0.02977282439,,,,,,
1569,,,,,0.03151360583,,,,,,
1569.2,,,,,0.03336026545,,,,,,
1569.4,,,,,0.03532316342,,,,,,
1569.6,,,,,0.03740929265,,,,,,
1569.8,,,,,0.03961855869,,,,,,
1570,,,,,0.04194403242,,,,,,
1570.2,,,,,0.04437503595,,,,,,
1570.4,,,,,0.04690213816,,,,,,
1570.6,,,,,0.04952151279,,,,,,
1570.8,,,,,0.05223968457,,,,,,
1571,,,,,0.05507200655,,,,,,
1571.2,,,,,0.05804125194,,,,,,
1571.4,,,,,0.06117423571,,,,,,
1571.6,,,,,0.06449820728,,,,,,
1571.8,,,,,0.06803728805,,,,,,
1572,,,,,0.0718122013,,,,,,
1572.2,,,,,0.07583813307,,,,,,
1572.4,,,,,0.08012505467,,,,,,
1572.6,,,,,0.08467920424,,,,,,
1572.8,,,,,0.08950484024,,,,,,
1573,,,,,0.09460544221,,,,,,
1573.2,,,,,0.09998640759,,,,,,
1573.4,,,,,0.1056551333,,,,,,
1573.6,,,,,0.1116195028,,,,,,
1573.8,,,,,0.1178874387,,,,,,
1574,,,,,0.1244656679,,,,,,
1574.2,,,,,0.1313584089,,,,,,
1574.4,,,,,0.1385685011,,,,,,
1574.6,,,,,0.1461000296,,,,,,
1574.8,,,,,0.1539581295,,,,,,
1575,,,,,0.1621528263,,,,,,
1575.2,,,,,0.1707008335,,,,,,
1575.4,,,,,0.1796250555,,,,,,
1575.6,,,,,0.1889526229,,,,,,
1575.8,,,,,0.1987142154,,,,,,
1576,,,,,0.2089348078,,,,,,
1576.2,,,,,0.2196316412,,,,,,
1576.4,,,,,0.2308118168,,,,,,
1576.6,,,,,0.242471262,,,,,,
1576.8,,,,,0.2545952053,,,,,,
1577,,,,,0.267165778,,,,,,
1577.2,,,,,0.2801575484,,,,,,
1577.4,,,,,0.293543164,,,,,,
1577.6,,,,,0.3072963333,,,,,,
1577.8,,,,,0.321394133,,,,,,
1578,,,,,0.3358182243,,,,,,
1578.2,,,,,0.3505634124,,,,,,
1578.4,,,,,0.3656272559,,,,,,
1578.6,,,,,0.3810106576,,,,,,
1578.8,,,,,0.3967133966,,,,,,
1579,,,,,0.4127288025,,,,,,
1579.2,,,,,0.4290399419,,,,,,
1579.4,,,,,0.4456278112,,,,,,
1579.6,,,,,0.4624618539,,,,,,
1579.8,,,,,0.4795067771,,,,,,
1580,,,,,0.4967240447,,,,,,
1580.2,,,,,0.514070145,,,,,,
1580.4,,,,,0.5314955262,,,,,,
1580.6,,,,,0.5489512544,,,,,,
1580.8,,,,,0.5663778717,,,,,,
1581,,,,,0.5837129372,,,,,,
1581.2,,,,,0.600895092,,,,,,
1581.4,,,,,0.6178654097,,,,,,
1581.6,,,,,0.6345731313,,,,,,
1581.8,,,,,0.6509804464,,,,,,
1582,,,,,0.6670508717,,,,,,
1582.2,,,,,0.6827521488,,,,,,
1582.4,,,,,0.6980549219,,,,,,
1582.6,,,,,0.7129285966,,,,,,
1582.8,,,,,0.7273512093,,,,,,
1583,,,,,0.7413096589,,,,,,
1583.2,,,,,0.754795043,,,,,,
1583.4,,,,,0.7678074579,,,,,,
1583.6,,,,,0.7803546433,,,,,,
1583.8,,,,,0.792442408,,,,,,
1584,,,,,0.8040863775,,,,,,
1584.2,,,,,0.815295797,,,,,,
1584.4,,,,,0.8260703313,,,,,,
1584.6,,,,,0.8364021218,,,,,,
1584.8,,,,,0.8462770491,,,,,,
1585,,,,,0.8556684956,,,,,,
1585.2,,,,,0.8645673592,,,,,,
1585.4,,,,,0.8729596923,,,,,,
1585.6,,,,,0.8808382623,,,,,,
1585.8,,,,,0.888205215,,,,,,
1586,,,,,0.8950702392,,,,,,
1586.2,,,,,0.9014489844,,,,,,
1586.4,,,,,0.9073769526,,,,,,
1586.6,,,,,0.9128859558,,,,,,
1586.8,,,,,0.9180093614,,,,,,
1587,,,,,0.9227792789,,,,,,
1587.2,,,,,0.9272181777,,,,,,
1587.4,,,,,0.931349924,,,,,,
1587.6,,,,,0.9351957977,,,,,,
1587.8,,,,,0.9387667016,,,,,,
1588,,,,,0.9420696734,,,,,,
1588.2,,,,,0.9451102098,,,,,,
1588.4,,,,,0.9478851631,,,,,,
1588.6,,,,,0.9504145411,,,,,,
1588.8,,,,,0.9527167065,,,,,,
1589,,,,,0.9548152113,,,,,,
1589.2,,,,,0.9567372015,,,,,,
1589.4,,,,,0.9585056209,,,,,,
1589.6,,,,,0.9601370671,,,,,,
1589.8,,,,,0.9616538915,,,,,,
1590,,,,,0.9630642333,,,,,,
1590.2,,,,,0.9643724886,,,,,,
1590.4,,,,,0.9655814688,,,,,,
1590.6,,,,,0.9666850226,,,,,,
1590.8,,,,,0.9676900043,,,,,,
1591,,,,,0.968601045,,,,,,
1591.2,,,,,0.969419985,,,,,,
1591.4,,,,,0.970150205,,,,,,
1591.6,,,,,0.9707952848,,,,,,
1591.8,,,,,0.9713561261,,,,,,
1592,,,,,0.9718531092,,,,,,
1592.2,,,,,0.9722986838,,,,,,
1592.4,,,,,0.9727056372,,,,,,
1592.6,,,,,0.9730849989,,,,,,
1592.8,,,,,0.9734357357,,,,,,
1593,,,,,0.9737641205,,,,,,
1593.2,,,,,0.9740716726,,,,,,
1593.4,,,,,0.9743544887,,,,,,
1593.6,,,,,0.9746103961,,,,,,
1593.8,,,,,0.9748391086,,,,,,
1594,,,,,0.9750416841,,,,,,
1594.2,,,,,0.9752411967,,,,,,
1594.4,,,,,0.9754551485,,,,,,
1594.6,,,,,0.975701826,,,,,,
1594.8,,,,,0.9759959853,,,,,,
1595,,,,,0.9763351224,,,,,,
1595.2,,,,,0.9767224298,,,,,,
1595.4,,,,,0.9771472258,,,,,,
1595.6,,,,,0.9775896532,,,,,,
1595.8,,,,,0.9780283435,,,,,,
1596,,,,,0.9784404373,,,,,,
1596.2,,,,,0.9788105959,,,,,,
1596.4,,,,,0.9791415203,,,,,,
1596.6,,,,,0.979435024,,,,,,
1596.8,,,,,0.9796981045,,,,,,
1597,,,,,0.9799407963,,,,,,
1597.2,,,,,0.9801620617,,,,,,
1597.4,,,,,0.9803855034,,,,,,
1597.6,,,,,0.9806218005,,,,,,
1597.8,,,,,0.9808799159,,,,,,
1598,,,,,0.9811651663,,,,,,
1598.2,,,,,0.9814690054,,,,,,
1598.4,,,,,0.9817889346,,,,,,
1598.6,,,,,0.9821184675,,,,,,
1598.8,,,,,0.9824460586,,,,,,
1599,,,,,0.982763096,,,,,,
1599.2,,,,,0.9830600234,,,,,,
1599.4,,,,,0.9833314369,,,,,,
1599.6,,,,,0.9835883442,,,,,,
1599.8,,,,,0.9838289157,,,,,,
1600,,,,,0.9840676432,,,,,,
1600.2,,,,,0.9843207521,,,,,,
1600.4,,,,,0.9845709623,,,,,,
1600.6,,,,,0.984834359,,,,,,
1600.8,,,,,0.9851191602,,,,,,
1601,,,,,0.9854294641,,,,,,
1601.2,,,,,0.9857678928,,,,,,
1601.4,,,,,0.9861217853,,,,,,
1601.6,,,,,0.986493263,,,,,,
1601.8,,,,,0.986875915,,,,,,
1602,,,,,0.9872606059,,,,,,
1602.2,,,,,0.9876390522,,,,,,
1602.4,,,,,0.9879960915,,,,,,
1602.6,,,,,0.9883271644,,,,,,
1602.8,,,,,0.9886305565,,,,,,
1603,,,,,0.9889010222,,,,,,
1603.2,,,,,0.9891363258,,,,,,
1603.4,,,,,0.9893328927,,,,,,
1603.6,,,,,0.9894942568,,,,,,
1603.8,,,,,0.9896375644,,,,,,
1604,,,,,0.9897749911,,,,,,
1604.2,,,,,0.9899190792,,,,,,
1604.4,,,,,0.9900764374,,,,,,
1604.6,,,,,0.9902449936,,,,,,
1604.8,,,,,0.99043334,,,,,,
1605,,,,,0.9906368364,,,,,,
1605.2,,,,,0.9908507564,,,,,,
1605.4,,,,,0.991071517,,,,,,
1605.6,,,,,0.991290357,,,,,,
1605.8,,,,,0.9915234546,,,,,,
1606,,,,,0.9917772089,,,,,,
1606.2,,,,,0.9920577218,,,,,,
1606.4,,,,,0.9923680507,,,,,,
1606.6,,,,,0.9926927796,,,,,,
1606.8,,,,,0.9930369084,,,,,,
1607,,,,,0.9933885317,,,,,,
1607.2,,,,,0.9937353117,,,,,,
1607.4,,,,,0.9940674093,,,,,,
1607.6,,,,,0.9943669171,,,,,,
1607.8,,,,,0.9946434472,,,,,,
1608,,,,,0.9949009094,,,,,,
1608.2,,,,,0.9951453355,,,,,,
1608.4,,,,,0.9953839165,,,,,,
1608.6,,,,,0.9956110905,,,,,,
1608.8,,,,,0.9958393621,,,,,,
1609,,,,,0.9960705379,,,,,,
1609.2,,,,,0.9963036537,,,,,,
1609.4,,,,,0.9965360875,,,,,,
1609.6,,,,,0.996754033,,,,,,
1609.8,,,,,0.9969635598,,,,,,
1610,,,,,0.997154082,,,,,,
1610.2,,,,,0.9973159984,,,,,,
1610.4,,,,,0.9974529745,,,,,,
1610.6,,,,,0.9975595274,,,,,,
1610.8,,,,,0.9976469762,,,,,,
1611,,,,,0.9977241425,,,,,,
1611.2,,,,,0.9978022051,,,,,,
1611.4,,,,,0.9978938347,,,,,,
1611.6,,,,,0.9979996571,,,,,,
1611.8,,,,,0.9981367037,,,,,,
1612,,,,,0.9983096273,,,,,,
1612.2,,,,,0.9985157625,,,,,,
1612.4,,,,,0.9987478423,,,,,,
1612.6,,,,,0.9989825645,,,,,,
1612.8,,,,,0.9992161861,,,,,,
1613,,,,,0.999435797,,,,,,
1613.2,,,,,0.9996292718,,,,,,
1613.4,,,,,0.999788461,,,,,,
1613.6,,,,,0.9998961857,,,,,,
1613.8,,,,,0.999963719,,,,,,
1614,,,,,0.9999936722,,,,,,
1614.2,,,,,0.9999906029,,,,,,
1614.4,,,,,0.9999603089,,,,,,
1614.6,,,,,0.9998968548,,,,,,
1614.8,,,,,0.9998197623,,,,,,
1615,,,,,0.9997351528,,,,,,
1615.2,,,,,0.9996491576,,,,,,
1615.4,,,,,0.9995649717,,,,,,
1615.6,,,,,0.9994759182,,,,,,
1615.8,,,,,0.999393701,,,,,,
1616,,,,,0.999316506,,,,,,
1616.2,,,,,0.9992424886,,,,,,
1616.4,,,,,0.9991667614,,,,,,
1616.6,,,,,0.9990834558,,,,,,
1616.8,,,,,0.9990031581,,,,,,
1617,,,,,0.9989270753,,,,,,
1617.2,,,,,0.9988558483,,,,,,
1617.4,,,,,0.9987810775,,,,,,
1617.6,,,,,0.9986941123,,,,,,
1617.8,,,,,0.9985904435,,,,,,
1618,,,,,0.9984549779,,,,,,
1618.2,,,,,0.998272593,,,,,,
1618.4,,,,,0.9980215037,,,,,,
1618.6,,,,,0.9976958687,,,,,,
1618.8,,,,,0.9972970025,,,,,,
1619,,,,,0.9968281402,,,,,,
1619.2,,,,,0.9962997816,,,,,,
1619.4,,,,,0.99571629,,,,,,
1619.6,,,,,0.9951058027,,,,,,
1619.8,,,,,0.9944905588,,,,,,
1620,,,,,0.993889411,,,,,,
1620.2,,,,,0.9933167659,,,,,,
1620.4,,,,,0.9927683986,,,,,,
1620.6,,,,,0.992257154,,,,,,
1620.8,,,,,0.9917741995,,,,,,
1621,,,,,0.9913036897,,,,,,
1621.2,,,,,0.9908198993,,,,,,
1621.4,,,,,0.9902914986,,,,,,
1621.6,,,,,0.989702018,,,,,,
1621.8,,,,,0.989029648,,,,,,
1622,,,,,0.9882619784,,,,,,
1622.2,,,,,0.9873905395,,,,,,
1622.4,,,,,0.9864281775,,,,,,
1622.6,,,,,0.9854016934,,,,,,
1622.8,,,,,0.9843376183,,,,,,
1623,,,,,0.9832626827,,,,,,
1623.2,,,,,0.9821853936,,,,,,
1623.4,,,,,0.9811253092,,,,,,
1623.6,,,,,0.9800832058,,,,,,
1623.8,,,,,0.9790494475,,,,,,
1624,,,,,0.9780075569,,,,,,
1624.2,,,,,0.976932177,,,,,,
1624.4,,,,,0.9758213392,,,,,,
1624.6,,,,,0.9746662589,,,,,,
1624.8,,,,,0.9734646707,,,,,,
1625,,,,,0.9722131018,,,,,,
1625.2,,,,,0.9709176735,,,,,,
1625.4,,,,,0.9695942618,,,,,,
1625.6,,,,,0.9682529966,,,,,,
1625.8,,,,,0.9669045291,,,,,,
1626,,,,,0.9655461755,,,,,,
1626.2,,,,,0.9641922952,,,,,,
1626.4,,,,,0.9628464119,,,,,,
1626.6,,,,,0.9615064159,,,,,,
1626.8,,,,,0.9601649614,,,,,,
1627,,,,,0.9588067327,,,,,,
1627.2,,,,,0.9574356368,,,,,,
1627.4,,,,,0.9560460881,,,,,,
1627.6,,,,,0.9546357107,,,,,,
1627.8,,,,,0.9531966484,,,,,,
1628,,,,,0.9517323653,,,,,,
1628.2,,,,,0.9502509838,,,,,,
1628.4,,,,,0.9487565648,,,,,,
1628.6,,,,,0.9472553932,,,,,,
1628.8,,,,,0.9457413665,,,,,,
1629,,,,,0.9442357481,,,,,,
1629.2,,,,,0.942746855,,,,,,
1629.4,,,,,0.9412826244,,,,,,
1629.6,,,,,0.9398439604,,,,,,
1629.8,,,,,0.9384317386,,,,,,
1630,,,,,0.9370553518,,,,,,
1630.2,,,,,0.9357153162,,,,,,
1630.4,,,,,0.9344129465,,,,,,
1630.6,,,,,0.9331382303,,,,,,
1630.8,,,,,0.9319018838,,,,,,
1631,,,,,0.9307070567,,,,,,
1631.2,,,,,0.9295553022,,,,,,
1631.4,,,,,0.9284448724,,,,,,
1631.6,,,,,0.9273735037,,,,,,
1631.8,,,,,0.9263561526,,,,,,
1632,,,,,0.9254019328,,,,,,
1632.2,,,,,0.9245243074,,,,,,
1632.4,,,,,0.9237282296,,,,,,
1632.6,,,,,0.923036521,,,,,,
1632.8,,,,,0.9224651311,,,,,,
1633,,,,,0.922024141,,,,,,
1633.2,,,,,0.9217163984,,,,,,
1633.4,,,,,0.9215377422,,,,,,
1633.6,,,,,0.921496565,,,,,,
1633.8,,,,,0.9215888732,,,,,,
1634,,,,,0.921809842,,,,,,
1634.2,,,,,0.9221426237,,,,,,
1634.4,,,,,0.9225874639,,,,,,
1634.6,,,,,0.9231386407,,,,,,
1634.8,,,,,0.9237874622,,,,,,
1635,,,,,0.9245211031,,,,,,
1635.2,,,,,0.9253252831,,,,,,
1635.4,,,,,0.9262007557,,,,,,
1635.6,,,,,0.9271406735,,,,,,
1635.8,,,,,0.9281420951,,,,,,
1636,,,,,0.9291937158,,,,,,
1636.2,,,,,0.9303087732,,,,,,
1636.4,,,,,0.9314939973,,,,,,
1636.6,,,,,0.9327544255,,,,,,
1636.8,,,,,0.9340867866,,,,,,
1637,,,,,0.9354856028,,,,,,
1637.2,,,,,0.9369487968,,,,,,
1637.4,,,,,0.9384598579,,,,,,
1637.6,,,,,0.9399978441,,,,,,
1637.8,,,,,0.9415240657,,,,,,
1638,,,,,0.9430255986,,,,,,
1638.2,,,,,0.9444751933,,,,,,
1638.4,,,,,0.945846997,,,,,,
1638.6,,,,,0.9471074407,,,,,,
1638.8,,,,,0.9482322419,,,,,,
1639,,,,,0.9491975622,,,,,,
1639.2,,,,,0.9499710737,,,,,,
1639.4,,,,,0.9505149098,,,,,,
1639.6,,,,,0.9507816208,,,,,,
1639.8,,,,,0.9507397422,,,,,,
1640,,,,,0.95034357,,,,,,
1640.2,,,,,0.9495446693,,,,,,
1640.4,,,,,0.9482780838,,,,,,
1640.6,,,,,0.9464922062,,,,,,
1640.8,,,,,0.9441227268,,,,,,
1641,,,,,0.9410998171,,,,,,
1641.2,,,,,0.9373474855,,,,,,
1641.4,,,,,0.9327981351,,,,,,
1641.6,,,,,0.927400494,,,,,,
1641.8,,,,,0.9211080311,,,,,,
1642,,,,,0.9138851849,,,,,,
1642.2,,,,,0.9056970545,,,,,,
1642.4,,,,,0.8965365044,,,,,,
1642.6,,,,,0.8863902819,,,,,,
1642.8,,,,,0.8752491607,,,,,,
1643,,,,,0.8630962808,,,,,,
1643.2,,,,,0.849934107,,,,,,
1643.4,,,,,0.8357671252,,,,,,
1643.6,,,,,0.8206064834,,,,,,
1643.8,,,,,0.8044679715,,,,,,
1644,,,,,0.7873818099,,,,,,
1644.2,,,,,0.7693978555,,,,,,
1644.4,,,,,0.7505736836,,,,,,
1644.6,,,,,0.7309774455,,,,,,
1644.8,,,,,0.7106808344,,,,,,
1645,,,,,0.6897798425,,,,,,
1645.2,,,,,0.66836954,,,,,,
1645.4,,,,,0.6465493601,,,,,,
1645.6,,,,,0.6244092169,,,,,,
1645.8,,,,,0.6020529423,,,,,,
1646,,,,,0.5795767762,,,,,,
1646.2,,,,,0.5570736425,,,,,,
1646.4,,,,,0.5346271976,,,,,,
1646.6,,,,,0.5123240988,,,,,,
1646.8,,,,,0.4902516142,,,,,,
1647,,,,,0.4684918979,,,,,,
1647.2,,,,,0.4471197288,,,,,,
1647.4,,,,,0.4262020446,,,,,,
1647.6,,,,,0.4058056082,,,,,,
1647.8,,,,,0.3859839702,,,,,,
1648,,,,,0.3667797644,,,,,,
1648.2,,,,,0.3482197075,,,,,,
1648.4,,,,,0.3303324145,,,,,,
1648.6,,,,,0.3131343934,,,,,,
1648.8,,,,,0.2966356337,,,,,,
1649,,,,,0.2808336829,,,,,,
1649.2,,,,,0.2657300137,,,,,,
1649.4,,,,,0.2513192332,,,,,,
1649.6,,,,,0.2375921692,,,,,,
1649.8,,,,,0.2245326146,,,,,,
1650,,,,,0.2121256954,,,,,,
1650.2,,,,,0.2003551812,,,,,,
1650.4,,,,,0.1892015807,,,,,,
1650.6,,,,,0.1786408767,,,,,,
1650.8,,,,,0.1686475777,,,,,,
1651,,,,,0.1591974316,,,,,,
1651.2,,,,,0.1502637995,,,,,,
1651.4,,,,,0.1418188254,,,,,,
1651.6,,,,,0.1338342033,,,,,,
1651.8,,,,,0.126287054,,,,,,
1652,,,,,0.1191552291,,,,,,
1652.2,,,,,0.1124187721,,,,,,
1652.4,,,,,0.1060580187,,,,,,
1652.6,,,,,0.1000593333,,,,,,
1652.8,,,,,0.09440891967,,,,,,
1653,,,,,0.08909349452,,,,,,
1653.2,,,,,0.08409691053,,,,,,
1653.4,,,,,0.0794056563,,,,,,
1653.6,,,,,0.0750035925,,,,,,
1653.8,,,,,0.07087354639,,,,,,
1654,,,,,0.06699626737,,,,,,
1654.2,,,,,0.06335502318,,,,,,
1654.4,,,,,0.05993396414,,,,,,
1654.6,,,,,0.05671875618,,,,,,
1654.8,,,,,0.05369559106,,,,,,
1655,,,,,0.05085281035,,,,,,
1655.2,,,,,0.04817927206,,,,,,
1655.4,,,,,0.04566321267,,,,,,
1655.6,,,,,0.04329151743,,,,,,
1655.8,,,,,0.04105113126,,,,,,
1656,,,,,0.03892983937,,,,,,
1656.2,,,,,0.03691647085,,,,,,
1656.4,,,,,0.03500160684,,,,,,
1656.6,,,,,0.03317852067,,,,,,
1656.8,,,,,0.03144347347,,,,,,
1657,,,,,0.02979402845,,,,,,
1657.2,,,,,0.02822799037,,,,,,
1657.4,,,,,0.02674259395,,,,,,
1657.6,,,,,0.02533469971,,,,,,
1657.8,,,,,0.02399993263,,,,,,
1658,,,,,0.02273336812,,,,,,
1658.2,,,,,0.0215303528,,,,,,
1658.4,,,,,0.02038811423,,,,,,
1658.6,,,,,0.01930532636,,,,,,
1658.8,,,,,0.01828217509,,,,,,
1659,,,,,0.01731964798,,,,,,
1659.2,,,,,0.01641946993,,,,,,
1659.4,,,,,0.01558238601,,,,,,
1659.6,,,,,0.01480757248,,,,,,
1659.8,,,,,0.01409202772,,,,,,
1660,,,,,0.01343128835,,,,,,
1660.2,,,,,0.01281904623,,,,,,
1660.4,,,,,0.01224787316,,,,,,
1660.6,,,,,0.01170974138,,,,,,
1660.8,,,,,0.01119748324,,,,,,
1661,,,,,0.0107049725,,,,,,
1661.2,,,,,0.01022794184,,,,,,
1661.4,,,,,0.009764225994,,,,,,
1661.6,,,,,0.009314405894,,,,,,
1661.8,,,,,0.008880933901,,,,,,
1662,,,,,0.008467488387,,,,,,
1662.2,,,,,0.008077749009,,,,,,
1662.4,,,,,0.007714759147,,,,,,
1662.6,,,,,0.007379571948,,,,,,
1662.8,,,,,0.007070827924,,,,,,
1663,,,,,0.006784603203,,,,,,
1663.2,,,,,0.006515352795,,,,,,
1663.4,,,,,0.006256558428,,,,,,
1663.6,,,,,0.00600205201,,,,,,
1663.8,,,,,0.005747068472,,,,,,
1664,,,,,0.005489384305,,,,,,
1664.2,,,,,0.005229239597,,,,,,
1664.4,,,,,0.00496897097,,,,,,
1664.6,,,,,0.004711993193,,,,,,
1664.8,,,,,0.004461993652,,,,,,
1665,,,,,0.004221830307,,,,,,
1665.2,,,,,0.00399319088,,,,,,
1665.4,,,,,0.003776639413,,,,,,
1665.6,,,,,0.003572303772,,,,,,
1665.8,,,,,0.003380226598,,,,,,
1666,,,,,0.003200757813,,,,,,
1666.2,,,,,0.003034519769,,,,,,
1666.4,,,,,0.002882289224,,,,,,
1666.6,,,,,0.002744393317,,,,,,
1666.8,,,,,0.002620331845,,,,,,
1667,,,,,0.002508551478,,,,,,
1667.2,,,,,0.002406693695,,,,,,
1667.4,,,,,0.002311884562,,,,,,
1667.6,,,,,0.002221375781,,,,,,
1667.8,,,,,0.002133189869,,,,,,
1668,,,,,0.002046716023,,,,,,
1668.2,,,,,0.001962796812,,,,,,
1668.4,,,,,0.001883534539,,,,,,
1668.6,,,,,0.001811731876,,,,,,
1668.8,,,,,0.001750177646,,,,,,
1669,,,,,0.001700809876,,,,,,
1669.2,,,,,0.001664190023,,,,,,
1669.4,,,,,0.001639369522,,,,,,
1669.6,,,,,0.00162418226,,,,,,
1669.8,,,,,0.001615778651,,,,,,
1670,,,,,0.001611335029,,,,,,
1670.2,,,,,0.001608675268,,,,,,
1670.4,,,,,0.001606555704,,,,,,
1670.6,,,,,0.001604517802,,,,,,
1670.8,,,,,0.001602448325,,,,,,
1671,,,,,0.001600077844,,,,,,
1671.2,,,,,0.001596584656,,,,,,
1671.4,,,,,0.001590564505,,,,,,
1671.6,,,,,0.00158041727,,,,,,
1671.8,,,,,0.001565047049,,,,,,
1672,,,,,0.001544444308,,,,,,
1672.2,,,,,0.001519952031,,,,,,
1672.4,,,,,0.00149398674,,,,,,
1672.6,,,,,0.001469336374,,,,,,
1672.8,,,,,0.001448114852,,,,,,
1673,,,,,0.001430893944,,,,,,
1673.2,,,,,0.001416275494,,,,,,
1673.4,,,,,0.001401230223,,,,,,
1673.6,,,,,0.001381934978,,,,,,
1673.8,,,,,0.001355068874,,,,,,
1674,,,,,0.001319051704,,,,,,
1674.2,,,,,0.001274927281,,,,,,
1674.4,,,,,0.00122641587,,,,,,
1674.6,,,,,0.001179272241,,,,,,
1674.8,,,,,0.001140030902,,,,,,
1675,,,,,0.001114540011,,,,,,
1675.2,,,,,0.001106574612,,,,,,
1675.4,,,,,0.001117009905,,,,,,
1675.6,,,,,0.001143698286,,,,,,
1675.8,,,,,0.001182030573,,,,,,
1676,,,,,0.001225977381,,,,,,
1676.2,,,,,0.001269395235,,,,,,
1676.4,,,,,0.001307291234,,,,,,
1676.6,,,,,0.00133668483,,,,,,
1676.8,,,,,0.0013569447,,,,,,
1677,,,,,0.001369544073,,,,,,
1677.2,,,,,0.001377386099,,,,,,
1677.4,,,,,0.00138375571,,,,,,
1677.6,,,,,0.001391332477,,,,,,
1677.8,,,,,0.001401465886,,,,,,
1678,,,,,0.001414008544,,,,,,
1678.2,,,,,0.001427530424,,,,,,
1678.4,,,,,0.001440011643,,,,,,
1678.6,,,,,0.001449645903,,,,,,
1678.8,,,,,0.001455544077,,,,,,
1679,,,,,0.001457987534,,,,,,
1679.2,,,,,0.001458299493,,,,,,
1679.4,,,,,0.00145835489,,,,,,
1679.6,,,,,0.001459935517,,,,,,
1679.8,,,,,0.00146413379,,,,,,
1680,,,,,0.001471061887,,,,,,
1680.2,,,,,0.001479930248,,,,,,
1680.4,,,,,0.001489337229,,,,,,
1680.6,,,,,0.001497659178,,,,,,
1680.8,,,,,0.001503353474,,,,,,
1681,,,,,0.001505150953,,,,,,
1681.2,,,,,0.001501989174,,,,,,
1681.4,,,,,0.001492950514,,,,,,
1681.6,,,,,0.001477258707,,,,,,
1681.8,,,,,0.001454507322,,,,,,
1682,,,,,0.001424896171,,,,,,
1682.2,,,,,0.001389538358,,,,,,
1682.4,,,,,0.001350592639,,,,,,
1682.6,,,,,0.001311129916,,,,,,
1682.8,,,,,0.00127464382,,,,,,
1683,,,,,0.001244410759,,,,,,
1683.2,,,,,0.001222875079,,,,,,
1683.4,,,,,0.001211174938,,,,,,
1683.6,,,,,0.001208970156,,,,,,
1683.8,,,,,0.001214585585,,,,,,
1684,,,,,0.001225467855,,,,,,
1684.2,,,,,0.001238646767,,,,,,
1684.4,,,,,0.001251235793,,,,,,
1684.6,,,,,0.001260806292,,,,,,
1684.8,,,,,0.001265682637,,,,,,
1685,,,,,0.001264994583,,,,,,
1685.2,,,,,0.001258683126,,,,,,
1685.4,,,,,0.001247428477,,,,,,
1685.6,,,,,0.001232511684,,,,,,
1685.8,,,,,0.001215593487,,,,,,
1686,,,,,0.001198492036,,,,,,
1686.2,,,,,0.001183004257,,,,,,
1686.4,,,,,0.001170678944,,,,,,
1686.6,,,,,0.001162672633,,,,,,
1686.8,,,,,0.001159656373,,,,,,
1687,,,,,0.001161866958,,,,,,
1687.2,,,,,0.001169088302,,,,,,
1687.4,,,,,0.001180742714,,,,,,
1687.6,,,,,0.001195974383,,,,,,
1687.8,,,,,0.001213736608,,,,,,
1688,,,,,0.001232817348,,,,,,
1688.2,,,,,0.001251903578,,,,,,
1688.4,,,,,0.001269696561,,,,,,
1688.6,,,,,0.0012849893,,,,,,
1688.8,,,,,0.00129674944,,,,,,
1689,,,,,0.001304147538,,,,,,
1689.2,,,,,0.001306601592,,,,,,
1689.4,,,,,0.001303656817,,,,,,
1689.6,,,,,0.001294948734,,,,,,
1689.8,,,,,0.001280233584,,,,,,
1690,,,,,0.001259552383,,,,,,
1690.2,,,,,0.001233435101,,,,,,
1690.4,,,,,0.001203151281,,,,,,
1690.6,,,,,0.001170892978,,,,,,
1690.8,,,,,0.001139686031,,,,,,
1691,,,,,0.001113080461,,,,,,
1691.2,,,,,0.001094634932,,,,,,
1691.4,,,,,0.001087397402,,,,,,
1691.6,,,,,0.001093310072,,,,,,
1691.8,,,,,0.001112862549,,,,,,
1692,,,,,0.001144957255,,,,,,
1692.2,,,,,0.001187002515,,,,,,
1692.4,,,,,0.00123514892,,,,,,
1692.6,,,,,0.001284680614,,,,,,
1692.8,,,,,0.001330536254,,,,,,
1693,,,,,0.001367796457,,,,,,
1693.2,,,,,0.001392209476,,,,,,
1693.4,,,,,0.001400689122,,,,,,
1693.6,,,,,0.001391804928,,,,,,
1693.8,,,,,0.001366051474,,,,,,
1694,,,,,0.001325991113,,,,,,
1694.2,,,,,0.001276153952,,,,,,
1694.4,,,,,0.00122259685,,,,,,
1694.6,,,,,0.001172161827,,,,,,
1694.8,,,,,0.001131531162,,,,,,
1695,,,,,0.001106293784,,,,,,
1695.2,,,,,0.001100023953,,,,,,
1695.4,,,,,0.001113740483,,,,,,
1695.6,,,,,0.001145775223,,,,,,
1695.8,,,,,0.00119210066,,,,,,
1696,,,,,0.001246969961,,,,,,
1696.2,,,,,0.001303815991,,,,,,
1696.4,,,,,0.00135625412,,,,,,
1696.6,,,,,0.0013989032,,,,,,
1696.8,,,,,0.001428005672,,,,,,
1697,,,,,0.001441748401,,,,,,
1697.2,,,,,0.001440326625,,,,,,
1697.4,,,,,0.001425625819,,,,,,
1697.6,,,,,0.001400759121,,,,,,
1697.8,,,,,0.001369518933,,,,,,
1698,,,,,0.001335782834,,,,,,
1698.2,,,,,0.001303026572,,,,,,
1698.4,,,,,0.001274012411,,,,,,
1698.6,,,,,0.001250747811,,,,,,
1698.8,,,,,0.001234477597,,,,,,
1699,,,,,0.001225845779,,,,,,
1699.2,,,,,0.001225055079,,,,,,
1699.4,,,,,0.001231945332,,,,,,
1699.6,,,,,0.001245955329,,,,,,
1699.8,,,,,0.001266035735,,,,,,
1700,,,,,0.00129064278,,,,,,
1700.2,,,,,0.001317682475,,,,,,
1700.4,,,,,0.001344628744,,,,,,
1700.6,,,,,0.001368746649,,,,,,
1700.8,,,,,0.001387392431,,,,,,
1701,,,,,0.001398267259,,,,,,
1701.2,,,,,0.001399662859,,,,,,
1701.4,,,,,0.001390707785,,,,,,
1701.6,,,,,0.001371453324,,,,,,
1701.8,,,,,0.001342939922,,,,,,
1702,,,,,0.001307187676,,,,,,
1702.2,,,,,0.001267098507,,,,,,
1702.4,,,,,0.0012261602,,,,,,
1702.6,,,,,0.001188042818,,,,,,
1702.8,,,,,0.001156139349,,,,,,
1703,,,,,0.001133004359,,,,,,
1703.2,,,,,0.001119922723,,,,,,
1703.4,,,,,0.001116688114,,,,,,
1703.6,,,,,0.00112169429,,,,,,
1703.8,,,,,0.00113223784,,,,,,
1704,,,,,0.001145083534,,,,,,
1704.2,,,,,0.001157185448,,,,,,
1704.4,,,,,0.001166274329,,,,,,
1704.6,,,,,0.001171295069,,,,,,
1704.8,,,,,0.001172571275,,,,,,
1705,,,,,0.001171682975,,,,,,
1705.2,,,,,0.001170985784,,,,,,
1705.4,,,,,0.001172989677,,,,,,
1705.6,,,,,0.001179733372,,,,,,
1705.8,,,,,0.00119217582,,,,,,
1706,,,,,0.001209857197,,,,,,
1706.2,,,,,0.001230882613,,,,,,
1706.4,,,,,0.001252257392,,,,,,
1706.6,,,,,0.001270435423,,,,,,
1706.8,,,,,0.001282042501,,,,,,
1707,,,,,0.001284619304,,,,,,
1707.2,,,,,0.001277091072,,,,,,
1707.4,,,,,0.001259959757,,,,,,
1707.6,,,,,0.001235148761,,,,,,
1707.8,,,,,0.001205560284,,,,,,
1708,,,,,0.00117440744,,,,,,
1708.2,,,,,0.001144551451,,,,,,
1708.4,,,,,0.001118022191,,,,,,
1708.6,,,,,0.001095683935,,,,,,
1708.8,,,,,0.001077208799,,,,,,
1709,,,,,0.00106130074,,,,,,
1709.2,,,,,0.001046101706,,,,,,
1709.4,,,,,0.001029643584,,,,,,
1709.6,,,,,0.001010288654,,,,,,
1709.8,,,,,0.000987127493,,,,,,
1710,,,,,0.0009600962174,,,,,,
1710.2,,,,,0.0009299377298,,,,,,
1710.4,,,,,0.0008979914215,,,,,,
1710.6,,,,,0.0008658576899,,,,,,
1710.8,,,,,0.0008350131684,,,,,,
1711,,,,,0.0008065033923,,,,,,
1711.2,,,,,0.000780822673,,,,,,
1711.4,,,,,0.0007578639025,,,,,,
1711.6,,,,,0.0007370474421,,,,,,
1711.8,,,,,0.0007175628955,,,,,,
1712,,,,,0.0006986071714,,,,,,
1712.2,,,,,0.0006795938218,,,,,,
1712.4,,,,,0.0006603060336,,,,,,
1712.6,,,,,0.0006409899428,,,,,,
1712.8,,,,,0.0006222965489,,,,,,
1713,,,,,0.0006051590007,,,,,,
1713.2,,,,,0.0005906266997,,,,,,
1713.4,,,,,0.0005795977217,,,,,,
1713.6,,,,,0.0005725531843,,,,,,
1713.8,,,,,0.0005693325117,,,,,,
1714,,,,,0.0005690087275,,,,,,
1714.2,,,,,0.0005698770487,,,,,,
1714.4,,,,,0.0005696130791,,,,,,
1714.6,,,,,0.0005656194655,,,,,,
1714.8,,,,,0.0005554177943,,,,,,
1715,,,,,0.0005370761906,,,,,,
1715.2,,,,,0.0005095794393,,,,,,
1715.4,,,,,0.0004730533383,,,,,,
1715.6,,,,,0.0004288061272,,,,,,
1715.8,,,,,0.0003792092674,,,,,,
1716,,,,,0.0003274558319,,,,,,
1716.2,,,,,0.0002771792059,,,,,,
1716.4,,,,,0.0002320256681,,,,,,
1716.6,,,,,0.0001952310464,,,,,,
1716.8,,,,,0.0001691963835,,,,,,
1717,,,,,0.0001551597193,,,,,,
1717.2,,,,,0.0001530153467,,,,,,
1717.4,,,,,0.00016132302,,,,,,
1717.6,,,,,0.0001775013558,,,,,,
1717.8,,,,,0.0001981983423,,,,,,
1718,,,,,0.0002197941268,,,,,,
1718.2,,,,,0.0002388850967,,,,,,
1718.4,,,,,0.0002527087693,,,,,,
1718.6,,,,,0.0002594465769,,,,,,
1718.8,,,,,0.0002583484065,,,,,,
1719,,,,,0.0002497015742,,,,,,
1719.2,,,,,0.0002346847651,,,,,,
1719.4,,,,,0.0002151378264,,,,,,
1719.6,,,,,0.0001932677965,,,,,,
1719.8,,,,,0.0001713431941,,,,,,
1720,,,,,0.0001514098617,,,,,,
1720.2,,,,,0.0001350351232,,,,,,
1720.4,,,,,0.0001231494031,,,,,,
1720.6,,,,,0.0001160056168,,,,,,
1720.8,,,,,0.000113254238,,,,,,
1721,,,,,0.000114121528,,,,,,
1721.2,,,,,0.0001176408088,,,,,,
1721.4,,,,,0.0001228759965,,,,,,
1721.6,,,,,0.0001290664905,,,,,,
1721.8,,,,,0.0001356739452,,,,,,
1722,,,,,0.0001423472711,,,,,,
1722.2,,,,,0.0001488082282,,,,,,
1722.4,,,,,0.0001547368314,,,,,,
1722.6,,,,,0.0001596987145,,,,,,
1722.8,,,,,0.0001631346174,,,,,,
1723,,,,,0.0001644164005,,,,,,
1723.2,,,,,0.0001629535415,,,,,,
1723.4,,,,,0.000158317286,,,,,,
1723.6,,,,,0.0001503413026,,,,,,
1723.8,,,,,0.0001391790375,,,,,,
1724,,,,,0.0001253066034,,,,,,
1724.2,,,,,0.0001094608718,,,,,,
1724.4,,,,,9.252585505e-05,,,,,,
1724.6,,,,,7.539171174e-05,,,,,,
1724.8,,,,,5.881229348e-05,,,,,,
1725,,,,,4.329014819e-05,,,,,,
1725.2,,,,,2.902827638e-05,,,,,,
1725.4,,,,,1.59680631e-05,,,,,,
1725.6,,,,,3.902464512e-06,,,,,,
1725.8,,,,,-7.346362661e-06,,,,,,
1726,,,,,-1.772314247e-05,,,,,,
1726.2,,,,,-2.679361252e-05,,,,,,
1726.4,,,,,-3.368339295e-05,,,,,,
1726.6,,,,,-3.71369207e-05,,,,,,
1726.8,,,,,-3.572670421e-05,,,,,,
1727,,,,,-2.814970696e-05,,,,,,
1727.2,,,,,-1.354922746e-05,,,,,,
1727.4,,,,,8.205375462e-06,,,,,,
1727.6,,,,,3.636575842e-05,,,,,,
1727.8,,,,,6.932783951e-05,,,,,,
1728,,,,,0.0001048261668,,,,,,
1728.2,,,,,0.0001402531182,,,,,,
1728.4,,,,,0.000173042087,,,,,,
1728.6,,,,,0.0002010267415,,,,,,
1728.8,,,,,0.0002226891136,,,,,,
1729,,,,,0.0002372837167,,,,,,
1729.2,,,,,0.0002448311525,,,,,,
1729.4,,,,,0.0002460033709,,,,,,
1729.6,,,,,0.0002419670892,,,,,,
1729.8,,,,,0.0002342196331,,,,,,
1730,,,,,0.0002244227069,,,,,,
2150,,,,,,0.0005403575921,,,,,
2150.5,,,,,,0.0005032585182,,,,,
2151,,,,,,0.0004539640189,,,,,
2151.5,,,,,,0.0004040977663,,,,,
2152,,,,,,0.00036076875,,,,,
2152.5,,,,,,0.0003256483069,,,,,
2153,,,,,,0.0002968006109,,,,,
2153.5,,,,,,0.0002716256844,,,,,
2154,,,,,,0.0002492028454,,,,,
2154.5,,,,,,0.0002309227838,,,,,
2155,,,,,,0.0002192303823,,,,,
2155.5,,,,,,0.0002153655483,,,,,
2156,,,,,,0.0002178245034,,,,,
2156.5,,,,,,0.0002230171769,,,,,
2157,,,,,,0.0002280218523,,,,,
2157.5,,,,,,0.0002334467266,,,,,
2158,,,,,,0.0002439109624,,,,,
2158.5,,,,,,0.0002652734963,,,,,
2159,,,,,,0.0003004622966,,,,,
2159.5,,,,,,0.000347180841,,,,,
2160,,,,,,0.0003994736352,,,,,
2160.5,,,,,,0.0004519418819,,,,,
2161,,,,,,0.0005030389308,,,,,
2161.5,,,,,,0.0005545820277,,,,,
2162,,,,,,0.0006078711205,,,,,
2162.5,,,,,,0.0006596797914,,,,,
2163,,,,,,0.0007013381382,,,,,
2163.5,,,,,,0.0007215977152,,,,,
2164,,,,,,0.0007113271875,,,,,
2164.5,,,,,,0.00066736147,,,,,
2165,,,,,,0.0005938411173,,,,,
2165.5,,,,,,0.0005008054419,,,,,
2166,,,,,,0.0004007814353,,,,,
2166.5,,,,,,0.000304707399,,,,,
2167,,,,,,0.0002189516531,,,,,
2167.5,,,,,,0.0001450271829,,,,,
2168,,,,,,8.233249896e-05,,,,,
2168.5,,,,,,3.21897575e-05,,,,,
2169,,,,,,1.322395102e-07,,,,,
2169.5,,,,,,-5.70201533e-06,,,,,
2170,,,,,,2.055144029e-05,,,,,
2170.5,,,,,,7.747248213e-05,,,,,
2171,,,,,,0.0001546483042,,,,,
2171.5,,,,,,0.000235656608,,,,,
2172,,,,,,0.0003043087945,,,,,
2172.5,,,,,,0.000350882974,,,,,
2173,,,,,,0.0003752299393,,,,,
2173.5,,,,,,0.0003854313647,,,,,
2174,,,,,,0.0003930575672,,,,,
2174.5,,,,,,0.0004076247899,,,,,
2175,,,,,,0.0004328357379,,,,,
2175.5,,,,,,0.0004658762241,,,,,
2176,,,,,,0.0004993719898,,,,,
2176.5,,,,,,0.0005244952474,,,,,
2177,,,,,,0.0005336258567,,,,,
2177.5,,,,,,0.0005218092833,,,,,
2178,,,,,,0.0004873657062,,,,,
2178.5,,,,,,0.0004324729556,,,,,
2179,,,,,,0.0003639519715,,,,,
2179.5,,,,,,0.0002934999598,,,,,
2180,,,,,,0.0002363675889,,,,,
2180.5,,,,,,0.0002083318401,,,,,
2181,,,,,,0.0002219116596,,,,,
2181.5,,,,,,0.0002830891928,,,,,
2182,,,,,,0.0003893862765,,,,,
2182.5,,,,,,0.0005298383032,,,,,
2183,,,,,,0.000687286125,,,,,
2183.5,,,,,,0.0008428662312,,,,,
2184,,,,,,0.0009812318134,,,,,
2184.5,,,,,,0.001094117668,,,,,
2185,,,,,,0.001180724414,,,,,
2185.5,,,,,,0.001245551365,,,,,
2186,,,,,,0.001295707713,,,,,
2186.5,,,,,,0.00133909964,,,,,
2187,,,,,,0.001383260356,,,,,
2187.5,,,,,,0.001434004574,,,,,
2188,,,,,,0.001494098468,,,,,
2188.5,,,,,,0.001563221019,,,,,
2189,,,,,,0.00163978061,,,,,
2189.5,,,,,,0.001723394605,,,,,
2190,,,,,,0.001815705467,,,,,
2190.5,,,,,,0.001918534213,,,,,
2191,,,,,,0.002030926552,,,,,
2191.5,,,,,,0.002147937079,,,,,
2192,,,,,,0.002262670693,,,,,
2192.5,,,,,,0.002370369776,,,,,
2193,,,,,,0.002471636779,,,,,
2193.5,,,,,,0.002572507353,,,,,
2194,,,,,,0.002681261964,,,,,
2194.5,,,,,,0.002803906627,,,,,
2195,,,,,,0.00294073783,,,,,
2195.5,,,,,,0.003085712523,,,,,
2196,,,,,,0.003228750813,,,,,
2196.5,,,,,,0.003359707498,,,,,
2197,,,,,,0.003472205833,,,,,
2197.5,,,,,,0.003565929736,,,,,
2198,,,,,,0.003646847992,,,,,
2198.5,,,,,,0.003725502183,,,,,
2199,,,,,,0.003813732958,,,,,
2199.5,,,,,,0.003920536854,,,,,
2200,,,,,,0.004048359302,,,,,
2200.5,,,,,,0.004191675544,,,,,
2201,,,,,,0.00433864614,,,,,
2201.5,,,,,,0.00447534652,,,,,
2202,,,,,,0.004589270318,,,,,
2202.5,,,,,,0.004669898106,,,,,
2203,,,,,,0.004706165102,,,,,
2203.5,,,,,,0.004683549721,,,,,
2204,,,,,,0.004583957395,,,,,
2204.5,,,,,,0.004389288381,,,,,
2205,,,,,,0.004086544674,,,,,
2205.5,,,,,,0.003671297387,,,,,
2206,,,,,,0.003148028706,,,,,
2206.5,,,,,,0.002528468913,,,,,
2207,,,,,,0.001830154402,,,,,
2207.5,,,,,,0.001076357079,,,,,
2208,,,,,,0.0002966613806,,,,,
2208.5,,,,,,-0.0004733973391,,,,,
2209,,,,,,-0.001194558824,,,,,
2209.5,,,,,,-0.001827483167,,,,,
2210,,,,,,-0.002336513778,,,,,
2210.5,,,,,,-0.002692495454,,,,,
2211,,,,,,-0.002874366817,,,,,
2211.5,,,,,,-0.002869762628,,,,,
2212,,,,,,-0.002674676919,,,,,
2212.5,,,,,,-0.002291804305,,,,,
2213,,,,,,-0.001727287937,,,,,
2213.5,,,,,,-0.0009864564232,,,,,
2214,,,,,,-6.999353544e-05,,,,,
2214.5,,,,,,0.001028104411,,,,,
2215,,,,,,0.00232059796,,,,,
2215.5,,,,,,0.003826212268,,,,,
2216,,,,,,0.005569375616,,,,,
2216.5,,,,,,0.007580906302,,,,,
2217,,,,,,0.00989926844,,,,,
2217.5,,,,,,0.01257118332,,,,,
2218,,,,,,0.0156516469,,,,,
2218.5,,,,,,0.01920412153,,,,,
2219,,,,,,0.02330152274,,,,,
2219.5,,,,,,0.02802799786,,,,,
2220,,,,,,0.03348077885,,,,,
2220.5,,,,,,0.03977134262,,,,,
2221,,,,,,0.04702558046,,,,,
2221.5,,,,,,0.05538309999,,,,,
2222,,,,,,0.06499579684,,,,,
2222.5,,,,,,0.07602565118,,,,,
2223,,,,,,0.08864180075,,,,,
2223.5,,,,,,0.1030173816,,,,,
2224,,,,,,0.1193268067,,,,,
2224.5,,,,,,0.1377433874,,,,,
2225,,,,,,0.1584357072,,,,,
2225.5,,,,,,0.1815602175,,,,,
2226,,,,,,0.2072482348,,,,,
2226.5,,,,,,0.2355879799,,,,,
2227,,,,,,0.2666083801,,,,,
2227.5,,,,,,0.3002617211,,,,,
2228,,,,,,0.3364155088,,,,,
2228.5,,,,,,0.3748501643,,,,,
2229,,,,,,0.4152617598,,,,,
2229.5,,,,,,0.4572681675,,,,,
2230,,,,,,0.500418062,,,,,
2230.5,,,,,,0.5442031366,,,,,
2231,,,,,,0.5880737513,,,,,
2231.5,,,,,,0.6314573453,,,,,
2232,,,,,,0.6737782959,,,,,
2232.5,,,,,,0.7144782016,,,,,
2233,,,,,,0.753036402,,,,,
2233.5,,,,,,0.7889907847,,,,,
2234,,,,,,0.8219580644,,,,,
2234.5,,,,,,0.8516514431,,,,,
2235,,,,,,0.8778931086,,,,,
2235.5,,,,,,0.9006197844,,,,,
2236,,,,,,0.9198806933,,,,,
2236.5,,,,,,0.9358280498,,,,,
2237,,,,,,0.9487006094,,,,,
2237.5,,,,,,0.9588016386,,,,,
2238,,,,,,0.9664740708,,,,,
2238.5,,,,,,0.9720752583,,,,,
2239,,,,,,0.9759608887,,,,,
2239.5,,,,,,0.9784691535,,,,,
2240,,,,,,0.9799109277,,,,,
2240.5,,,,,,0.98056444,,,,,
2241,,,,,,0.9806712688,,,,,
2241.5,,,,,,0.9804345059,,,,,
2242,,,,,,0.9800195639,,,,,
2242.5,,,,,,0.9795572998,,,,,
2243,,,,,,0.9791481558,,,,,
2243.5,,,,,,0.9788659117,,,,,
2244,,,,,,0.9787605079,,,,,
2244.5,,,,,,0.9788603739,,,,,
2245,,,,,,0.9791749544,,,,,
2245.5,,,,,,0.9796977106,,,,,
2246,,,,,,0.9804095107,,,,,
2246.5,,,,,,0.9812824776,,,,,
2247,,,,,,0.9822846443,,,,,
2247.5,,,,,,0.9833854349,,,,,
2248,,,,,,0.9845608309,,,,,
2248.5,,,,,,0.9857961245,,,,,
2249,,,,,,0.9870843313,,,,,
2249.5,,,,,,0.9884203426,,,,,
2250,,,,,,0.9897928586,,,,,
2250.5,,,,,,0.9911776959,,,,,
2251,,,,,,0.9925460103,,,,,
2251.5,,,,,,0.9938628579,,,,,
2252,,,,,,0.9950941354,,,,,
2252.5,,,,,,0.9962140035,,,,,
2253,,,,,,0.9972048538,,,,,
2253.5,,,,,,0.9980550696,,,,,
2254,,,,,,0.9987560043,,,,,
2254.5,,,,,,0.9993012174,,,,,
2255,,,,,,0.9996878372,,,,,
2255.5,,,,,,0.999918067,,,,,
2256,,,,,,0.999998586,,,,,
2256.5,,,,,,0.9999373861,,,,,
2257,,,,,,0.9997397749,,,,,
2257.5,,,,,,0.9994051136,,,,,
2258,,,,,,0.9989313426,,,,,
2258.5,,,,,,0.9983164826,,,,,
2259,,,,,,0.9975648753,,,,,
2259.5,,,,,,0.9966907398,,,,,
2260,,,,,,0.9957177487,,,,,
2260.5,,,,,,0.9946748913,,,,,
2261,,,,,,0.9935908172,,,,,
2261.5,,,,,,0.9924896104,,,,,
2262,,,,,,0.9913899645,,,,,
2262.5,,,,,,0.990307667,,,,,
2263,,,,,,0.9892594997,,,,,
2263.5,,,,,,0.9882661264,,,,,
2264,,,,,,0.9873523234,,,,,
2264.5,,,,,,0.9865442386,,,,,
2265,,,,,,0.9858644863,,,,,
2265.5,,,,,,0.9853264942,,,,,
2266,,,,,,0.9849296986,,,,,
2266.5,,,,,,0.9846568751,,,,,
2267,,,,,,0.9844740419,,,,,
2267.5,,,,,,0.9843322519,,,,,
2268,,,,,,0.9841699224,,,,,
2268.5,,,,,,0.9839145944,,,,,
2269,,,,,,0.9834837539,,,,,
2269.5,,,,,,0.98278464,,,,,
2270,,,,,,0.9817124808,,,,,
2270.5,,,,,,0.9801461636,,,,,
2271,,,,,,0.9779410961,,,,,
2271.5,,,,,,0.9749210045,,,,,
2272,,,,,,0.9708723082,,,,,
2272.5,,,,,,0.9655449024,,,,,
2273,,,,,,0.9586612234,,,,,
2273.5,,,,,,0.9499324172,,,,,
2274,,,,,,0.9390779583,,,,,
2274.5,,,,,,0.9258444211,,,,,
2275,,,,,,0.9100204013,,,,,
2275.5,,,,,,0.8914469075,,,,,
2276,,,,,,0.8700245211,,,,,
2276.5,,,,,,0.8457192526,,,,,
2277,,,,,,0.8185682359,,,,,
2277.5,,,,,,0.7886849499,,,,,
2278,,,,,,0.7562624819,,,,,
2278.5,,,,,,0.7215729854,,,,,
2279,,,,,,0.6849619154,,,,,
2279.5,,,,,,0.6468364847,,,,,
2280,,,,,,0.6076488046,,,,,
2280.5,,,,,,0.5678752011,,,,,
2281,,,,,,0.5279941026,,,,,
2281.5,,,,,,0.4884653074,,,,,
2282,,,,,,0.4497129258,,,,,
2282.5,,,,,,0.4121129848,,,,,
2283,,,,,,0.3759853482,,,,,
2283.5,,,,,,0.3415890774,,,,,
2284,,,,,,0.3091207457,,,,,
2284.5,,,,,,0.278715754,,,,,
2285,,,,,,0.2504525932,,,,,
2285.5,,,,,,0.2243592704,,,,,
2286,,,,,,0.2004204496,,,,,
2286.5,,,,,,0.1785840319,,,,,
2287,,,,,,0.1587668759,,,,,
2287.5,,,,,,0.1408604012,,,,,
2288,,,,,,0.1247371038,,,,,
2288.5,,,,,,0.1102583222,,,,,
2289,,,,,,0.09728249651,,,,,
2289.5,,,,,,0.08567246511,,,,,
2290,,,,,,0.07530045255,,,,,
2290.5,,,,,,0.06605014769,,,,,
2291,,,,,,0.05781616362,,,,,
2291.5,,,,,,0.05050184376,,,,,
2292,,,,,,0.04401669762,,,,,
2292.5,,,,,,0.03827468024,,,,,
2293,,,,,,0.03319405622,,,,,
2293.5,,,,,,0.02869879358,,,,,
2294,,,,,,0.02472060004,,,,,
2294.5,,,,,,0.02120029506,,,,,
2295,,,,,,0.01808750984,,,,,
2295.5,,,,,,0.01533863329,,,,,
2296,,,,,,0.01291395811,,,,,
2296.5,,,,,,0.01077547909,,,,,
2297,,,,,,0.008886413219,,,,,
2297.5,,,,,,0.00721247513,,,,,
2298,,,,,,0.005723912656,,,,,
2298.5,,,,,,0.004397038472,,,,,
2299,,,,,,0.003214238776,,,,,
2299.5,,,,,,0.00216275043,,,,,
2300,,,,,,0.001232922607,,,,,
2300.5,,,,,,0.0004168795069,,,,,
2301,,,,,,-0.0002920203832,,,,,
2301.5,,,,,,-0.0008993222474,,,,,
2302,,,,,,-0.001409753499,,,,,
2302.5,,,,,,-0.001828178153,,,,,
2303,,,,,,-0.002161075154,,,,,
2303.5,,,,,,-0.002417744156,,,,,
2304,,,,,,-0.002610252816,,,,,
2304.5,,,,,,-0.00275157521,,,,,
2305,,,,,,-0.002852301584,,,,,
2305.5,,,,,,-0.002917202468,,,,,
2306,,,,,,-0.002943265655,,,,,
2306.5,,,,,,-0.002920340443,,,,,
2307,,,,,,-0.00283442986,,,,,
2307.5,,,,,,-0.002672514227,,,,,
2308,,,,,,-0.002427145711,,,,,
2308.5,,,,,,-0.002099224676,,,,,
2309,,,,,,-0.001698230331,,,,,
2309.5,,,,,,-0.001240261254,,,,,
2310,,,,,,-0.0007450011899,,,,,
2310.5,,,,,,-0.0002328508864,,,,,
2311,,,,,,0.0002769697175,,,,,
2311.5,,,,,,0.0007671942316,,,,,
2312,,,,,,0.001222511917,,,,,
2312.5,,,,,,0.001629369627,,,,,
2313,,,,,,0.00197610375,,,,,
2313.5,,,,,,0.002253711856,,,,,
2314,,,,,,0.00245721309,,,,,
2314.5,,,,,,0.002587123199,,,,,
2315,,,,,,0.002650280045,,,,,
2315.5,,,,,,0.002659322634,,,,,
2316,,,,,,0.002630595946,,,,,
2316.5,,,,,,0.002580903392,,,,,
2317,,,,,,0.002524022399,,,,,
2317.5,,,,,,0.002468036309,,,,,
2318,,,,,,0.00241431897,,,,,
2318.5,,,,,,0.002358539734,,,,,
2319,,,,,,0.0022934824,,,,,
2319.5,,,,,,0.002212794988,,,,,
2320,,,,,,0.002114315343,,,,,
2320.5,,,,,,0.002001621741,,,,,
2321,,,,,,0.001883128459,,,,,
2321.5,,,,,,0.001769157547,,,,,
2322,,,,,,0.001668371925,,,,,
2322.5,,,,,,0.001585168357,,,,,
2323,,,,,,0.001518987257,,,,,
2323.5,,,,,,0.001465455135,,,,,
2324,,,,,,0.0014184946,,,,,
2324.5,,,,,,0.001372383761,,,,,
2325,,,,,,0.001323110168,,,,,
2325.5,,,,,,0.001268871512,,,,,
2326,,,,,,0.001209921041,,,,,
2326.5,,,,,,0.00114804883,,,,,
2327,,,,,,0.001085905416,,,,,
2327.5,,,,,,0.001026256556,,,,,
2328,,,,,,0.0009712385162,,,,,
2328.5,,,,,,0.0009217864285,,,,,
2329,,,,,,0.0008774994525,,,,,
2329.5,,,,,,0.0008370953984,,,,,
2330,,,,,,0.0007992643255,,,,,
2330.5,,,,,,0.0007634104472,,,,,
2331,,,,,,0.0007297357643,,,,,
2331.5,,,,,,0.0006985702735,,,,,
2332,,,,,,0.0006693767337,,,,,
2332.5,,,,,,0.0006401330213,,,,,
2333,,,,,,0.0006075757131,,,,,
2333.5,,,,,,0.000568255067,,,,,
2334,,,,,,0.0005198849905,,,,,
2334.5,,,,,,0.0004623483717,,,,,
2335,,,,,,0.0003979446052,,,,,
2335.5,,,,,,0.0003308484758,,,,,
2336,,,,,,0.0002660714743,,,,,
2336.5,,,,,,0.0002083548887,,,,,
2337,,,,,,0.0001613607626,,,,,
2337.5,,,,,,0.0001273210952,,,,,
2338,,,,,,0.0001070670883,,,,,
2338.5,,,,,,0.0001002099715,,,,,
2339,,,,,,0.0001052562231,,,,,
2339.5,,,,,,0.0001195949865,,,,,
2340,,,,,,0.0001394930102,,,,,
2340.5,,,,,,0.0001603434409,,,,,
2341,,,,,,0.0001773429207,,,,,
2341.5,,,,,,0.0001865239357,,,,,
2342,,,,,,0.0001857926179,,,,,
2342.5,,,,,,0.0001754891086,,,,,
2343,,,,,,0.0001581548345,,,,,
2343.5,,,,,,0.0001375740727,,,,,
2344,,,,,,0.0001175190515,,,,,
2344.5,,,,,,0.0001007331127,,,,,
2345,,,,,,8.849222599e-05,,,,,
2345.5,,,,,,8.07562268e-05,,,,,
2346,,,,,,7.667397525e-05,,,,,
2346.5,,,,,,7.514378294e-05,,,,,
2347,,,,,,7.521191217e-05,,,,,
2347.5,,,,,,7.622497651e-05,,,,,
2348,,,,,,7.777413076e-05,,,,,
2348.5,,,,,,7.955225442e-05,,,,,
2349,,,,,,8.126622271e-05,,,,,
2349.5,,,,,,8.269174637e-05,,,,,
2350,,,,,,8.384395539e-05,,,,,
2980,,,,,,,0.0006668342666,,,0.0006668342666,
2981,,,,,,,0.0005707643243,,,0.0005707643243,
2982,,,,,,,0.0004653102842,,,0.0004653102842,
2983,,,,,,,0.0003527379059,,,0.0003527379059,
2984,,,,,,,0.000223453009,,,0.000223453009,
2985,,,,,,,6.855676116e-05,,,6.855676116e-05,
2986,,,,,,,-0.0001033420068,,,-0.0001033420068,
2987,,,,,,,-0.0002595617931,,,-0.0002595617931,
2988,,,,,,,-0.000355122663,,,-0.000355122663,
2989,,,,,,,-0.0003559735174,,,-0.0003559735174,
2990,,,,,,,-0.0002570467962,,,-0.0002570467962,
2991,,,,,,,-8.275083744e-05,,,-8.275083744e-05,
2992,,,,,,,0.0001281863071,,,0.0001281863071,
2993,,,,,,,0.0003405956526,,,0.0003405956526,
2994,,,,,,,0.0005315567966,,,0.0005315567966,
2995,,,,,,,0.0006881650316,,,0.0006881650316,
2996,,,,,,,0.0008014166015,,,0.0008014166015,
2997,,,,,,,0.0008634312692,,,0.0008634312692,
2998,,,,,,,0.0008690339761,,,0.0008690339761,
2999,,,,,,,0.0008181219844,,,0.0008181219844,
3000,,,,,,,0.000716397429,,,0.000716397429,
3001,,,,,,,0.0005757781296,,,0.0005757781296,
3002,,,,,,,0.0004159674525,,,0.0004159674525,
3003,,,,,,,0.0002655406601,,,0.0002655406601,
3004,,,,,,,0.0001574191099,,,0.0001574191099,
3005,,,,,,,0.0001171364403,,,0.0001171364403,
3006,,,,,,,0.0001492225936,,,0.0001492225936,
3007,,,,,,,0.0002316862999,,,0.0002316862999,
3008,,,,,,,0.0003246402057,,,0.0003246402057,
3009,,,,,,,0.0003888541657,,,0.0003888541657,
3010,,,,,,,0.0004024294011,,,0.0004024294011,
3011,,,,,,,0.0003657739179,,,0.0003657739179,
3012,,,,,,,0.0002944148101,,,0.0002944148101,
3013,,,,,,,0.0002070789776,,,0.0002070789776,
3014,,,,,,,0.0001169640768,,,0.0001169640768,
3015,,,,,,,2.946304369e-05,,,2.946304369e-05,
3016,,,,,,,-5.462809777e-05,,,-5.462809777e-05,
3017,,,,,,,-0.0001333583285,,,-0.0001333583285,
3018,,,,,,,-0.0001993032973,,,-0.0001993032973,
3019,,,,,,,-0.0002402486254,,,-0.0002402486254,
3020,,,,,,,-0.0002447094356,,,-0.0002447094356,
3021,,,,,,,-0.0002073161201,,,-0.0002073161201,
3022,,,,,,,-0.0001291605992,,,-0.0001291605992,
3023,,,,,,,-1.435540195e-05,,,-1.435540195e-05,
3024,,,,,,,0.0001311006397,,,0.0001311006397,
3025,,,,,,,0.0002955829123,,,0.0002955829123,
3026,,,,,,,0.0004587167451,,,0.0004587167451,
3027,,,,,,,0.0005962178349,,,0.0005962178349,
3028,,,,,,,0.0006919468225,,,0.0006919468225,
3029,,,,,,,0.0007474323421,,,0.0007474323421,
3030,,,,,,,0.0007801159482,,,0.0007801159482,
3031,,,,,,,0.0008117342666,,,0.0008117342666,
3032,,,,,,,0.0008567015198,,,0.0008567015198,
3033,,,,,,,0.0009185739795,,,0.0009185739795,
3034,,,,,,,0.000994061972,,,0.000994061972,
3035,,,,,,,0.001077973946,,,0.001077973946,
3036,,,,,,,0.001163833071,,,0.001163833071,
3037,,,,,,,0.001240534397,,,0.001240534397,
3038,,,,,,,0.001289515928,,,0.001289515928,
3039,,,,,,,0.001286835589,,,0.001286835589,
3040,,,,,,,0.00121129802,,,0.00121129802,
3041,,,,,,,0.001055361927,,,0.001055361927,
3042,,,,,,,0.0008326715515,,,0.0008326715515,
3043,,,,,,,0.0005770277602,,,0.0005770277602,
3044,,,,,,,0.0003325507011,,,0.0003325507011,
3045,,,,,,,0.000140120652,,,0.000140120652,
3046,,,,,,,2.668424203e-05,,,2.668424203e-05,
3047,,,,,,,8.860762023e-07,,,8.860762023e-07,
3048,,,,,,,5.445972861e-05,,,5.445972861e-05,
3049,,,,,,,0.000166711445,,,0.000166711445,
3050,,,,,,,0.0003099503979,,,0.0003099503979,
3051,,,,,,,0.0004550187373,,,0.0004550187373,
3052,,,,,,,0.0005767863731,,,0.0005767863731,
3053,,,,,,,0.0006592047978,,,0.0006592047978,
3054,,,,,,,0.0006986833226,,,0.0006986833226,
3055,,,,,,,0.0007041470617,,,0.0007041470617,
3056,,,,,,,0.0006930688878,,,0.0006930688878,
3057,,,,,,,0.0006846805235,,,0.0006846805235,
3058,,,,,,,0.0006928496326,,,0.0006928496326,
3059,,,,,,,0.000721017843,,,0.000721017843,
3060,,,,,,,0.0007607794076,,,0.0007607794076,
3061,,,,,,,0.0007949541525,,,0.0007949541525,
3062,,,,,,,0.0008048059311,,,0.0008048059311,
3063,,,,,,,0.0007787589725,,,0.0007787589725,
3064,,,,,,,0.000718044037,,,0.000718044037,
3065,,,,,,,0.0006357993148,,,0.0006357993148,
3066,,,,,,,0.0005506307207,,,0.0005506307207,
3067,,,,,,,0.0004796483017,,,0.0004796483017,
3068,,,,,,,0.0004355697846,,,0.0004355697846,
3069,,,,,,,0.0004277802183,,,0.0004277802183,
3070,,,,,,,0.0004631650125,,,0.0004631650125,
3071,,,,,,,0.0005434577682,,,0.0005434577682,
3072,,,,,,,0.0006606598439,,,0.0006606598439,
3073,,,,,,,0.0007953610092,,,0.0007953610092,
3074,,,,,,,0.0009208464847,,,0.0009208464847,
3075,,,,,,,0.001011040779,,,0.001011040779,
3076,,,,,,,0.001047801801,,,0.001047801801,
3077,,,,,,,0.001024914669,,,0.001024914669,
3078,,,,,,,0.0009493367063,,,0.0009493367063,
3079,,,,,,,0.0008407993171,,,0.0008407993171,
3080,,,,,,,0.0007288908621,,,0.0007288908621,
3081,,,,,,,0.0006459210913,,,0.0006459210913,
3082,,,,,,,0.0006164311483,,,0.0006164311483,
3083,,,,,,,0.0006478363522,,,0.0006478363522,
3084,,,,,,,0.000727319868,,,0.000727319868,
3085,,,,,,,0.0008266919885,,,0.0008266919885,
3086,,,,,,,0.0009127282336,,,0.0009127282336,
3087,,,,,,,0.000958387682,,,0.000958387682,
3088,,,,,,,0.0009509037362,,,0.0009509037362,
3089,,,,,,,0.0008944096599,,,0.0008944096599,
3090,,,,,,,0.0008065945126,,,0.0008065945126,
3091,,,,,,,0.0007109125533,,,0.0007109125533,
3092,,,,,,,0.0006277789702,,,0.0006277789702,
3093,,,,,,,0.0005687718152,,,0.0005687718152,
3094,,,,,,,0.0005361815595,,,0.0005361815595,
3095,,,,,,,0.0005270231696,,,0.0005270231696,
3096,,,,,,,0.0005379750773,,,0.0005379750773,
3097,,,,,,,0.0005677153782,,,0.0005677153782,
3098,,,,,,,0.0006156146341,,,0.0006156146341,
3099,,,,,,,0.0006786734518,,,0.0006786734518,
3100,,,,,,,0.0007497432795,,,0.0007497432795,
3101,,,,,,,0.0008188675625,,,0.0008188675625,
3102,,,,,,,0.0008772016313,,,0.0008772016313,
3103,,,,,,,0.0009210872652,,,0.0009210872652,
3104,,,,,,,0.0009536880354,,,0.0009536880354,
3105,,,,,,,0.0009831076754,,,0.0009831076754,
3106,,,,,,,0.001018064468,,,0.001018064468,
3107,,,,,,,0.001063401806,,,0.001063401806,
3108,,,,,,,0.001117330831,,,0.001117330831,
3109,,,,,,,0.00117112882,,,0.00117112882,
3110,,,,,,,0.001211418489,,,0.001211418489,
3111,,,,,,,0.001224823845,,,0.001224823845,
3112,,,,,,,0.001203943114,,,0.001203943114,
3113,,,,,,,0.001151990305,,,0.001151990305,
3114,,,,,,,0.001082728978,,,0.001082728978,
3115,,,,,,,0.001014227013,,,0.001014227013,
3116,,,,,,,0.0009591876663,,,0.0009591876663,
3117,,,,,,,0.0009180855446,,,0.0009180855446,
3118,,,,,,,0.0008804057645,,,0.0008804057645,
3119,,,,,,,0.0008334788941,,,0.0008334788941,
3120,,,,,,,0.0007721250499,,,0.0007721250499,
3121,,,,,,,0.000701522521,,,0.000701522521,
3122,,,,,,,0.000631765854,,,0.000631765854,
3123,,,,,,,0.0005698919783,,,0.0005698919783,
3124,,,,,,,0.0005167904891,,,0.0005167904891,
3125,,,,,,,0.000470933884,,,0.000470933884,
3126,,,,,,,0.0004341159358,,,0.0004341159358,
3127,,,,,,,0.0004128966834,,,0.0004128966834,
3128,,,,,,,0.0004141750728,,,0.0004141750728,
3129,,,,,,,0.0004392414236,,,0.0004392414236,
3130,,,,,,,0.0004821236445,,,0.0004821236445,
3131,,,,,,,0.0005339583024,,,0.0005339583024,
3132,,,,,,,0.0005895575464,,,0.0005895575464,
3133,,,,,,,0.0006503854234,,,0.0006503854234,
3134,,,,,,,0.0007212678825,,,0.0007212678825,
3135,,,,,,,0.0008032931479,,,0.0008032931479,
3136,,,,,,,0.0008881776205,,,0.0008881776205,
3137,,,,,,,0.0009581248066,,,0.0009581248066,
3138,,,,,,,0.0009916131094,,,0.0009916131094,
3139,,,,,,,0.0009724697663,,,0.0009724697663,
3140,,,,,,,0.0008982923537,,,0.0008982923537,
3141,,,,,,,0.0007844439572,,,0.0007844439572,
3142,,,,,,,0.0006609225553,,,0.0006609225553,
3143,,,,,,,0.0005619084813,,,0.0005619084813,
3144,,,,,,,0.0005116569259,,,0.0005116569259,
3145,,,,,,,0.0005136196562,,,0.0005136196562,
3146,,,,,,,0.000549186944,,,0.000549186944,
3147,,,,,,,0.0005873464021,,,0.0005873464021,
3148,,,,,,,0.0006000264969,,,0.0006000264969,
3149,,,,,,,0.0005748457689,,,0.0005748457689,
3150,,,,,,,0.0005194817254,,,0.0005194817254,
3151,,,,,,,0.0004572517389,,,0.0004572517389,
3152,,,,,,,0.0004174412758,,,0.0004174412758,
3153,,,,,,,0.0004246892447,,,0.0004246892447,
3154,,,,,,,0.0004907828356,,,0.0004907828356,
3155,,,,,,,0.0006111759041,,,0.0006111759041,
3156,,,,,,,0.0007672642361,,,0.0007672642361,
3157,,,,,,,0.0009332703425,,,0.0009332703425,
3158,,,,,,,0.001084408318,,,0.001084408318,
3159,,,,,,,0.001202685746,,,0.001202685746,
3160,,,,,,,0.001278667137,,,0.001278667137,
3161,,,,,,,0.001309960475,,,0.001309960475,
3162,,,,,,,0.001298201951,,,0.001298201951,
3163,,,,,,,0.001245855823,,,0.001245855823,
3164,,,,,,,0.001153662809,,,0.001153662809,
3165,,,,,,,0.001019780755,,,0.001019780755,
3166,,,,,,,0.000841744347,,,0.000841744347,
3167,,,,,,,0.0006212607189,,,0.0006212607189,
3168,,,,,,,0.0003697970163,,,0.0003697970163,
3169,,,,,,,0.0001114272333,,,0.0001114272333,
3170,,,,,,,-0.0001200711217,,,-0.0001200711217,
3171,,,,,,,-0.0002901857531,,,-0.0002901857531,
3172,,,,,,,-0.0003754551493,,,-0.0003754551493,
3173,,,,,,,-0.0003724702919,,,-0.0003724702919,
3174,,,,,,,-0.0002990919072,,,-0.0002990919072,
3175,,,,,,,-0.0001866526889,,,-0.0001866526889,
3176,,,,,,,-6.696081146e-05,,,-6.696081146e-05,
3177,,,,,,,3.895380201e-05,,,3.895380201e-05,
3178,,,,,,,0.0001245768518,,,0.0001245768518,
3179,,,,,,,0.0001933459651,,,0.0001933459651,
3180,,,,,,,0.0002504136201,,,0.0002504136201,
3181,,,,,,,0.0002972218708,,,0.0002972218708,
3182,,,,,,,0.0003322966455,,,0.0003322966455,
3183,,,,,,,0.0003561953172,,,0.0003561953172,
3184,,,,,,,0.000375150031,,,0.000375150031,
3185,,,,,,,0.0003993065934,,,0.0003993065934,
3186,,,,,,,0.0004362277475,,,0.0004362277475,
3187,,,,,,,0.000484490647,,,0.000484490647,
3188,,,,,,,0.0005325202771,,,0.0005325202771,
3189,,,,,,,0.0005642402779,,,0.0005642402779,
3190,,,,,,,0.0005684762093,,,0.0005684762093,
3191,,,,,,,0.0005465305012,,,0.0005465305012,
3192,,,,,,,0.0005134191216,,,0.0005134191216,
3193,,,,,,,0.0004919752678,,,0.0004919752678,
3194,,,,,,,0.0005029422027,,,0.0005029422027,
3195,,,,,,,0.0005559948793,,,0.0005559948793,
3196,,,,,,,0.0006455840368,,,0.0006455840368,
3197,,,,,,,0.0007526430563,,,0.0007526430563,
3198,,,,,,,0.0008505167605,,,0.0008505167605,
3199,,,,,,,0.0009123647138,,,0.0009123647138,
3200,,,,,,,0.0009177992379,,,0.0009177992379,
3201,,,,,,,0.0008576200364,,,0.0008576200364,
3202,,,,,,,0.0007362871962,,,0.0007362871962,
3203,,,,,,,0.0005711876611,,,0.0005711876611,
3204,,,,,,,0.0003887272609,,,0.0003887272609,
3205,,,,,,,0.0002176194948,,,0.0002176194948,
3206,,,,,,,8.153135598e-05,,,8.153135598e-05,
3207,,,,,,,-6.022291211e-06,,,-6.022291211e-06,
3208,,,,,,,-4.245366834e-05,,,-4.245366834e-05,
3209,,,,,,,-3.266136387e-05,,,-3.266136387e-05,
3210,,,,,,,1.63091144e-05,,,1.63091144e-05,
3211,,,,,,,9.935577349e-05,,,9.935577349e-05,
3212,,,,,,,0.0002140750672,,,0.0002140750672,
3213,,,,,,,0.0003583329407,,,0.0003583329407,
3214,,,,,,,0.0005267241262,,,0.0005267241262,
3215,,,,,,,0.0007083724944,,,0.0007083724944,
3216,,,,,,,0.0008873698791,,,0.0008873698791,
3217,,,,,,,0.001045589807,,,0.001045589807,
3218,,,,,,,0.001166740371,,,0.001166740371,
3219,,,,,,,0.001240440584,,,0.001240440584,
3220,,,,,,,0.001265240938,,,0.001265240938,
3221,,,,,,,0.001249601346,,,0.001249601346,
3222,,,,,,,0.001210219994,,,0.001210219994,
3223,,,,,,,0.001167994576,,,0.001167994576,
3224,,,,,,,0.001142854903,,,0.001142854903,
3225,,,,,,,0.001149064659,,,0.001149064659,
3226,,,,,,,0.001192226981,,,0.001192226981,
3227,,,,,,,0.001268611806,,,0.001268611806,
3228,,,,,,,0.001366928586,,,0.001366928586,
3229,,,,,,,0.001472169027,,,0.001472169027,
3230,,,,,,,0.001570432439,,,0.001570432439,
3231,,,,,,,0.001653030482,,,0.001653030482,
3232,,,,,,,0.001718301196,,,0.001718301196,
3233,,,,,,,0.001770616041,,,0.001770616041,
3234,,,,,,,0.001817357952,,,0.001817357952,
3235,,,,,,,0.00186531089,,,0.00186531089,
3236,,,,,,,0.001917750831,,,0.001917750831,
3237,,,,,,,0.001973063498,,,0.001973063498,
3238,,,,,,,0.002025310748,,,0.002025310748,
3239,,,,,,,0.002066648732,,,0.002066648732,
3240,,,,,,,0.002090667856,,,0.002090667856,
3241,,,,,,,0.002095033252,,,0.002095033252,
3242,,,,,,,0.002082095998,,,0.002082095998,
3243,,,,,,,0.002057571222,,,0.002057571222,
3244,,,,,,,0.002028845792,,,0.002028845792,
3245,,,,,,,0.002004524554,,,0.002004524554,
3246,,,,,,,0.001995199203,,,0.001995199203,
3247,,,,,,,0.002013612266,,,0.002013612266,
3248,,,,,,,0.002072274983,,,0.002072274983,
3249,,,,,,,0.002178558098,,,0.002178558098,
3250,,,,,,,0.002329606225,,,0.002329606225,
3251,,,,,,,0.002510236032,,,0.002510236032,
3252,,,,,,,0.002695509926,,,0.002695509926,
3253,,,,,,,0.00285727195,,,0.00285727195,
3254,,,,,,,0.002972150702,,,0.002972150702,
3255,,,,,,,0.003028153141,,,0.003028153141,
3256,,,,,,,0.003027716729,,,0.003027716729,
3257,,,,,,,0.0029863457,,,0.0029863457,
3258,,,,,,,0.00292733332,,,0.00292733332,
3259,,,,,,,0.002874329515,,,0.002874329515,
3260,,,,,,,0.002844296945,,,0.002844296945,
3261,,,,,,,0.002843279317,,,0.002843279317,
3262,,,,,,,0.002866273042,,,0.002866273042,
3263,,,,,,,0.002900816678,,,0.002900816678,
3264,,,,,,,0.002932517323,,,0.002932517323,
3265,,,,,,,0.002950269082,,,0.002950269082,
3266,,,,,,,0.002949465842,,,0.002949465842,
3267,,,,,,,0.00293259088,,,0.00293259088,
3268,,,,,,,0.002907520447,,,0.002907520447,
3269,,,,,,,0.002884338786,,,0.002884338786,
3270,,,,,,,0.002871543787,,,0.002871543787,
3271,,,,,,,0.002872566634,,,0.002872566634,
3272,,,,,,,0.002883647987,,,0.002883647987,
3273,,,,,,,0.002894048221,,,0.002894048221,
3274,,,,,,,0.002889010268,,,0.002889010268,
3275,,,,,,,0.002854881366,,,0.002854881366,
3276,,,,,,,0.002784765563,,,0.002784765563,
3277,,,,,,,0.002682552851,,,0.002682552851,
3278,,,,,,,0.00256349288,,,0.00256349288,
3279,,,,,,,0.002450655854,,,0.002450655854,
3280,,,,,,,0.002368258801,,,0.002368258801,
3281,,,,,,,0.002334212588,,,0.002334212588,
3282,,,,,,,0.002354653573,,,0.002354653573,
3283,,,,,,,0.002422429108,,,0.002422429108,
3284,,,,,,,0.002519922677,,,0.002519922677,
3285,,,,,,,0.002625002329,,,0.002625002329,
3286,,,,,,,0.002717820689,,,0.002717820689,
3287,,,,,,,0.002785962219,,,0.002785962219,
3288,,,,,,,0.002826121532,,,0.002826121532,
3289,,,,,,,0.002841846842,,,0.002841846842,
3290,,,,,,,0.002838683564,,,0.002838683564,
3291,,,,,,,0.002819383589,,,0.002819383589,
3292,,,,,,,0.00278183857,,,0.00278183857,
3293,,,,,,,0.002720809453,,,0.002720809453,
3294,,,,,,,0.002632223054,,,0.002632223054,
3295,,,,,,,0.002517284649,,,0.002517284649,
3296,,,,,,,0.002383923567,,,0.002383923567,
3297,,,,,,,0.002244878742,,,0.002244878742,
3298,,,,,,,0.002113740303,,,0.002113740303,
3299,,,,,,,0.00200120851,,,0.00200120851,
3300,,,,,,,0.001913314536,,,0.001913314536,
3301,,,,,,,0.001851969206,,,0.001851969206,
3302,,,,,,,0.001816872999,,,0.001816872999,
3303,,,,,,,0.001807239075,,,0.001807239075,
3304,,,,,,,0.001822173889,,,0.001822173889,
3305,,,,,,,0.0018595672,,,0.0018595672,
3306,,,,,,,0.001914439984,,,0.001914439984,
3307,,,,,,,0.001978217172,,,0.001978217172,
3308,,,,,,,0.002040063282,,,0.002040063282,
3309,,,,,,,0.002090170495,,,0.002090170495,
3310,,,,,,,0.002123760574,,,0.002123760574,
3311,,,,,,,0.002143709263,,,0.002143709263,
3312,,,,,,,0.002160048677,,,0.002160048677,
3313,,,,,,,0.002185900778,,,0.002185900778,
3314,,,,,,,0.002231155528,,,0.002231155528,
3315,,,,,,,0.002296594608,,,0.002296594608,
3316,,,,,,,0.002371425989,,,0.002371425989,
3317,,,,,,,0.002436009554,,,0.002436009554,
3318,,,,,,,0.002469252874,,,0.002469252874,
3319,,,,,,,0.002457744737,,,0.002457744737,
3320,,,,,,,0.002402471219,,,0.002402471219,
3321,,,,,,,0.002319773683,,,0.002319773683,
3322,,,,,,,0.002235799533,,,0.002235799533,
3323,,,,,,,0.002176723515,,,0.002176723515,
3324,,,,,,,0.002158888913,,,0.002158888913,
3325,,,,,,,0.002182903515,,,0.002182903515,
3326,,,,,,,0.002233926005,,,0.002233926005,
3327,,,,,,,0.002287771336,,,0.002287771336,
3328,,,,,,,0.002320354515,,,0.002320354515,
3329,,,,,,,0.002316691269,,,0.002316691269,
3330,,,,,,,0.002275935777,,,0.002275935777,
3331,,,,,,,0.002210611756,,,0.002210611756,
3332,,,,,,,0.002140775,,,0.002140775,
3333,,,,,,,0.002086128701,,,0.002086128701,
3334,,,,,,,0.002059807959,,,0.002059807959,
3335,,,,,,,0.002066186732,,,0.002066186732,
3336,,,,,,,0.002102504081,,,0.002102504081,
3337,,,,,,,0.002162065461,,,0.002162065461,
3338,,,,,,,0.002236562034,,,0.002236562034,
3339,,,,,,,0.002316596055,,,0.002316596055,
3340,,,,,,,0.002391444843,,,0.002391444843,
3341,,,,,,,0.002449999389,,,0.002449999389,
3342,,,,,,,0.002483771273,,,0.002483771273,
3343,,,,,,,0.002491207046,,,0.002491207046,
3344,,,,,,,0.002480888453,,,0.002480888453,
3345,,,,,,,0.002471204911,,,0.002471204911,
3346,,,,,,,0.002485627098,,,0.002485627098,
3347,,,,,,,0.00254500136,,,0.00254500136,
3348,,,,,,,0.002660007314,,,0.002660007314,
3349,,,,,,,0.002827069699,,,0.002827069699,
3350,,,,,,,0.003029469326,,,0.003029469326,
3351,,,,,,,0.00324298987,,,0.00324298987,
3352,,,,,,,0.00344346923,,,0.00344346923,
3353,,,,,,,0.003613096164,,,0.003613096164,
3354,,,,,,,0.003743372906,,,0.003743372906,
3355,,,,,,,0.0038345146,,,0.0038345146,
3356,,,,,,,0.003892587656,,,0.003892587656,
3357,,,,,,,0.003926350199,,,0.003926350199,
3358,,,,,,,0.003945070137,,,0.003945070137,
3359,,,,,,,0.00395760599,,,0.00395760599,
3360,,,,,,,0.003972199599,,,0.003972199599,
3361,,,,,,,0.003996240358,,,0.003996240358,
3362,,,,,,,0.004035618597,,,0.004035618597,
3363,,,,,,,0.00409378822,,,0.00409378822,
3364,,,,,,,0.004170949352,,,0.004170949352,
3365,,,,,,,0.004263767567,,,0.004263767567,
3366,,,,,,,0.004365881235,,,0.004365881235,
3367,,,,,,,0.00446941451,,,0.00446941451,
3368,,,,,,,0.004567086622,,,0.004567086622,
3369,,,,,,,0.004654611082,,,0.004654611082,
3370,,,,,,,0.004732400602,,,0.004732400602,
3371,,,,,,,0.004805739429,,,0.004805739429,
3372,,,,,,,0.004883081989,,,0.004883081989,
3373,,,,,,,0.004972959843,,,0.004972959843,
3374,,,,,,,0.005080678085,,,0.005080678085,
3375,,,,,,,0.005206178262,,,0.005206178262,
3376,,,,,,,0.005344031248,,,0.005344031248,
3377,,,,,,,0.005485655907,,,0.005485655907,
3378,,,,,,,0.005623006156,,,0.005623006156,
3379,,,,,,,0.005752175691,,,0.005752175691,
3380,,,,,,,0.005875424265,,,0.005875424265,
3381,,,,,,,0.006000838869,,,0.006000838869,
3382,,,,,,,0.006139663233,,,0.006139663233,
3383,,,,,,,0.006302312439,,,0.006302312439,
3384,,,,,,,0.00649452121,,,0.00649452121,
3385,,,,,,,0.006714997998,,,0.006714997998,
3386,,,,,,,0.006955476188,,,0.006955476188,
3387,,,,,,,0.007203316198,,,0.007203316198,
3388,,,,,,,0.007445899325,,,0.007445899325,
3389,,,,,,,0.007675468562,,,0.007675468562,
3390,,,,,,,0.007892189548,,,0.007892189548,
3391,,,,,,,0.008104250505,,,0.008104250505,
3392,,,,,,,0.008324732091,,,0.008324732091,
3393,,,,,,,0.008566597081,,,0.008566597081,
3394,,,,,,,0.008838142119,,,0.008838142119,
3395,,,,,,,0.009140944078,,,0.009140944078,
3396,,,,,,,0.009470868654,,,0.009470868654,
3397,,,,,,,0.009820998262,,,0.009820998262,
3398,,,,,,,0.01018445107,,,0.01018445107,
3399,,,,,,,0.01055582083,,,0.01055582083,
3400,,,,,,,0.0109309321,,,0.0109309321,
3401,,,,,,,0.01130630548,,,0.01130630548,
3402,,,,,,,0.01167792428,,,0.01167792428,
3403,,,,,,,0.01204321405,,,0.01204321405,
3404,,,,,,,0.01240309125,,,0.01240309125,
3405,,,,,,,0.01276235191,,,0.01276235191,
3406,,,,,,,0.01312973339,,,0.01312973339,
3407,,,,,,,0.01351640743,,,0.01351640743,
3408,,,,,,,0.01393409096,,,0.01393409096,
3409,,,,,,,0.01439362091,,,0.01439362091,
3410,,,,,,,0.0149032072,,,0.0149032072,
3411,,,,,,,0.01546712543,,,0.01546712543,
3412,,,,,,,0.01608419567,,,0.01608419567,
3413,,,,,,,0.0167465662,,,0.0167465662,
3414,,,,,,,0.0174397065,,,0.0174397065,
3415,,,,,,,0.0181444178,,,0.0181444178,
3416,,,,,,,0.01884084858,,,0.01884084858,
3417,,,,,,,0.01951327664,,,0.01951327664,
3418,,,,,,,0.02015448347,,,0.02015448347,
3419,,,,,,,0.02076708395,,,0.02076708395,
3420,,,,,,,0.02136243378,,,0.02136243378,
3421,,,,,,,0.02195742822,,,0.02195742822,
3422,,,,,,,0.0225705195,,,0.0225705195,
3423,,,,,,,0.02321809634,,,0.02321809634,
3424,,,,,,,0.02391178761,,,0.02391178761,
3425,,,,,,,0.02465687051,,,0.02465687051,
3426,,,,,,,0.02545182594,,,0.02545182594,
3427,,,,,,,0.02629011686,,,0.02629011686,
3428,,,,,,,0.02716224408,,,0.02716224408,
3429,,,,,,,0.02805916778,,,0.02805916778,
3430,,,,,,,0.0289747596,,,0.0289747596,
3431,,,,,,,0.02990634289,,,0.02990634289,
3432,,,,,,,0.03085321864,,,0.03085321864,
3433,,,,,,,0.03181432171,,,0.03181432171,
3434,,,,,,,0.0327865994,,,0.0327865994,
3435,,,,,,,0.03376603169,,,0.03376603169,
3436,,,,,,,0.03475016931,,,0.03475016931,
3437,,,,,,,0.03574123968,,,0.03574123968,
3438,,,,,,,0.03674817654,,,0.03674817654,
3439,,,,,,,0.03778576406,,,0.03778576406,
3440,,,,,,,0.03887100131,,,0.03887100131,
3441,,,,,,,0.04001806549,,,0.04001806549,
3442,,,,,,,0.04123376639,,,0.04123376639,
3443,,,,,,,0.04251568975,,,0.04251568975,
3444,,,,,,,0.04385320534,,,0.04385320534,
3445,,,,,,,0.04523016984,,,0.04523016984,
3446,,,,,,,0.04662942993,,,0.04662942993,
3447,,,,,,,0.04803680452,,,0.04803680452,
3448,,,,,,,0.04944375919,,,0.04944375919,
3449,,,,,,,0.05084838193,,,0.05084838193,
3450,,,,,,,0.05225464788,,,0.05225464788,
3451,,,,,,,0.05367149186,,,0.05367149186,
3452,,,,,,,0.05511113948,,,0.05511113948,
3453,,,,,,,0.05658709989,,,0.05658709989,
3454,,,,,,,0.05811293703,,,0.05811293703,
3455,,,,,,,0.05970065959,,,0.05970065959,
3456,,,,,,,0.06135895066,,,0.06135895066,
3457,,,,,,,0.0630916058,,,0.0630916058,
3458,,,,,,,0.06489630789,,,0.06489630789,
3459,,,,,,,0.06676645727,,,0.06676645727,
3460,,,,,,,0.06869163537,,,0.06869163537,
3461,,,,,,,0.07066008921,,,0.07066008921,
3462,,,,,,,0.07266106758,,,0.07266106758,
3463,,,,,,,0.07468645534,,,0.07468645534,
3464,,,,,,,0.07673158249,,,0.07673158249,
3465,,,,,,,0.0787949343,,,0.0787949343,
3466,,,,,,,0.08087780308,,,0.08087780308,
3467,,,,,,,0.08298362899,,,0.08298362899,
3468,,,,,,,0.08511572129,,,0.08511572129,
3469,,,,,,,0.08727705487,,,0.08727705487,
3470,,,,,,,0.08947027475,,,0.08947027475,
3471,,,,,,,0.09169808299,,,0.09169808299,
3472,,,,,,,0.09396322315,,,0.09396322315,
3473,,,,,,,0.09626726284,,,0.09626726284,
3474,,,,,,,0.0986111983,,,0.0986111983,
3475,,,,,,,0.1009919963,,,0.1009919963,
3476,,,,,,,0.1034038585,,,0.1034038585,
3477,,,,,,,0.1058408262,,,0.1058408262,
3478,,,,,,,0.1083008575,,,0.1083008575,
3479,,,,,,,0.1107895073,,,0.1107895073,
3480,,,,,,,0.1133203808,,,0.1133203808,
3481,,,,,,,0.1159160291,,,0.1159160291,
3482,,,,,,,0.118599733,,,0.118599733,
3483,,,,,,,0.121390508,,,0.121390508,
3484,,,,,,,0.1242981381,,,0.1242981381,
3485,,,,,,,0.1273208796,,,0.1273208796,
3486,,,,,,,0.1304460675,,,0.1304460675,
3487,,,,,,,0.1336528579,,,0.1336528579,
3488,,,,,,,0.1369198303,,,0.1369198303,
3489,,,,,,,0.1402268272,,,0.1402268272,
3490,,,,,,,0.1435607073,,,0.1435607073,
3491,,,,,,,0.1469184753,,,0.1469184753,
3492,,,,,,,0.1503083587,,,0.1503083587,
3493,,,,,,,0.1537479977,,,0.1537479977,
3494,,,,,,,0.1572621581,,,0.1572621581,
3495,,,,,,,0.1608790845,,,0.1608790845,
3496,,,,,,,0.1646231853,,,0.1646231853,
3497,,,,,,,0.1685114519,,,0.1685114519,
3498,,,,,,,0.1725502586,,,0.1725502586,
3499,,,,,,,0.1767340547,,,0.1767340547,
3500,,,,,,,0.1810455718,,,0.1810455718,
3501,,,,,,,0.1854643431,,,0.1854643431,
3502,,,,,,,0.1899685748,,,0.1899685748,
3503,,,,,,,0.1945427476,,,0.1945427476,
3504,,,,,,,0.199182705,,,0.199182705,
3505,,,,,,,0.2038960783,,,0.2038960783,
3506,,,,,,,0.2086989045,,,0.2086989045,
3507,,,,,,,0.2136111776,,,0.2136111776,
3508,,,,,,,0.2186545978,,,0.2186545978,
3509,,,,,,,0.2238464326,,,0.2238464326,
3510,,,,,,,0.2292017161,,,0.2292017161,
3511,,,,,,,0.2347350326,,,0.2347350326,
3512,,,,,,,0.2404612629,,,0.2404612629,
3513,,,,,,,0.2463913766,,,0.2463913766,
3514,,,,,,,0.2525362008,,,0.2525362008,
3515,,,,,,,0.2588944835,,,0.2588944835,
3516,,,,,,,0.2654533266,,,0.2654533266,
3517,,,,,,,0.2721897933,,,0.2721897933,
3518,,,,,,,0.2790758808,,,0.2790758808,
3519,,,,,,,0.2860830455,,,0.2860830455,
3520,,,,,,,0.293194878,,,0.293194878,
3521,,,,,,,0.3004058587,,,0.3004058587,
3522,,,,,,,0.3077219203,,,0.3077219203,
3523,,,,,,,0.3151586997,,,0.3151586997,
3524,,,,,,,0.3227372438,,,0.3227372438,
3525,,,,,,,0.3304773515,,,0.3304773515,
3526,,,,,,,0.3384002649,,,0.3384002649,
3527,,,,,,,0.3465235595,,,0.3465235595,
3528,,,,,,,0.3548591435,,,0.3548591435,
3529,,,,,,,0.3634145178,,,0.3634145178,
3530,,,,,,,0.3721922719,,,0.3721922719,
3531,,,,,,,0.3811866569,,,0.3811866569,
3532,,,,,,,0.3903899718,,,0.3903899718,
3533,,,,,,,0.3997893441,,,0.3997893441,
3534,,,,,,,0.4093667967,,,0.4093667967,
3535,,,,,,,0.4191037317,,,0.4191037317,
3536,,,,,,,0.428983735,,,0.428983735,
3537,,,,,,,0.4389913366,,,0.4389913366,
3538,,,,,,,0.4491232513,,,0.4491232513,
3539,,,,,,,0.4593818172,,,0.4593818172,
3540,,,,,,,0.4697744691,,,0.4697744691,
3541,,,,,,,0.4803135271,,,0.4803135271,
3542,,,,,,,0.4910129197,,,0.4910129197,
3543,,,,,,,0.5018789214,,,0.5018789214,
3544,,,,,,,0.5129215036,,,0.5129215036,
3545,,,,,,,0.5241372597,,,0.5241372597,
3546,,,,,,,0.5355133712,,,0.5355133712,
3547,,,,,,,0.5470298935,,,0.5470298935,
3548,,,,,,,0.5586612231,,,0.5586612231,
3549,,,,,,,0.5703776842,,,0.5703776842,
3550,,,,,,,0.5821603369,,,0.5821603369,
3551,,,,,,,0.5939880679,,,0.5939880679,
3552,,,,,,,0.6058445077,,,0.6058445077,
3553,,,,,,,0.6177175861,,,0.6177175861,
3554,,,,,,,0.6295936318,,,0.6295936318,
3555,,,,,,,0.6414642769,,,0.6414642769,
3556,,,,,,,0.6533222697,,,0.6533222697,
3557,,,,,,,0.6651564246,,,0.6651564246,
3558,,,,,,,0.6769570698,,,0.6769570698,
3559,,,,,,,0.6887174801,,,0.6887174801,
3560,,,,,,,0.700425518,,,0.700425518,
3561,,,,,,,0.7120854221,,,0.7120854221,
3562,,,,,,,0.7236897107,,,0.7236897107,
3563,,,,,,,0.7352255906,,,0.7352255906,
3564,,,,,,,0.7466754459,,,0.7466754459,
3565,,,,,,,0.7580149324,,,0.7580149324,
3566,,,,,,,0.7692265835,,,0.7692265835,
3567,,,,,,,0.7803013162,,,0.7803013162,
3568,,,,,,,0.7912306151,,,0.7912306151,
3569,,,,,,,0.8020089958,,,0.8020089958,
3570,,,,,,,0.8126288792,,,0.8126288792,
3571,,,,,,,0.823071232,,,0.823071232,
3572,,,,,,,0.8333271235,,,0.8333271235,
3573,,,,,,,0.8433729516,,,0.8433729516,
3574,,,,,,,0.8531827522,,,0.8531827522,
3575,,,,,,,0.8627309924,,,0.8627309924,
3576,,,,,,,0.871985975,,,0.871985975,
3577,,,,,,,0.8809323917,,,0.8809323917,
3578,,,,,,,0.8895536034,,,0.8895536034,
3579,,,,,,,0.8978332912,,,0.8978332912,
3580,,,,,,,0.9057582216,,,0.9057582216,
3581,,,,,,,0.9133123128,,,0.9133123128,
3582,,,,,,,0.9204877476,,,0.9204877476,
3583,,,,,,,0.9272843105,,,0.9272843105,
3584,,,,,,,0.9336990703,,,0.9336990703,
3585,,,,,,,0.9397326886,,,0.9397326886,
3586,,,,,,,0.945385441,,,0.945385441,
3587,,,,,,,0.9506586574,,,0.9506586574,
3588,,,,,,,0.9555683344,,,0.9555683344,
3589,,,,,,,0.9601247328,,,0.9601247328,
3590,,,,,,,0.9643428845,,,0.9643428845,
3591,,,,,,,0.968241974,,,0.968241974,
3592,,,,,,,0.9718403874,,,0.9718403874,
3593,,,,,,,0.9751785435,,,0.9751785435,
3594,,,,,,,0.9782861415,,,0.9782861415,
3595,,,,,,,0.9811871085,,,0.9811871085,
3596,,,,,,,0.9838970124,,,0.9838970124,
3597,,,,,,,0.986410193,,,0.986410193,
3598,,,,,,,0.9887305941,,,0.9887305941,
3599,,,,,,,0.9908586495,,,0.9908586495,
3600,,,,,,,0.9927622087,,,0.9927622087,
3601,,,,,,,0.9944111545,,,0.9944111545,
3602,,,,,,,0.9958190298,,,0.9958190298,
3603,,,,,,,0.9970055421,,,0.9970055421,
3604,,,,,,,0.9979723599,,,0.9979723599,
3605,,,,,,,0.9987313482,,,0.9987313482,
3606,,,,,,,0.9992953979,,,0.9992953979,
3607,,,,,,,0.9996728979,,,0.9996728979,
3608,,,,,,,0.999897985,,,0.999897985,
3609,,,,,,,0.9999940781,,,0.9999940781,
3610,,,,,,,0.9999851523,,,0.9999851523,
3611,,,,,,,0.9998913156,,,0.9998913156,
3612,,,,,,,0.9997219255,,,0.9997219255,
3613,,,,,,,0.9995008665,,,0.9995008665,
3614,,,,,,,0.9992348793,,,0.9992348793,
3615,,,,,,,0.9989258263,,,0.9989258263,
3616,,,,,,,0.9985674036,,,0.9985674036,
3617,,,,,,,0.9981494941,,,0.9981494941,
3618,,,,,,,0.9976764115,,,0.9976764115,
3619,,,,,,,0.9971454188,,,0.9971454188,
3620,,,,,,,0.9965584365,,,0.9965584365,
3621,,,,,,,0.9959152516,,,0.9959152516,
3622,,,,,,,0.9952260335,,,0.9952260335,
3623,,,,,,,0.994510981,,,0.994510981,
3624,,,,,,,0.9937855207,,,0.9937855207,
3625,,,,,,,0.9930660652,,,0.9930660652,
3626,,,,,,,0.9923570847,,,0.9923570847,
3627,,,,,,,0.9916756368,,,0.9916756368,
3628,,,,,,,0.9910312944,,,0.9910312944,
3629,,,,,,,0.9904259024,,,0.9904259024,
3630,,,,,,,0.9898584596,,,0.9898584596,
3631,,,,,,,0.9893123603,,,0.9893123603,
3632,,,,,,,0.9887984808,,,0.9887984808,
3633,,,,,,,0.9883152127,,,0.9883152127,
3634,,,,,,,0.9878636924,,,0.9878636924,
3635,,,,,,,0.9874418533,,,0.9874418533,
3636,,,,,,,0.9870466144,,,0.9870466144,
3637,,,,,,,0.986685991,,,0.986685991,
3638,,,,,,,0.9863552861,,,0.9863552861,
3639,,,,,,,0.9860472916,,,0.9860472916,
3640,,,,,,,0.9857424491,,,0.9857424491,
3641,,,,,,,0.9854356508,,,0.9854356508,
3642,,,,,,,0.9851199309,,,0.9851199309,
3643,,,,,,,0.9847856202,,,0.9847856202,
3644,,,,,,,0.9844233089,,,0.9844233089,
3645,,,,,,,0.9840156276,,,0.9840156276,
3646,,,,,,,0.9835709858,,,0.9835709858,
3647,,,,,,,0.98308901,,,0.98308901,
3648,,,,,,,0.9825749106,,,0.9825749106,
3649,,,,,,,0.9820301333,,,0.9820301333,
3650,,,,,,,0.9814681979,,,0.9814681979,
3651,,,,,,,0.9809062327,,,0.9809062327,
3652,,,,,,,0.9803533941,,,0.9803533941,
3653,,,,,,,0.9798152884,,,0.9798152884,
3654,,,,,,,0.979281934,,,0.979281934,
3655,,,,,,,0.9787668038,,,0.9787668038,
3656,,,,,,,0.9782689347,,,0.9782689347,
3657,,,,,,,0.977789217,,,0.977789217,
3658,,,,,,,0.9773220711,,,0.9773220711,
3659,,,,,,,0.9768747389,,,0.9768747389,
3660,,,,,,,0.9764582122,,,0.9764582122,
3661,,,,,,,0.9760770555,,,0.9760770555,
3662,,,,,,,0.9757304539,,,0.9757304539,
3663,,,,,,,0.9754033193,,,0.9754033193,
3664,,,,,,,0.9750952031,,,0.9750952031,
3665,,,,,,,0.9747878393,,,0.9747878393,
3666,,,,,,,0.9744621846,,,0.9744621846,
3667,,,,,,,0.9740907519,,,0.9740907519,
3668,,,,,,,0.9736714689,,,0.9736714689,
3669,,,,,,,0.9732064647,,,0.9732064647,
3670,,,,,,,0.9727041852,,,0.9727041852,
3671,,,,,,,0.9721746787,,,0.9721746787,
3672,,,,,,,0.9716347599,,,0.9716347599,
3673,,,,,,,0.9711133901,,,0.9711133901,
3674,,,,,,,0.9706293418,,,0.9706293418,
3675,,,,,,,0.9701968848,,,0.9701968848,
3676,,,,,,,0.9698121766,,,0.9698121766,
3677,,,,,,,0.9694897271,,,0.9694897271,
3678,,,,,,,0.96922322,,,0.96922322,
3679,,,,,,,0.9690024187,,,0.9690024187,
3680,,,,,,,0.9688030929,,,0.9688030929,
3681,,,,,,,0.9686213679,,,0.9686213679,
3682,,,,,,,0.9684496933,,,0.9684496933,
3683,,,,,,,0.9682805877,,,0.9682805877,
3684,,,,,,,0.9681001721,,,0.9681001721,
3685,,,,,,,0.9679019668,,,0.9679019668,
3686,,,,,,,0.9676832228,,,0.9676832228,
3687,,,,,,,0.9674326828,,,0.9674326828,
3688,,,,,,,0.9671347571,,,0.9671347571,
3689,,,,,,,0.9667734826,,,0.9667734826,
3690,,,,,,,0.9663535502,,,0.9663535502,
3691,,,,,,,0.9658762499,,,0.9658762499,
3692,,,,,,,0.9653504911,,,0.9653504911,
3693,,,,,,,0.9647817822,,,0.9647817822,
3694,,,,,,,0.9642065506,,,0.9642065506,
3695,,,,,,,0.9636494805,,,0.9636494805,
3696,,,,,,,0.9631356858,,,0.9631356858,
3697,,,,,,,0.9626701806,,,0.9626701806,
3698,,,,,,,0.9622759624,,,0.9622759624,
3699,,,,,,,0.9619583649,,,0.9619583649,
3700,,,,,,,0.9617048894,,,0.9617048894,
3701,,,,,,,0.9614804986,,,0.9614804986,
3702,,,,,,,0.9612841147,,,0.9612841147,
3703,,,,,,,0.9611030679,,,0.9611030679,
3704,,,,,,,0.960920342,,,0.960920342,
3705,,,,,,,0.9607193471,,,0.9607193471,
3706,,,,,,,0.9605051348,,,0.9605051348,
3707,,,,,,,0.9602872401,,,0.9602872401,
3708,,,,,,,0.9600752907,,,0.9600752907,
3709,,,,,,,0.9598702421,,,0.9598702421,
3710,,,,,,,0.9596832835,,,0.9596832835,
3711,,,,,,,0.9595241747,,,0.9595241747,
3712,,,,,,,0.9593932849,,,0.9593932849,
3713,,,,,,,0.9592790125,,,0.9592790125,
3714,,,,,,,0.9591763859,,,0.9591763859,
3715,,,,,,,0.9590835545,,,0.9590835545,
3716,,,,,,,0.9589927894,,,0.9589927894,
3717,,,,,,,0.9588907968,,,0.9588907968,
3718,,,,,,,0.9587761982,,,0.9587761982,
3719,,,,,,,0.9586579419,,,0.9586579419,
3720,,,,,,,0.958542894,,,0.958542894,
3721,,,,,,,0.9584340099,,,0.9584340099,
3722,,,,,,,0.9583445053,,,0.9583445053,
3723,,,,,,,0.9582927264,,,0.9582927264,
3724,,,,,,,0.9582864894,,,0.9582864894,
3725,,,,,,,0.9583189881,,,0.9583189881,
3726,,,,,,,0.958385118,,,0.958385118,
3727,,,,,,,0.9584773339,,,0.9584773339,
3728,,,,,,,0.9585773398,,,0.9585773398,
3729,,,,,,,0.9586572124,,,0.9586572124,
3730,,,,,,,0.9587040776,,,0.9587040776,
3731,,,,,,,0.9587126854,,,0.9587126854,
3732,,,,,,,0.958677613,,,0.958677613,
3733,,,,,,,0.9585865603,,,0.9585865603,
3734,,,,,,,0.9584442356,,,0.9584442356,
3735,,,,,,,0.95825438,,,0.95825438,
3736,,,,,,,0.9580169343,,,0.9580169343,
3737,,,,,,,0.9577211333,,,0.9577211333,
3738,,,,,,,0.9573796764,,,0.9573796764,
3739,,,,,,,0.9570031875,,,0.9570031875,
3740,,,,,,,0.9566028877,,,0.9566028877,
3741,,,,,,,0.956176497,,,0.956176497,
3742,,,,,,,0.955747101,,,0.955747101,
3743,,,,,,,0.9553232669,,,0.9553232669,
3744,,,,,,,0.954908737,,,0.954908737,
3745,,,,,,,0.954488748,,,0.954488748,
3746,,,,,,,0.9540758335,,,0.9540758335,
3747,,,,,,,0.9536655839,,,0.9536655839,
3748,,,,,,,0.953251858,,,0.953251858,
3749,,,,,,,0.9528227252,,,0.9528227252,
3750,,,,,,,0.9523891982,,,0.9523891982,
3751,,,,,,,0.9519501769,,,0.9519501769,
3752,,,,,,,0.9514988121,,,0.9514988121,
3753,,,,,,,0.9510291667,,,0.9510291667,
3754,,,,,,,0.9505462863,,,0.9505462863,
3755,,,,,,,0.950044914,,,0.950044914,
3756,,,,,,,0.9495101755,,,0.9495101755,
3757,,,,,,,0.948940072,,,0.948940072,
3758,,,,,,,0.9483358987,,,0.9483358987,
3759,,,,,,,0.9476947853,,,0.9476947853,
3760,,,,,,,0.9470010129,,,0.9470010129,
3761,,,,,,,0.9462633364,,,0.9462633364,
3762,,,,,,,0.9454818485,,,0.9454818485,
3763,,,,,,,0.9446539646,,,0.9446539646,
3764,,,,,,,0.9437646178,,,0.9437646178,
3765,,,,,,,0.942827295,,,0.942827295,
3766,,,,,,,0.9418425325,,,0.9418425325,
3767,,,,,,,0.940809804,,,0.940809804,
3768,,,,,,,0.9397341813,,,0.9397341813,
3769,,,,,,,0.9386404813,,,0.9386404813,
3770,,,,,,,0.9375478519,,,0.9375478519,
3771,,,,,,,0.9364660395,,,0.9364660395,
3772,,,,,,,0.9354162686,,,0.9354162686,
3773,,,,,,,0.9344125686,,,0.9344125686,
3774,,,,,,,0.9334556448,,,0.9334556448,
3775,,,,,,,0.9325216224,,,0.9325216224,
3776,,,,,,,0.9316122673,,,0.9316122673,
3777,,,,,,,0.9307131737,,,0.9307131737,
3778,,,,,,,0.9298084481,,,0.9298084481,
3779,,,,,,,0.9288842053,,,0.9288842053,
3780,,,,,,,0.9279488785,,,0.9279488785,
3781,,,,,,,0.9270034977,,,0.9270034977,
3782,,,,,,,0.9260405182,,,0.9260405182,
3783,,,,,,,0.9250665038,,,0.9250665038,
3784,,,,,,,0.924086368,,,0.924086368,
3785,,,,,,,0.923097744,,,0.923097744,
3786,,,,,,,0.9220797643,,,0.9220797643,
3787,,,,,,,0.9210421236,,,0.9210421236,
3788,,,,,,,0.9199789828,,,0.9199789828,
3789,,,,,,,0.9188820422,,,0.9188820422,
3790,,,,,,,0.9177500586,,,0.9177500586,
3791,,,,,,,0.9165991348,,,0.9165991348,
3792,,,,,,,0.9154407868,,,0.9154407868,
3793,,,,,,,0.9142756638,,,0.9142756638,
3794,,,,,,,0.9131270962,,,0.9131270962,
3795,,,,,,,0.9120088029,,,0.9120088029,
3796,,,,,,,0.9109254188,,,0.9109254188,
3797,,,,,,,0.9098719846,,,0.9098719846,
3798,,,,,,,0.9088616189,,,0.9088616189,
3799,,,,,,,0.9078925895,,,0.9078925895,
3800,,,,,,,0.9069531629,,,0.9069531629,
3801,,,,,,,0.9060485338,,,0.9060485338,
3802,,,,,,,0.9051783816,,,0.9051783816,
3803,,,,,,,0.904334713,,,0.904334713,
3804,,,,,,,0.9035006186,,,0.9035006186,
3805,,,,,,,0.902682981,,,0.902682981,
3806,,,,,,,0.9018726094,,,0.9018726094,
3807,,,,,,,0.9010511615,,,0.9010511615,
3808,,,,,,,0.9002127912,,,0.9002127912,
3809,,,,,,,0.8993560378,,,0.8993560378,
3810,,,,,,,0.8984755349,,,0.8984755349,
3811,,,,,,,0.8975566856,,,0.8975566856,
3812,,,,,,,0.8966170433,,,0.8966170433,
3813,,,,,,,0.8956636777,,,0.8956636777,
3814,,,,,,,0.8946993267,,,0.8946993267,
3815,,,,,,,0.8937429172,,,0.8937429172,
3816,,,,,,,0.8928189902,,,0.8928189902,
3817,,,,,,,0.89194525,,,0.89194525,
3818,,,,,,,0.8911256143,,,0.8911256143,
3819,,,,,,,0.8903858954,,,0.8903858954,
3820,,,,,,,0.8897312673,,,0.8897312673,
3821,,,,,,,0.8891509634,,,0.8891509634,
3822,,,,,,,0.8886450964,,,0.8886450964,
3823,,,,,,,0.8882117674,,,0.8882117674,
3824,,,,,,,0.8878412067,,,0.8878412067,
3825,,,,,,,0.8875175056,,,0.8875175056,
3826,,,,,,,0.8872479793,,,0.8872479793,
3827,,,,,,,0.8870277465,,,0.8870277465,
3828,,,,,,,0.8868395646,,,0.8868395646,
3829,,,,,,,0.8866874441,,,0.8866874441,
3830,,,,,,,0.8865693975,,,0.8865693975,
3831,,,,,,,0.8864749808,,,0.8864749808,
3832,,,,,,,0.8863937069,,,0.8863937069,
3833,,,,,,,0.8863290671,,,0.8863290671,
3834,,,,,,,0.8862741112,,,0.8862741112,
3835,,,,,,,0.8862056084,,,0.8862056084,
3836,,,,,,,0.8861319897,,,0.8861319897,
3837,,,,,,,0.8860488862,,,0.8860488862,
3838,,,,,,,0.885945388,,,0.885945388,
3839,,,,,,,0.8858236871,,,0.8858236871,
3840,,,,,,,0.8856917824,,,0.8856917824,
3841,,,,,,,0.8855491838,,,0.8855491838,
3842,,,,,,,0.8853877975,,,0.8853877975,
3843,,,,,,,0.8852230238,,,0.8852230238,
3844,,,,,,,0.885057644,,,0.885057644,
3845,,,,,,,0.8848813463,,,0.8848813463,
3846,,,,,,,0.8847084495,,,0.8847084495,
3847,,,,,,,0.8845438854,,,0.8845438854,
3848,,,,,,,0.8843816176,,,0.8843816176,
3849,,,,,,,0.8842208152,,,0.8842208152,
3850,,,,,,,0.8840677006,,,0.8840677006,
3851,,,,,,,0.8839175298,,,0.8839175298,
3852,,,,,,,0.8837547724,,,0.8837547724,
3853,,,,,,,0.8835878948,,,0.8835878948,
3854,,,,,,,0.8834089743,,,0.8834089743,
3855,,,,,,,0.883193046,,,0.883193046,
3856,,,,,,,0.882936155,,,0.882936155,
3857,,,,,,,0.882622853,,,0.882622853,
3858,,,,,,,0.8822263168,,,0.8822263168,
3859,,,,,,,0.8817298328,,,0.8817298328,
3860,,,,,,,0.8811267469,,,0.8811267469,
3861,,,,,,,0.8804050755,,,0.8804050755,
3862,,,,,,,0.8795529553,,,0.8795529553,
3863,,,,,,,0.878585956,,,0.878585956,
3864,,,,,,,0.8775127462,,,0.8775127462,
3865,,,,,,,0.8763294056,,,0.8763294056,
3866,,,,,,,0.8750644657,,,0.8750644657,
3867,,,,,,,0.8737312901,,,0.8737312901,
3868,,,,,,,0.8723290316,,,0.8723290316,
3869,,,,,,,0.8708691673,,,0.8708691673,
3870,,,,,,,0.8693571725,,,0.8693571725,
3871,,,,,,,0.8677829633,,,0.8677829633,
3872,,,,,,,0.866136717,,,0.866136717,
3873,,,,,,,0.8644183295,,,0.8644183295,
3874,,,,,,,0.8626159873,,,0.8626159873,
3875,,,,,,,0.8607101849,,,0.8607101849,
3876,,,,,,,0.8587066742,,,0.8587066742,
3877,,,,,,,0.8566003112,,,0.8566003112,
3878,,,,,,,0.8543713519,,,0.8543713519,
3879,,,,,,,0.8520315303,,,0.8520315303,
3880,,,,,,,0.8495787128,,,0.8495787128,
3881,,,,,,,0.8469977968,,,0.8469977968,
3882,,,,,,,0.8442911696,,,0.8442911696,
3883,,,,,,,0.8414571777,,,0.8414571777,
3884,,,,,,,0.8384824591,,,0.8384824591,
3885,,,,,,,0.835363029,,,0.835363029,
3886,,,,,,,0.8321043332,,,0.8321043332,
3887,,,,,,,0.8287031936,,,0.8287031936,
3888,,,,,,,0.8251574853,,,0.8251574853,
3889,,,,,,,0.8214830706,,,0.8214830706,
3890,,,,,,,0.8176846782,,,0.8176846782,
3891,,,,,,,0.8137563332,,,0.8137563332,
3892,,,,,,,0.8097156929,,,0.8097156929,
3893,,,,,,,0.8055661342,,,0.8055661342,
3894,,,,,,,0.8012925898,,,0.8012925898,
3895,,,,,,,0.7969074307,,,0.7969074307,
3896,,,,,,,0.7924072322,,,0.7924072322,
3897,,,,,,,0.7877741487,,,0.7877741487,
3898,,,,,,,0.7830115423,,,0.7830115423,
3899,,,,,,,0.7781196235,,,0.7781196235,
3900,,,,,,,0.7730873423,,,0.7730873423,
3901,,,,,,,0.767918394,,,0.767918394,
3902,,,,,,,0.7626247372,,,0.7626247372,
3903,,,,,,,0.7572077617,,,0.7572077617,
3904,,,,,,,0.7516688808,,,0.7516688808,
3905,,,,,,,0.7460141578,,,0.7460141578,
3906,,,,,,,0.740236961,,,0.740236961,
3907,,,,,,,0.734329909,,,0.734329909,
3908,,,,,,,0.7283003223,,,0.7283003223,
3909,,,,,,,0.7221475609,,,0.7221475609,
3910,,,,,,,0.7158695792,,,0.7158695792,
3911,,,,,,,0.7094844228,,,0.7094844228,
3912,,,,,,,0.7029999767,,,0.7029999767,
3913,,,,,,,0.6964147636,,,0.6964147636,
3914,,,,,,,0.6897480548,,,0.6897480548,
3915,,,,,,,0.6830074321,,,0.6830074321,
3916,,,,,,,0.6761876216,,,0.6761876216,
3917,,,,,,,0.6693084838,,,0.6693084838,
3918,,,,,,,0.6623788334,,,0.6623788334,
3919,,,,,,,0.6553927875,,,0.6553927875,
3920,,,,,,,0.6483694515,,,0.6483694515,
3921,,,,,,,0.6413160591,,,0.6413160591,
3922,,,,,,,0.6342260505,,,0.6342260505,
3923,,,,,,,0.6271135966,,,0.6271135966,
3924,,,,,,,0.619984884,,,0.619984884,
3925,,,,,,,0.6128328927,,,0.6128328927,
3926,,,,,,,0.6056671044,,,0.6056671044,
3927,,,,,,,0.5984909979,,,0.5984909979,
3928,,,,,,,0.5912948542,,,0.5912948542,
3929,,,,,,,0.5840832198,,,0.5840832198,
3930,,,,,,,0.5768592997,,,0.5768592997,
3931,,,,,,,0.5696167079,,,0.5696167079,
3932,,,,,,,0.5623635547,,,0.5623635547,
3933,,,,,,,0.5551093665,,,0.5551093665,
3934,,,,,,,0.5478530214,,,0.5478530214,
3935,,,,,,,0.5406026427,,,0.5406026427,
3936,,,,,,,0.5333655012,,,0.5333655012,
3937,,,,,,,0.5261362608,,,0.5261362608,
3938,,,,,,,0.5189173689,,,0.5189173689,
3939,,,,,,,0.5117136235,,,0.5117136235,
3940,,,,,,,0.5045207597,,,0.5045207597,
3941,,,,,,,0.4973437721,,,0.4973437721,
3942,,,,,,,0.4901913255,,,0.4901913255,
3943,,,,,,,0.4830621379,,,0.4830621379,
3944,,,,,,,0.4759613578,,,0.4759613578,
3945,,,,,,,0.4688964061,,,0.4688964061,
3946,,,,,,,0.4618648371,,,0.4618648371,
3947,,,,,,,0.4548715764,,,0.4548715764,
3948,,,,,,,0.4479256346,,,0.4479256346,
3949,,,,,,,0.4410274327,,,0.4410274327,
3950,,,,,,,0.4341840352,,,0.4341840352,
3951,,,,,,,0.427404063,,,0.427404063,
3952,,,,,,,0.4206850053,,,0.4206850053,
3953,,,,,,,0.4140293451,,,0.4140293451,
3954,,,,,,,0.4074406015,,,0.4074406015,
3955,,,,,,,0.4009130615,,,0.4009130615,
3956,,,,,,,0.3944488452,,,0.3944488452,
3957,,,,,,,0.3880521453,,,0.3880521453,
3958,,,,,,,0.3817183081,,,0.3817183081,
3959,,,,,,,0.3754500613,,,0.3754500613,
3960,,,,,,,0.3692499247,,,0.3692499247,
3961,,,,,,,0.3631111763,,,0.3631111763,
3962,,,,,,,0.3570362818,,,0.3570362818,
3963,,,,,,,0.3510284841,,,0.3510284841,
3964,,,,,,,0.3450836985,,,0.3450836985,
3965,,,,,,,0.3392084576,,,0.3392084576,
3966,,,,,,,0.3334074939,,,0.3334074939,
3967,,,,,,,0.327675709,,,0.327675709,
3968,,,,,,,0.3220175625,,,0.3220175625,
3969,,,,,,,0.3164339304,,,0.3164339304,
3970,,,,,,,0.3109174708,,,0.3109174708,
3971,,,,,,,0.3054744957,,,0.3054744957,
3972,,,,,,,0.3001085073,,,0.3001085073,
3973,,,,,,,0.2948155423,,,0.2948155423,
3974,,,,,,,0.2896035344,,,0.2896035344,
3975,,,,,,,0.2844721574,,,0.2844721574,
3976,,,,,,,0.2794121791,,,0.2794121791,
3977,,,,,,,0.2744229314,,,0.2744229314,
3978,,,,,,,0.2694972775,,,0.2694972775,
3979,,,,,,,0.2646249219,,,0.2646249219,
3980,,,,,,,0.2598067802,,,0.2598067802,
3981,,,,,,,0.2550406597,,,0.2550406597,
3982,,,,,,,0.2503239078,,,0.2503239078,
3983,,,,,,,0.245661969,,,0.245661969,
3984,,,,,,,0.2410551036,,,0.2410551036,
3985,,,,,,,0.2365033392,,,0.2365033392,
3986,,,,,,,0.232012552,,,0.232012552,
3987,,,,,,,0.2275840134,,,0.2275840134,
3988,,,,,,,0.2232212518,,,0.2232212518,
3989,,,,,,,0.2189313748,,,0.2189313748,
3990,,,,,,,0.2147150852,,,0.2147150852,
3991,,,,,,,0.2105748606,,,0.2105748606,
3992,,,,,,,0.2065129017,,,0.2065129017,
3993,,,,,,,0.2025242235,,,0.2025242235,
3994,,,,,,,0.1986086383,,,0.1986086383,
3995,,,,,,,0.1947660898,,,0.1947660898,
3996,,,,,,,0.1909909068,,,0.1909909068,
3997,,,,,,,0.1872848306,,,0.1872848306,
3998,,,,,,,0.1836479483,,,0.1836479483,
3999,,,,,,,0.1800740655,,,0.1800740655,
4000,,,,,,,0.1765605903,,,0.1765605903,
4001,,,,,,,0.1731027299,,,0.1731027299,
4002,,,,,,,0.1696975038,,,0.1696975038,
4003,,,,,,,0.1663476573,,,0.1663476573,
4004,,,,,,,0.163051806,,,0.163051806,
4005,,,,,,,0.1598094169,,,0.1598094169,
4006,,,,,,,0.1566244438,,,0.1566244438,
4007,,,,,,,0.1534967393,,,0.1534967393,
4008,,,,,,,0.1504273684,,,0.1504273684,
4009,,,,,,,0.1474193235,,,0.1474193235,
4010,,,,,,,0.1444714282,,,0.1444714282,
4011,,,,,,,0.1415860289,,,0.1415860289,
4012,,,,,,,0.1387655436,,,0.1387655436,
4013,,,,,,,0.1360070919,,,0.1360070919,
4014,,,,,,,0.1333117148,,,0.1333117148,
4015,,,,,,,0.1306763844,,,0.1306763844,
4016,,,,,,,0.1280930746,,,0.1280930746,
4017,,,,,,,0.1255578391,,,0.1255578391,
4018,,,,,,,0.1230637432,,,0.1230637432,
4019,,,,,,,0.1206040131,,,0.1206040131,
4020,,,,,,,0.1181776429,,,0.1181776429,
4021,,,,,,,0.1157830396,,,0.1157830396,
4022,,,,,,,0.1134215851,,,0.1134215851,
4023,,,,,,,0.1110982345,,,0.1110982345,
4024,,,,,,,0.1088154283,,,0.1088154283,
4025,,,,,,,0.1065781724,,,0.1065781724,
4026,,,,,,,0.1043911075,,,0.1043911075,
4027,,,,,,,0.1022542387,,,0.1022542387,
4028,,,,,,,0.1001707604,,,0.1001707604,
4029,,,,,,,0.09814045296,,,0.09814045296,
4030,,,,,,,0.09615987906,,,0.09615987906,
4031,,,,,,,0.09422823743,,,0.09422823743,
4032,,,,,,,0.09234178458,,,0.09234178458,
4033,,,,,,,0.09049675879,,,0.09049675879,
4034,,,,,,,0.08869237962,,,0.08869237962,
4035,,,,,,,0.08692640804,,,0.08692640804,
4036,,,,,,,0.08519926256,,,0.08519926256,
4037,,,,,,,0.08351289424,,,0.08351289424,
4038,,,,,,,0.08186663526,,,0.08186663526,
4039,,,,,,,0.08026270594,,,0.08026270594,
4040,,,,,,,0.0787013413,,,0.0787013413,
4041,,,,,,,0.07718014055,,,0.07718014055,
4042,,,,,,,0.07569908264,,,0.07569908264,
4043,,,,,,,0.07425576407,,,0.07425576407,
4044,,,,,,,0.07284761353,,,0.07284761353,
4045,,,,,,,0.07147395272,,,0.07147395272,
4046,,,,,,,0.0701319744,,,0.0701319744,
4047,,,,,,,0.06882007527,,,0.06882007527,
4048,,,,,,,0.0675367211,,,0.0675367211,
4049,,,,,,,0.06627752688,,,0.06627752688,
4050,,,,,,,0.06504079235,,,0.06504079235,
4051,,,,,,,0.06382345594,,,0.06382345594,
4052,,,,,,,0.06262188284,,,0.06262188284,
4053,,,,,,,0.06143538942,,,0.06143538942,
4054,,,,,,,0.06026243916,,,0.06026243916,
4055,,,,,,,0.05910273037,,,0.05910273037,
4056,,,,,,,0.05795773046,,,0.05795773046,
4057,,,,,,,0.05682752409,,,0.05682752409,
4058,,,,,,,0.05571440134,,,0.05571440134,
4059,,,,,,,0.05462066461,,,0.05462066461,
4060,,,,,,,0.05354744307,,,0.05354744307,
4061,,,,,,,0.05249839891,,,0.05249839891,
4062,,,,,,,0.05147576694,,,0.05147576694,
4063,,,,,,,0.05048144871,,,0.05048144871,
4064,,,,,,,0.04951806828,,,0.04951806828,
4065,,,,,,,0.04858588042,,,0.04858588042,
4066,,,,,,,0.04768545223,,,0.04768545223,
4067,,,,,,,0.04681668841,,,0.04681668841,
4068,,,,,,,0.04597728996,,,0.04597728996,
4069,,,,,,,0.04516672806,,,0.04516672806,
4070,,,,,,,0.04438290894,,,0.04438290894,
4071,,,,,,,0.04362323682,,,0.04362323682,
4072,,,,,,,0.04288608544,,,0.04288608544,
4073,,,,,,,0.04216818014,,,0.04216818014,
4074,,,,,,,0.04146693579,,,0.04146693579,
4075,,,,,,,0.04077995983,,,0.04077995983,
4076,,,,,,,0.04010359705,,,0.04010359705,
4077,,,,,,,0.03943653398,,,0.03943653398,
4078,,,,,,,0.03877689038,,,0.03877689038,
4079,,,,,,,0.03812319349,,,0.03812319349,
4080,,,,,,,0.03747563108,,,0.03747563108,
4081,,,,,,,0.03683372609,,,0.03683372609,
4082,,,,,,,0.03619833124,,,0.03619833124,
4083,,,,,,,0.03557085566,,,0.03557085566,
4084,,,,,,,0.03495189245,,,0.03495189245,
4085,,,,,,,0.03434378422,,,0.03434378422,
4086,,,,,,,0.03374771197,,,0.03374771197,
4087,,,,,,,0.03316427233,,,0.03316427233,
4088,,,,,,,0.03259401543,,,0.03259401543,
4089,,,,,,,0.03203536889,,,0.03203536889,
4090,,,,,,,0.03148679753,,,0.03148679753,
4091,,,,,,,0.03094614927,,,0.03094614927,
4092,,,,,,,0.03041062449,,,0.03041062449,
4093,,,,,,,0.02987948338,,,0.02987948338,
4094,,,,,,,0.0293523094,,,0.0293523094,
4095,,,,,,,0.02883030143,,,0.02883030143,
4096,,,,,,,0.02831646667,,,0.02831646667,
4097,,,,,,,0.02781338044,,,0.02781338044,
4098,,,,,,,0.02732467489,,,0.02732467489,
4099,,,,,,,0.02685311211,,,0.02685311211,
4100,,,,,,,0.02640022493,,,0.02640022493,
4101,,,,,,,0.02596685012,,,0.02596685012,
4102,,,,,,,0.02555117881,,,0.02555117881,
4103,,,,,,,0.02515070811,,,0.02515070811,
4104,,,,,,,0.02476281362,,,0.02476281362,
4105,,,,,,,0.02438420516,,,0.02438420516,
4106,,,,,,,0.0240129081,,,0.0240129081,
4107,,,,,,,0.02364667009,,,0.02364667009,
4108,,,,,,,0.02328401528,,,0.02328401528,
4109,,,,,,,0.0229245835,,,0.0229245835,
4110,,,,,,,0.0225676064,,,0.0225676064,
4111,,,,,,,0.02221345842,,,0.02221345842,
4112,,,,,,,0.0218622364,,,0.0218622364,
4113,,,,,,,0.0215136678,,,0.0215136678,
4114,,,,,,,0.02116810169,,,0.02116810169,
4115,,,,,,,0.02082511453,,,0.02082511453,
4116,,,,,,,0.02048481426,,,0.02048481426,
4117,,,,,,,0.02014756399,,,0.02014756399,
4118,,,,,,,0.01981345314,,,0.01981345314,
4119,,,,,,,0.01948378625,,,0.01948378625,
4120,,,,,,,0.01915953417,,,0.01915953417,
4121,,,,,,,0.0188420279,,,0.0188420279,
4122,,,,,,,0.01853293704,,,0.01853293704,
4123,,,,,,,0.01823305874,,,0.01823305874,
4124,,,,,,,0.01794382988,,,0.01794382988,
4125,,,,,,,0.01766580118,,,0.01766580118,
4126,,,,,,,0.01739906613,,,0.01739906613,
4127,,,,,,,0.01714369597,,,0.01714369597,
4128,,,,,,,0.01689863072,,,0.01689863072,
4129,,,,,,,0.0166629781,,,0.0166629781,
4130,,,,,,,0.01643520394,,,0.01643520394,
4131,,,,,,,0.01621327906,,,0.01621327906,
4132,,,,,,,0.01599557941,,,0.01599557941,
4133,,,,,,,0.01577994309,,,0.01577994309,
4134,,,,,,,0.01556482959,,,0.01556482959,
4135,,,,,,,0.01534896264,,,0.01534896264,
4136,,,,,,,0.01513113867,,,0.01513113867,
4137,,,,,,,0.01491118997,,,0.01491118997,
4138,,,,,,,0.01468888408,,,0.01468888408,
4139,,,,,,,0.01446468845,,,0.01446468845,
4140,,,,,,,0.01423948648,,,0.01423948648,
4141,,,,,,,0.01401401653,,,0.01401401653,
4142,,,,,,,0.01378978948,,,0.01378978948,
4143,,,,,,,0.01356789938,,,0.01356789938,
4144,,,,,,,0.01334956089,,,0.01334956089,
4145,,,,,,,0.01313593991,,,0.01313593991,
4146,,,,,,,0.01292745594,,,0.01292745594,
4147,,,,,,,0.01272478539,,,0.01272478539,
4148,,,,,,,0.01252780354,,,0.01252780354,
4149,,,,,,,0.01233621168,,,0.01233621168,
4150,,,,,,,0.01214970665,,,0.01214970665,
4151,,,,,,,0.01196749909,,,0.01196749909,
4152,,,,,,,0.01178958771,,,0.01178958771,
4153,,,,,,,0.01161592552,,,0.01161592552,
4154,,,,,,,0.01144705654,,,0.01144705654,
4155,,,,,,,0.01128422239,,,0.01128422239,
4156,,,,,,,0.01112857676,,,0.01112857676,
4157,,,,,,,0.01098197175,,,0.01098197175,
4158,,,,,,,0.01084563801,,,0.01084563801,
4159,,,,,,,0.01072029635,,,0.01072029635,
4160,,,,,,,0.01060595037,,,0.01060595037,
4161,,,,,,,0.0105011015,,,0.0105011015,
4162,,,,,,,0.01040377014,,,0.01040377014,
4163,,,,,,,0.01031083036,,,0.01031083036,
4164,,,,,,,0.01021891213,,,0.01021891213,
4165,,,,,,,0.01012498709,,,0.01012498709,
4166,,,,,,,0.01002633703,,,0.01002633703,
4167,,,,,,,0.00992185606,,,0.00992185606,
4168,,,,,,,0.009811424686,,,0.009811424686,
4169,,,,,,,0.009696388089,,,0.009696388089,
4170,,,,,,,0.00957933474,,,0.00957933474,
4171,,,,,,,0.009463233719,,,0.009463233719,
4172,,,,,,,0.009351667953,,,0.009351667953,
4173,,,,,,,0.009247490605,,,0.009247490605,
4174,,,,,,,0.009152769916,,,0.009152769916,
4175,,,,,,,0.009068332099,,,0.009068332099,
4176,,,,,,,0.00899320939,,,0.00899320939,
4177,,,,,,,0.008925291562,,,0.008925291562,
4178,,,,,,,0.008860860139,,,0.008860860139,
4179,,,,,,,0.008795474066,,,0.008795474066,
4180,,,,,,,0.008724366315,,,0.008724366315,
4181,,,,,,,0.008642813938,,,0.008642813938,
4182,,,,,,,0.008547246381,,,0.008547246381,
4183,,,,,,,0.008435108696,,,0.008435108696,
4184,,,,,,,0.008305719851,,,0.008305719851,
4185,,,,,,,0.008160166568,,,0.008160166568,
4186,,,,,,,0.008001140406,,,0.008001140406,
4187,,,,,,,0.007833045345,,,0.007833045345,
4188,,,,,,,0.00766094614,,,0.00766094614,
4189,,,,,,,0.007490517617,,,0.007490517617,
4190,,,,,,,0.007326981691,,,0.007326981691,
4191,,,,,,,0.007174531344,,,0.007174531344,
4192,,,,,,,0.007036083144,,,0.007036083144,
4193,,,,,,,0.006912485894,,,0.006912485894,
4194,,,,,,,0.006803143077,,,0.006803143077,
4195,,,,,,,0.0067057444,,,0.0067057444,
4196,,,,,,,0.006616985115,,,0.006616985115,
4197,,,,,,,0.006533301959,,,0.006533301959,
4198,,,,,,,0.006451096665,,,0.006451096665,
4199,,,,,,,0.006367835524,,,0.006367835524,
4200,,,,,,,0.006281937976,,,0.006281937976,
4201,,,,,,,0.006193088921,,,0.006193088921,
4202,,,,,,,0.00610164095,,,0.00610164095,
4203,,,,,,,0.006008154521,,,0.006008154521,
4204,,,,,,,0.005913781217,,,0.005913781217,
4205,,,,,,,0.005819320795,,,0.005819320795,
4206,,,,,,,0.005725157383,,,0.005725157383,
4207,,,,,,,0.005631016436,,,0.005631016436,
4208,,,,,,,0.005536152797,,,0.005536152797,
4209,,,,,,,0.005439757206,,,0.005439757206,
4210,,,,,,,0.005340819851,,,0.005340819851,
4211,,,,,,,0.005238924976,,,0.005238924976,
4212,,,,,,,0.005133984332,,,0.005133984332,
4213,,,,,,,0.005026509107,,,0.005026509107,
4214,,,,,,,0.004917591726,,,0.004917591726,
4215,,,,,,,0.004808534821,,,0.004808534821,
4216,,,,,,,0.004701064805,,,0.004701064805,
4217,,,,,,,0.0045967383,,,0.0045967383,
4218,,,,,,,0.004497131758,,,0.004497131758,
4219,,,,,,,0.004403579232,,,0.004403579232,
4220,,,,,,,0.004317083883,,,0.004317083883,
4221,,,,,,,0.004238502205,,,0.004238502205,
4222,,,,,,,0.004168161708,,,0.004168161708,
4223,,,,,,,0.004106266659,,,0.004106266659,
4224,,,,,,,0.004052505276,,,0.004052505276,
4225,,,,,,,0.004006217935,,,0.004006217935,
4226,,,,,,,0.003966418068,,,0.003966418068,
4227,,,,,,,0.003931653546,,,0.003931653546,
4228,,,,,,,0.003900407357,,,0.003900407357,
4229,,,,,,,0.00387087064,,,0.00387087064,
4230,,,,,,,0.003841391464,,,0.003841391464,
4231,,,,,,,0.003810437571,,,0.003810437571,
4232,,,,,,,0.003776743661,,,0.003776743661,
4233,,,,,,,0.003739526962,,,0.003739526962,
4234,,,,,,,0.003698263287,,,0.003698263287,
4235,,,,,,,0.003653038998,,,0.003653038998,
4236,,,,,,,0.003604171849,,,0.003604171849,
4237,,,,,,,0.003552354936,,,0.003552354936,
4238,,,,,,,0.003498484525,,,0.003498484525,
4239,,,,,,,0.003443481532,,,0.003443481532,
4240,,,,,,,0.00338835578,,,0.00338835578,
4241,,,,,,,0.003333836179,,,0.003333836179,
4242,,,,,,,0.003280596812,,,0.003280596812,
4243,,,,,,,0.00322897515,,,0.00322897515,
4244,,,,,,,0.003179114493,,,0.003179114493,
4245,,,,,,,0.003131020242,,,0.003131020242,
4246,,,,,,,0.003084513618,,,0.003084513618,
4247,,,,,,,0.003039506247,,,0.003039506247,
4248,,,,,,,0.002995785017,,,0.002995785017,
4249,,,,,,,0.002953241761,,,0.002953241761,
4250,,,,,,,0.002911653248,,,0.002911653248,
4251,,,,,,,0.002870661726,,,0.002870661726,
4252,,,,,,,0.002829758035,,,0.002829758035,
4253,,,,,,,0.002788101219,,,0.002788101219,
4254,,,,,,,0.002744776481,,,0.002744776481,
4255,,,,,,,0.002698666695,,,0.002698666695,
4256,,,,,,,0.002648834289,,,0.002648834289,
4257,,,,,,,0.002594597987,,,0.002594597987,
4258,,,,,,,0.002535755449,,,0.002535755449,
4259,,,,,,,0.002472782408,,,0.002472782408,
4260,,,,,,,0.002406724152,,,0.002406724152,
4261,,,,,,,0.002339328138,,,0.002339328138,
4262,,,,,,,0.002272648279,,,0.002272648279,
4263,,,,,,,0.00220895401,,,0.00220895401,
4264,,,,,,,0.002150318223,,,0.002150318223,
4265,,,,,,,0.002098322823,,,0.002098322823,
4266,,,,,,,0.002053868095,,,0.002053868095,
4267,,,,,,,0.002016875296,,,0.002016875296,
4268,,,,,,,0.001986424395,,,0.001986424395,
4269,,,,,,,0.001960665885,,,0.001960665885,
4270,,,,,,,0.00193718896,,,0.00193718896,
4271,,,,,,,0.001913254916,,,0.001913254916,
4272,,,,,,,0.001886170338,,,0.001886170338,
4273,,,,,,,0.001853705261,,,0.001853705261,
4274,,,,,,,0.00181427002,,,0.00181427002,
4275,,,,,,,0.001767241438,,,0.001767241438,
4276,,,,,,,0.001712845818,,,0.001712845818,
4277,,,,,,,0.001652173222,,,0.001652173222,
4278,,,,,,,0.001586863193,,,0.001586863193,
4279,,,,,,,0.001518788365,,,0.001518788365,
4280,,,,,,,0.001449749663,,,0.001449749663,
4281,,,,,,,0.001381067144,,,0.001381067144,
4282,,,,,,,0.001313476245,,,0.001313476245,
4283,,,,,,,0.001246913928,,,0.001246913928,
4284,,,,,,,0.001180713426,,,0.001180713426,
4285,,,,,,,0.001113735663,,,0.001113735663,
4286,,,,,,,0.001044724351,,,0.001044724351,
4287,,,,,,,0.0009726864722,,,0.0009726864722,
4288,,,,,,,0.0008971592966,,,0.0008971592966,
4289,,,,,,,0.0008185223806,,,0.0008185223806,
4290,,,,,,,0.000737956106,,,0.000737956106,
4291,,,,,,,0.000657464624,,,0.000657464624,
4292,,,,,,,0.0005795236225,,,0.0005795236225,
4293,,,,,,,0.0005068026581,,,0.0005068026581,
4294,,,,,,,0.0004417682836,,,0.0004417682836,
4295,,,,,,,0.0003863349474,,,0.0003863349474,
4296,,,,,,,0.0003416842396,,,0.0003416842396,
4297,,,,,,,0.0003081015585,,,0.0003081015585,
4298,,,,,,,0.0002851222809,,,0.0002851222809,
4299,,,,,,,0.00027159373,,,0.00027159373,
4300,,,,,,,0.0002659996921,,,0.0002659996921,
4301,,,,,,,0.000266672166,,,0.000266672166,
4302,,,,,,,0.0002720522439,,,0.0002720522439,
4303,,,,,,,0.0002808272154,,,0.0002808272154,
4304,,,,,,,0.0002919555335,,,0.0002919555335,
4305,,,,,,,0.0003046940545,,,0.0003046940545,
4306,,,,,,,0.0003184484586,,,0.0003184484586,
4307,,,,,,,0.000332723861,,,0.000332723861,
4308,,,,,,,0.0003469544575,,,0.0003469544575,
4309,,,,,,,0.000360507109,,,0.000360507109,
4310,,,,,,,0.0003726528258,,,0.0003726528258,
4311,,,,,,,0.0003826659521,,,0.0003826659521,
4312,,,,,,,0.0003899424541,,,0.0003899424541,
4313,,,,,,,0.0003941319197,,,0.0003941319197,
4314,,,,,,,0.0003952742347,,,0.0003952742347,
4315,,,,,,,0.0003938264711,,,0.0003938264711,
4316,,,,,,,0.0003906919615,,,0.0003906919615,
4317,,,,,,,0.0003870744973,,,0.0003870744973,
4318,,,,,,,0.0003843619743,,,0.0003843619743,
4319,,,,,,,0.0003838951127,,,0.0003838951127,
4320,,,,,,,0.0003868016502,,,0.0003868016502,
4321,,,,,,,0.0003938305527,,,0.0003938305527,
4322,,,,,,,0.0004052706797,,,0.0004052706797,
4323,,,,,,,0.0004209537097,,,0.0004209537097,
4324,,,,,,,0.0004402991659,,,0.0004402991659,
4325,,,,,,,0.0004624567175,,,0.0004624567175,
4326,,,,,,,0.00048640896,,,0.00048640896,
4327,,,,,,,0.0005111064555,,,0.0005111064555,
4328,,,,,,,0.0005355275766,,,0.0005355275766,
4329,,,,,,,0.0005586935988,,,0.0005586935988,
4330,,,,,,,0.0005796380205,,,0.0005796380205,
4331,,,,,,,0.0005973236897,,,0.0005973236897,
4332,,,,,,,0.0006105969129,,,0.0006105969129,
4333,,,,,,,0.0006181387911,,,0.0006181387911,
4334,,,,,,,0.0006185354635,,,0.0006185354635,
4335,,,,,,,0.0006103844437,,,0.0006103844437,
4336,,,,,,,0.0005925148837,,,0.0005925148837,
4337,,,,,,,0.0005642246664,,,0.0005642246664,
4338,,,,,,,0.0005255192762,,,0.0005255192762,
4339,,,,,,,0.0004772911701,,,0.0004772911701,
4340,,,,,,,0.000421366791,,,0.000421366791,
4341,,,,,,,0.0003604392681,,,0.0003604392681,
4342,,,,,,,0.0002978172213,,,0.0002978172213,
4343,,,,,,,0.0002371013768,,,0.0002371013768,
4344,,,,,,,0.0001817487116,,,0.0001817487116,
4345,,,,,,,0.0001346812554,,,0.0001346812554,
4346,,,,,,,9.792817105e-05,,,9.792817105e-05,
4347,,,,,,,7.240614191e-05,,,7.240614191e-05,
4348,,,,,,,5.785285255e-05,,,5.785285255e-05,
4349,,,,,,,5.290128852e-05,,,5.290128852e-05,
4350,,,,,,,5.532805975e-05,,,5.532805975e-05,
4351,,,,,,,6.2355109e-05,,,6.2355109e-05,
4352,,,,,,,7.106651031e-05,,,7.106651031e-05,
4353,,,,,,,7.874832819e-05,,,7.874832819e-05,
4354,,,,,,,8.326971134e-05,,,8.326971134e-05,
4355,,,,,,,8.328579418e-05,,,8.328579418e-05,
4356,,,,,,,7.841593347e-05,,,7.841593347e-05,
4357,,,,,,,6.9236164e-05,,,6.9236164e-05,
4358,,,,,,,5.719766433e-05,,,5.719766433e-05,
4359,,,,,,,4.441887742e-05,,,4.441887742e-05,
4360,,,,,,,3.339807913e-05,,,3.339807913e-05,
4361,,,,,,,2.668542609e-05,,,2.668542609e-05,
4362,,,,,,,2.65188464e-05,,,2.65188464e-05,
4363,,,,,,,3.451193787e-05,,,3.451193787e-05,
4364,,,,,,,5.13846992e-05,,,5.13846992e-05,
4365,,,,,,,7.681967608e-05,,,7.681967608e-05,
4366,,,,,,,0.0001094377115,,,0.0001094377115,
4367,,,,,,,0.0001469128356,,,0.0001469128356,
4368,,,,,,,0.0001862252845,,,0.0001862252845,
4369,,,,,,,0.0002239886296,,,0.0002239886296,
4370,,,,,,,0.0002568456022,,,0.0002568456022,
4371,,,,,,,0.0002818240564,,,0.0002818240564,
4372,,,,,,,0.0002966503284,,,0.0002966503284,
4373,,,,,,,0.000299930416,,,0.000299930416,
4374,,,,,,,0.0002912171627,,,0.0002912171627,
4375,,,,,,,0.0002709410209,,,0.0002709410209,
4376,,,,,,,0.0002402422983,,,0.0002402422983,
4377,,,,,,,0.0002007508349,,,0.0002007508349,
4378,,,,,,,0.0001543482916,,,0.0001543482916,
4379,,,,,,,0.0001029774529,,,0.0001029774529,
4380,,,,,,,4.851001883e-05,,,4.851001883e-05,
4381,,,,,,,-7.301322041e-06,,,-7.301322041e-06,
4382,,,,,,,-6.280571581e-05,,,-6.280571581e-05,
4383,,,,,,,-0.0001163969286,,,-0.0001163969286,
4384,,,,,,,-0.0001664531355,,,-0.0001664531355,
4385,,,,,,,-0.0002113086838,,,-0.0002113086838,
4386,,,,,,,-0.0002492909531,,,-0.0002492909531,
4387,,,,,,,-0.0002788052858,,,-0.0002788052858,
4388,,,,,,,-0.0002984982855,,,-0.0002984982855,
4389,,,,,,,-0.0003073942242,,,-0.0003073942242,
4390,,,,,,,-0.0003050649247,,,-0.0003050649247,
4391,,,,,,,-0.0002916775746,,,-0.0002916775746,
4392,,,,,,,-0.0002680188558,,,-0.0002680188558,
4393,,,,,,,-0.0002353777696,,,-0.0002353777696,
4394,,,,,,,-0.0001954045547,,,-0.0001954045547,
4395,,,,,,,-0.0001499005517,,,-0.0001499005517,
4396,,,,,,,-0.0001006404256,,,-0.0001006404256,
4397,,,,,,,-4.921929157e-05,,,-4.921929157e-05,
4398,,,,,,,3.031128894e-06,,,3.031128894e-06,
4399,,,,,,,5.504970598e-05,,,5.504970598e-05,
4400,,,,,,,0.0001060110671,,,0.0001060110671,
4401,,,,,,,0.0001552485765,,,0.0001552485765,
4402,,,,,,,0.0002022046365,,,0.0002022046365,
4403,,,,,,,0.0002463565503,,,0.0002463565503,
4404,,,,,,,0.0002872085178,,,0.0002872085178,
4405,,,,,,,0.0003242773165,,,0.0003242773165,
4406,,,,,,,0.0003571410496,,,0.0003571410496,
4407,,,,,,,0.0003854465694,,,0.0003854465694,
4408,,,,,,,0.0004089597007,,,0.0004089597007,
4409,,,,,,,0.0004275556156,,,0.0004275556156,
4410,,,,,,,0.0004412487008,,,0.0004412487008,
4411,,,,,,,0.0004501629298,,,0.0004501629298,
4412,,,,,,,0.0004545476535,,,0.0004545476535,
4413,,,,,,,0.0004547517697,,,0.0004547517697,
4414,,,,,,,0.0004512324247,,,0.0004512324247,
4415,,,,,,,0.0004445420611,,,0.0004445420611,
4416,,,,,,,0.000435316678,,,0.000435316678,
4417,,,,,,,0.0004242689323,,,0.0004242689323,
4418,,,,,,,0.0004121456738,,,0.0004121456738,
4419,,,,,,,0.0003997203017,,,0.0003997203017,
4420,,,,,,,0.0003877378614,,,0.0003877378614,
4421,,,,,,,0.0003769109329,,,0.0003769109329,
4422,,,,,,,0.0003678791828,,,0.0003678791828,
4423,,,,,,,0.0003612101744,,,0.0003612101744,
4424,,,,,,,0.0003573766954,,,0.0003573766954,
4425,,,,,,,0.0003567427973,,,0.0003567427973,
4426,,,,,,,0.0003595366101,,,0.0003595366101,
4427,,,,,,,0.0003657969831,,,0.0003657969831,
4428,,,,,,,0.00037532912,,,0.00037532912,
4429,,,,,,,0.0003876235315,,,0.0003876235315,
4430,,,,,,,0.0004018303786,,,0.0004018303786,
4431,,,,,,,0.000416714857,,,0.000416714857,
4432,,,,,,,0.0004307253247,,,0.0004307253247,
4433,,,,,,,0.0004420563595,,,0.0004420563595,
4434,,,,,,,0.0004488555863,,,0.0004488555863,
4435,,,,,,,0.0004493988888,,,0.0004493988888,
4436,,,,,,,0.0004423718093,,,0.0004423718093,
4437,,,,,,,0.0004270609052,,,0.0004270609052,
4438,,,,,,,0.0004035591745,,,0.0004035591745,
4439,,,,,,,0.0003728225043,,,0.0003728225043,
4440,,,,,,,0.0003366650981,,,0.0003366650981,
4441,,,,,,,0.0002975985736,,,0.0002975985736,
4442,,,,,,,0.000258602942,,,0.000258602942,
4443,,,,,,,0.0002228087921,,,0.0002228087921,
4444,,,,,,,0.0001931666162,,,0.0001931666162,
4445,,,,,,,0.0001721356546,,,0.0001721356546,
4446,,,,,,,0.0001614253658,,,0.0001614253658,
4447,,,,,,,0.0001618447197,,,0.0001618447197,
4448,,,,,,,0.0001732279707,,,0.0001732279707,
4449,,,,,,,0.0001944991048,,,0.0001944991048,
4450,,,,,,,0.0002237813403,,,0.0002237813403,
4451,,,,,,,0.0002586249531,,,0.0002586249531,
4452,,,,,,,0.0002962163689,,,0.0002962163689,
4453,,,,,,,0.0003336651567,,,0.0003336651567,
4454,,,,,,,0.0003682112782,,,0.0003682112782,
4455,,,,,,,0.0003974694467,,,0.0003974694467,
4456,,,,,,,0.0004195639544,,,0.0004195639544,
4457,,,,,,,0.0004332655264,,,0.0004332655264,
4458,,,,,,,0.0004380199356,,,0.0004380199356,
4459,,,,,,,0.0004339587734,,,0.0004339587734,
4460,,,,,,,0.0004218214837,,,0.0004218214837,
4461,,,,,,,0.0004028609812,,,0.0004028609812,
4462,,,,,,,0.0003786925958,,,0.0003786925958,
4463,,,,,,,0.0003511465576,,,0.0003511465576,
4464,,,,,,,0.0003221021674,,,0.0003221021674,
4465,,,,,,,0.0002933517209,,,0.0002933517209,
4466,,,,,,,0.0002664785905,,,0.0002664785905,
4467,,,,,,,0.0002427789309,,,0.0002427789309,
4468,,,,,,,0.000223213853,,,0.000223213853,
4469,,,,,,,0.0002083956453,,,0.0002083956453,
4470,,,,,,,0.0001986072255,,,0.0001986072255,
4471,,,,,,,0.0001938279433,,,0.0001938279433,
4472,,,,,,,0.0001937953068,,,0.0001937953068,
4473,,,,,,,0.0001980410055,,,0.0001980410055,
4474,,,,,,,0.0002059747606,,,0.0002059747606,
4475,,,,,,,0.000216913575,,,0.000216913575,
4476,,,,,,,0.0002301754102,,,0.0002301754102,
4477,,,,,,,0.0002450913254,,,0.0002450913254,
4478,,,,,,,0.000261092133,,,0.000261092133,
4479,,,,,,,0.0002776935773,,,0.0002776935773,
4480,,,,,,,0.0002945470995,,,0.0002945470995,
4481,,,,,,,0.0003113946387,,,0.0003113946387,
4482,,,,,,,0.0003280697909,,,0.0003280697909,
4483,,,,,,,0.0003444295343,,,0.0003444295343,
4484,,,,,,,0.0003603232504,,,0.0003603232504,
4485,,,,,,,0.0003755276068,,,0.0003755276068,
4486,,,,,,,0.0003897197636,,,0.0003897197636,
4487,,,,,,,0.0004024464284,,,0.0004024464284,
4488,,,,,,,0.0004131324864,,,0.0004131324864,
4489,,,,,,,0.0004211001797,,,0.0004211001797,
4490,,,,,,,0.0004256229633,,,0.0004256229633,
4491,,,,,,,0.0004259893587,,,0.0004259893587,
4492,,,,,,,0.0004215893212,,,0.0004215893212,
4493,,,,,,,0.000411999035,,,0.000411999035,
4494,,,,,,,0.0003970694531,,,0.0003970694531,
4495,,,,,,,0.0003769959862,,,0.0003769959862,
4496,,,,,,,0.0003523641603,,,0.0003523641603,
4497,,,,,,,0.0003241579851,,,0.0003241579851,
4498,,,,,,,0.0002937232004,,,0.0002937232004,
4499,,,,,,,0.0002626914042,,,0.0002626914042,
4500,,,,,,,0.0002328464309,,,0.0002328464309,
9050,,,,,,,,-0.000129994833,,,-0.000129994833
9052,,,,,,,,-7.86553604e-05,,,-7.86553604e-05
9054,,,,,,,,4.7083916e-05,,,4.7083916e-05
9056,,,,,,,,0.0002032546165,,,0.0002032546165
9058,,,,,,,,0.0002821953404,,,0.0002821953404
9060,,,,,,,,0.0002742977356,,,0.0002742977356
9062,,,,,,,,0.000284831402,,,0.000284831402
9064,,,,,,,,0.0003655161318,,,0.0003655161318
9066,,,,,,,,0.0004417311834,,,0.0004417311834
9068,,,,,,,,0.0004503014885,,,0.0004503014885
9070,,,,,,,,0.0004442490508,,,0.0004442490508
9072,,,,,,,,0.0004725534031,,,0.0004725534031
9074,,,,,,,,0.000482622502,,,0.000482622502
9076,,,,,,,,0.0004442444363,,,0.0004442444363
9078,,,,,,,,0.0004367714708,,,0.0004367714708
9080,,,,,,,,0.0005021439164,,,0.0005021439164
9082,,,,,,,,0.0005576643029,,,0.0005576643029
9084,,,,,,,,0.0005250957105,,,0.0005250957105
9086,,,,,,,,0.0004004107189,,,0.0004004107189
9088,,,,,,,,0.0002384623028,,,0.0002384623028
9090,,,,,,,,0.0001347283934,,,0.0001347283934
9092,,,,,,,,0.0001268907264,,,0.0001268907264
9094,,,,,,,,0.0001674229853,,,0.0001674229853
9096,,,,,,,,0.0002195100418,,,0.0002195100418
9098,,,,,,,,0.0002730620642,,,0.0002730620642
9100,,,,,,,,0.0002962783459,,,0.0002962783459
9102,,,,,,,,0.0002489214578,,,0.0002489214578
9104,,,,,,,,0.0001412239677,,,0.0001412239677
9106,,,,,,,,3.293781835e-05,,,3.293781835e-05
9108,,,,,,,,-4.235169268e-05,,,-4.235169268e-05
9110,,,,,,,,-9.471568648e-05,,,-9.471568648e-05
9112,,,,,,,,-0.0001159804161,,,-0.0001159804161
9114,,,,,,,,-6.727373384e-05,,,-6.727373384e-05
9116,,,,,,,,5.801535975e-05,,,5.801535975e-05
9118,,,,,,,,0.0001941206538,,,0.0001941206538
9120,,,,,,,,0.0002507682998,,,0.0002507682998
9122,,,,,,,,0.0002234542636,,,0.0002234542636
9124,,,,,,,,0.0002009320912,,,0.0002009320912
9126,,,,,,,,0.0002109747913,,,0.0002109747913
9128,,,,,,,,0.0001862380167,,,0.0001862380167
9130,,,,,,,,0.0001181463555,,,0.0001181463555
9132,,,,,,,,8.13326863e-05,,,8.13326863e-05
9134,,,,,,,,0.0001032744882,,,0.0001032744882
9136,,,,,,,,0.0001574879836,,,0.0001574879836
9138,,,,,,,,0.000237837784,,,0.000237837784
9140,,,,,,,,0.0003155824269,,,0.0003155824269
9142,,,,,,,,0.0003257003355,,,0.0003257003355
9144,,,,,,,,0.0002594535439,,,0.0002594535439
9146,,,,,,,,0.0001732136833,,,0.0001732136833
9148,,,,,,,,0.0001085117226,,,0.0001085117226
9150,,,,,,,,6.930313849e-05,,,6.930313849e-05
9152,,,,,,,,5.901228932e-05,,,5.901228932e-05
9154,,,,,,,,6.834818783e-05,,,6.834818783e-05
9156,,,,,,,,7.267540429e-05,,,7.267540429e-05
9158,,,,,,,,7.971670832e-05,,,7.971670832e-05
9160,,,,,,,,8.550508232e-05,,,8.550508232e-05
9162,,,,,,,,4.579723906e-05,,,4.579723906e-05
9164,,,,,,,,-2.449035213e-05,,,-2.449035213e-05
9166,,,,,,,,-5.519386595e-05,,,-5.519386595e-05
9168,,,,,,,,-5.01854557e-05,,,-5.01854557e-05
9170,,,,,,,,-6.583640004e-05,,,-6.583640004e-05
9172,,,,,,,,-9.268979994e-05,,,-9.268979994e-05
9174,,,,,,,,-9.311770125e-05,,,-9.311770125e-05
9176,,,,,,,,-7.517539739e-05,,,-7.517539739e-05
9178,,,,,,,,-4.888139951e-05,,,-4.888139951e-05
9180,,,,,,,,-3.11144471e-06,,,-3.11144471e-06
9182,,,,,,,,5.069413248e-05,,,5.069413248e-05
9184,,,,,,,,8.088128189e-05,,,8.088128189e-05
9186,,,,,,,,8.286615247e-05,,,8.286615247e-05
9188,,,,,,,,7.70776544e-05,,,7.70776544e-05
9190,,,,,,,,7.337900287e-05,,,7.337900287e-05
9192,,,,,,,,7.649964057e-05,,,7.649964057e-05
9194,,,,,,,,9.821233075e-05,,,9.821233075e-05
9196,,,,,,,,0.0001157726421,,,0.0001157726421
9198,,,,,,,,7.381190782e-05,,,7.381190782e-05
9200,,,,,,,,-5.349467213e-06,,,-5.349467213e-06
9202,,,,,,,,-1.835023816e-05,,,-1.835023816e-05
9204,,,,,,,,5.634004433e-05,,,5.634004433e-05
9206,,,,,,,,0.000123393773,,,0.000123393773
9208,,,,,,,,0.0001261676422,,,0.0001261676422
9210,,,,,,,,0.0001150768055,,,0.0001150768055
9212,,,,,,,,0.0001262176964,,,0.0001262176964
9214,,,,,,,,0.000101045037,,,0.000101045037
9216,,,,,,,,-3.078693264e-06,,,-3.078693264e-06
9218,,,,,,,,-0.000125255256,,,-0.000125255256
9220,,,,,,,,-0.0002021684909,,,-0.0002021684909
9222,,,,,,,,-0.0002395593623,,,-0.0002395593623
9224,,,,,,,,-0.0002446960575,,,-0.0002446960575
9226,,,,,,,,-0.0002098227674,,,-0.0002098227674
9228,,,,,,,,-0.0001478219462,,,-0.0001478219462
9230,,,,,,,,-8.225433706e-05,,,-8.225433706e-05
9232,,,,,,,,-4.771282051e-05,,,-4.771282051e-05
9234,,,,,,,,-7.411770523e-05,,,-7.411770523e-05
9236,,,,,,,,-0.0001222401684,,,-0.0001222401684
9238,,,,,,,,-0.0001060459433,,,-0.0001060459433
9240,,,,,,,,-4.86958512e-06,,,-4.86958512e-06
9242,,,,,,,,0.0001092537148,,,0.0001092537148
9244,,,,,,,,0.0001465010101,,,0.0001465010101
9246,,,,,,,,7.500492908e-05,,,7.500492908e-05
9248,,,,,,,,-5.469080993e-05,,,-5.469080993e-05
9250,,,,,,,,-0.000157339551,,,-0.000157339551
9252,,,,,,,,-0.0001825706953,,,-0.0001825706953
9254,,,,,,,,-0.0001411335202,,,-0.0001411335202
9256,,,,,,,,-7.765706224e-05,,,-7.765706224e-05
9258,,,,,,,,-1.214552436e-05,,,-1.214552436e-05
9260,,,,,,,,6.965173978e-05,,,6.965173978e-05
9262,,,,,,,,0.000159182539,,,0.000159182539
9264,,,,,,,,0.000210979302,,,0.000210979302
9266,,,,,,,,0.0002029615506,,,0.0002029615506
9268,,,,,,,,0.0001567833271,,,0.0001567833271
9270,,,,,,,,9.746757755e-05,,,9.746757755e-05
9272,,,,,,,,5.394670362e-05,,,5.394670362e-05
9274,,,,,,,,6.785469645e-05,,,6.785469645e-05
9276,,,,,,,,0.0001418033563,,,0.0001418033563
9278,,,,,,,,0.0002137659166,,,0.0002137659166
9280,,,,,,,,0.0002134666526,,,0.0002134666526
9282,,,,,,,,0.0001196332521,,,0.0001196332521
9284,,,,,,,,-2.861838955e-05,,,-2.861838955e-05
9286,,,,,,,,-0.0001351466383,,,-0.0001351466383
9288,,,,,,,,-0.0001076673689,,,-0.0001076673689
9290,,,,,,,,2.51690201e-05,,,2.51690201e-05
9292,,,,,,,,0.0001244600911,,,0.0001244600911
9294,,,,,,,,0.0001049341043,,,0.0001049341043
9296,,,,,,,,1.396584485e-05,,,1.396584485e-05
9298,,,,,,,,-5.438702597e-05,,,-5.438702597e-05
9300,,,,,,,,-5.449361203e-05,,,-5.449361203e-05
9302,,,,,,,,-7.784041267e-06,,,-7.784041267e-06
9304,,,,,,,,2.554219102e-05,,,2.554219102e-05
9306,,,,,,,,6.972528637e-06,,,6.972528637e-06
9308,,,,,,,,-3.449349011e-05,,,-3.449349011e-05
9310,,,,,,,,-4.778384642e-05,,,-4.778384642e-05
9312,,,,,,,,-2.600765005e-05,,,-2.600765005e-05
9314,,,,,,,,1.633003649e-05,,,1.633003649e-05
9316,,,,,,,,7.19864446e-05,,,7.19864446e-05
9318,,,,,,,,0.0001105580547,,,0.0001105580547
9320,,,,,,,,9.10104876e-05,,,9.10104876e-05
9322,,,,,,,,1.909420053e-05,,,1.909420053e-05
9324,,,,,,,,-5.769996888e-05,,,-5.769996888e-05
9326,,,,,,,,-9.530685042e-05,,,-9.530685042e-05
9328,,,,,,,,-7.514508604e-05,,,-7.514508604e-05
9330,,,,,,,,-2.282820768e-05,,,-2.282820768e-05
9332,,,,,,,,1.04632647e-05,,,1.04632647e-05
9334,,,,,,,,2.139837608e-05,,,2.139837608e-05
9336,,,,,,,,5.109062429e-05,,,5.109062429e-05
9338,,,,,,,,8.436665907e-05,,,8.436665907e-05
9340,,,,,,,,5.062362043e-05,,,5.062362043e-05
9342,,,,,,,,-4.250294929e-05,,,-4.250294929e-05
9344,,,,,,,,-8.910083432e-05,,,-8.910083432e-05
9346,,,,,,,,-3.516691483e-05,,,-3.516691483e-05
9348,,,,,,,,4.864227537e-05,,,4.864227537e-05
9350,,,,,,,,6.748601193e-05,,,6.748601193e-05
9352,,,,,,,,1.205481142e-05,,,1.205481142e-05
9354,,,,,,,,-4.768228499e-05,,,-4.768228499e-05
9356,,,,,,,,-5.543882735e-05,,,-5.543882735e-05
9358,,,,,,,,-3.115230499e-05,,,-3.115230499e-05
9360,,,,,,,,-3.004896694e-05,,,-3.004896694e-05
9362,,,,,,,,-5.851335215e-05,,,-5.851335215e-05
9364,,,,,,,,-6.569071448e-05,,,-6.569071448e-05
9366,,,,,,,,-2.729927079e-05,,,-2.729927079e-05
9368,,,,,,,,1.147613916e-05,,,1.147613916e-05
9370,,,,,,,,6.812107377e-06,,,6.812107377e-06
9372,,,,,,,,-1.8074647e-05,,,-1.8074647e-05
9374,,,,,,,,-2.637319875e-05,,,-2.637319875e-05
9376,,,,,,,,-3.723685169e-05,,,-3.723685169e-05
9378,,,,,,,,-7.118604339e-05,,,-7.118604339e-05
9380,,,,,,,,-8.495388796e-05,,,-8.495388796e-05
9382,,,,,,,,-3.540947128e-05,,,-3.540947128e-05
9384,,,,,,,,4.622259406e-05,,,4.622259406e-05
9386,,,,,,,,9.707732109e-05,,,9.707732109e-05
9388,,,,,,,,9.86139398e-05,,,9.86139398e-05
9390,,,,,,,,7.852889456e-05,,,7.852889456e-05
9392,,,,,,,,6.976852049e-05,,,6.976852049e-05
9394,,,,,,,,8.820407638e-05,,,8.820407638e-05
9396,,,,,,,,0.0001203906301,,,0.0001203906301
9398,,,,,,,,0.0001354121151,,,0.0001354121151
9400,,,,,,,,0.0001232562015,,,0.0001232562015
9402,,,,,,,,9.827046121e-05,,,9.827046121e-05
9404,,,,,,,,8.478042337e-05,,,8.478042337e-05
9406,,,,,,,,0.0001027637601,,,0.0001027637601
9408,,,,,,,,0.0001360608125,,,0.0001360608125
9410,,,,,,,,0.0001426409933,,,0.0001426409933
9412,,,,,,,,9.781903029e-05,,,9.781903029e-05
9414,,,,,,,,8.833820169e-06,,,8.833820169e-06
9416,,,,,,,,-7.675337494e-05,,,-7.675337494e-05
9418,,,,,,,,-8.922197564e-05,,,-8.922197564e-05
9420,,,,,,,,-1.864378062e-05,,,-1.864378062e-05
9422,,,,,,,,5.663019761e-05,,,5.663019761e-05
9424,,,,,,,,7.664565373e-05,,,7.664565373e-05
9426,,,,,,,,7.822153555e-05,,,7.822153555e-05
9428,,,,,,,,0.0001153017737,,,0.0001153017737
9430,,,,,,,,0.0001753063818,,,0.0001753063818
9432,,,,,,,,0.0002102065013,,,0.0002102065013
9434,,,,,,,,0.00019697438,,,0.00019697438
9436,,,,,,,,0.0001571550914,,,0.0001571550914
9438,,,,,,,,0.0001217644279,,,0.0001217644279
9440,,,,,,,,9.552448036e-05,,,9.552448036e-05
9442,,,,,,,,6.952579456e-05,,,6.952579456e-05
9444,,,,,,,,3.899916517e-05,,,3.899916517e-05
9446,,,,,,,,1.792033072e-05,,,1.792033072e-05
9448,,,,,,,,4.409427278e-05,,,4.409427278e-05
9450,,,,,,,,0.0001224973355,,,0.0001224973355
9452,,,,,,,,0.0001873385657,,,0.0001873385657
9454,,,,,,,,0.0001762617351,,,0.0001762617351
9456,,,,,,,,0.0001029379743,,,0.0001029379743
9458,,,,,,,,2.504649032e-05,,,2.504649032e-05
9460,,,,,,,,-2.139890988e-05,,,-2.139890988e-05
9462,,,,,,,,-3.414973694e-05,,,-3.414973694e-05
9464,,,,,,,,-1.702644074e-05,,,-1.702644074e-05
9466,,,,,,,,2.152959309e-05,,,2.152959309e-05
9468,,,,,,,,5.612585696e-05,,,5.612585696e-05
9470,,,,,,,,6.494755888e-05,,,6.494755888e-05
9472,,,,,,,,4.666146301e-05,,,4.666146301e-05
9474,,,,,,,,1.710168542e-05,,,1.710168542e-05
9476,,,,,,,,6.668396484e-06,,,6.668396484e-06
9478,,,,,,,,3.267866406e-05,,,3.267866406e-05
9480,,,,,,,,7.19287118e-05,,,7.19287118e-05
9482,,,,,,,,9.317294983e-05,,,9.317294983e-05
9484,,,,,,,,9.537038222e-05,,,9.537038222e-05
9486,,,,,,,,8.951227323e-05,,,8.951227323e-05
9488,,,,,,,,6.699112821e-05,,,6.699112821e-05
9490,,,,,,,,1.414965642e-05,,,1.414965642e-05
9492,,,,,,,,-5.086237597e-05,,,-5.086237597e-05
9494,,,,,,,,-8.821017342e-05,,,-8.821017342e-05
9496,,,,,,,,-8.017746331e-05,,,-8.017746331e-05
9498,,,,,,,,-3.975116687e-05,,,-3.975116687e-05
9500,,,,,,,,8.4778976e-06,,,8.4778976e-06
9502,,,,,,,,3.635200534e-05,,,3.635200534e-05
9504,,,,,,,,3.001603525e-05,,,3.001603525e-05
9506,,,,,,,,1.310102804e-05,,,1.310102804e-05
9508,,,,,,,,2.088886476e-05,,,2.088886476e-05
9510,,,,,,,,5.033084714e-05,,,5.033084714e-05
9512,,,,,,,,6.703433191e-05,,,6.703433191e-05
9514,,,,,,,,5.744257543e-05,,,5.744257543e-05
9516,,,,,,,,3.737121656e-05,,,3.737121656e-05
9518,,,,,,,,1.684881842e-05,,,1.684881842e-05
9520,,,,,,,,-2.904999034e-06,,,-2.904999034e-06
9522,,,,,,,,-1.691530763e-05,,,-1.691530763e-05
9524,,,,,,,,-1.893780725e-05,,,-1.893780725e-05
9526,,,,,,,,6.326484637e-06,,,6.326484637e-06
9528,,,,,,,,7.815216715e-05,,,7.815216715e-05
9530,,,,,,,,0.0001875204047,,,0.0001875204047
9532,,,,,,,,0.0002933719198,,,0.0002933719198
9534,,,,,,,,0.0003527376973,,,0.0003527376973
9536,,,,,,,,0.0003500331942,,,0.0003500331942
9538,,,,,,,,0.0003039208447,,,0.0003039208447
9540,,,,,,,,0.0002482200029,,,0.0002482200029
9542,,,,,,,,0.0002102360238,,,0.0002102360238
9544,,,,,,,,0.0001985957675,,,0.0001985957675
9546,,,,,,,,0.0002028419994,,,0.0002028419994
9548,,,,,,,,0.000209211855,,,0.000209211855
9550,,,,,,,,0.0002158786298,,,0.0002158786298
9552,,,,,,,,0.0002257418008,,,0.0002257418008
9554,,,,,,,,0.0002345497654,,,0.0002345497654
9556,,,,,,,,0.0002378817893,,,0.0002378817893
9558,,,,,,,,0.0002347006999,,,0.0002347006999
9560,,,,,,,,0.0002180359586,,,0.0002180359586
9562,,,,,,,,0.0001857531715,,,0.0001857531715
9564,,,,,,,,0.0001559333463,,,0.0001559333463
9566,,,,,,,,0.0001497402783,,,0.0001497402783
9568,,,,,,,,0.0001589770835,,,0.0001589770835
9570,,,,,,,,0.0001493323781,,,0.0001493323781
9572,,,,,,,,0.0001088490213,,,0.0001088490213
9574,,,,,,,,7.432071889e-05,,,7.432071889e-05
9576,,,,,,,,8.612621252e-05,,,8.612621252e-05
9578,,,,,,,,0.0001399477531,,,0.0001399477531
9580,,,,,,,,0.0002041703671,,,0.0002041703671
9582,,,,,,,,0.0002534441827,,,0.0002534441827
9584,,,,,,,,0.0002675345728,,,0.0002675345728
9586,,,,,,,,0.000233635747,,,0.000233635747
9588,,,,,,,,0.0001627737069,,,0.0001627737069
9590,,,,,,,,8.859841848e-05,,,8.859841848e-05
9592,,,,,,,,5.255683278e-05,,,5.255683278e-05
9594,,,,,,,,7.67671717e-05,,,7.67671717e-05
9596,,,,,,,,0.0001357290851,,,0.0001357290851
9598,,,,,,,,0.0001830493055,,,0.0001830493055
9600,,,,,,,,0.0002057606094,,,0.0002057606094
9602,,,,,,,,0.0002180646992,,,0.0002180646992
9604,,,,,,,,0.0002288615034,,,0.0002288615034
9606,,,,,,,,0.0002461440687,,,0.0002461440687
9608,,,,,,,,0.0002695640311,,,0.0002695640311
9610,,,,,,,,0.0002679057807,,,0.0002679057807
9612,,,,,,,,0.0002126777353,,,0.0002126777353
9614,,,,,,,,0.0001252262716,,,0.0001252262716
9616,,,,,,,,5.966987613e-05,,,5.966987613e-05
9618,,,,,,,,5.853578868e-05,,,5.853578868e-05
9620,,,,,,,,0.0001175772624,,,0.0001175772624
9622,,,,,,,,0.0001819740038,,,0.0001819740038
9624,,,,,,,,0.0002053990289,,,0.0002053990289
9626,,,,,,,,0.0001941876718,,,0.0001941876718
9628,,,,,,,,0.000179173243,,,0.000179173243
9630,,,,,,,,0.0001825163416,,,0.0001825163416
9632,,,,,,,,0.0002081414012,,,0.0002081414012
9634,,,,,,,,0.0002335623785,,,0.0002335623785
9636,,,,,,,,0.0002308693984,,,0.0002308693984
9638,,,,,,,,0.0002032553377,,,0.0002032553377
9640,,,,,,,,0.0001795927906,,,0.0001795927906
9642,,,,,,,,0.0001839091924,,,0.0001839091924
9644,,,,,,,,0.0002107944326,,,0.0002107944326
9646,,,,,,,,0.0002265657936,,,0.0002265657936
9648,,,,,,,,0.0002063001708,,,0.0002063001708
9650,,,,,,,,0.0001588310441,,,0.0001588310441
9652,,,,,,,,0.0001162889148,,,0.0001162889148
9654,,,,,,,,0.0001144246148,,,0.0001144246148
9656,,,,,,,,0.0001545149552,,,0.0001545149552
9658,,,,,,,,0.0001825580676,,,0.0001825580676
9660,,,,,,,,0.000152287834,,,0.000152287834
9662,,,,,,,,8.863576887e-05,,,8.863576887e-05
9664,,,,,,,,5.566243806e-05,,,5.566243806e-05
9666,,,,,,,,7.65664971e-05,,,7.65664971e-05
9668,,,,,,,,0.0001149833722,,,0.0001149833722
9670,,,,,,,,0.0001384261204,,,0.0001384261204
9672,,,,,,,,0.0001591058562,,,0.0001591058562
9674,,,,,,,,0.0001884497157,,,0.0001884497157
9676,,,,,,,,0.0002088597923,,,0.0002088597923
9678,,,,,,,,0.0002110513231,,,0.0002110513231
9680,,,,,,,,0.0002028032693,,,0.0002028032693
9682,,,,,,,,0.0001860613972,,,0.0001860613972
9684,,,,,,,,0.0001648801891,,,0.0001648801891
9686,,,,,,,,0.000152700607,,,0.000152700607
9688,,,,,,,,0.0001485621554,,,0.0001485621554
9690,,,,,,,,0.0001363186303,,,0.0001363186303
9692,,,,,,,,0.0001163750444,,,0.0001163750444
9694,,,,,,,,0.0001111537764,,,0.0001111537764
9696,,,,,,,,0.0001377695677,,,0.0001377695677
9698,,,,,,,,0.0001897873978,,,0.0001897873978
9700,,,,,,,,0.0002399378418,,,0.0002399378418
9702,,,,,,,,0.0002597446581,,,0.0002597446581
9704,,,,,,,,0.0002377452073,,,0.0002377452073
9706,,,,,,,,0.0001716408856,,,0.0001716408856
9708,,,,,,,,6.570193339e-05,,,6.570193339e-05
9710,,,,,,,,-4.10636592e-05,,,-4.10636592e-05
9712,,,,,,,,-9.058782984e-05,,,-9.058782984e-05
9714,,,,,,,,-7.222372051e-05,,,-7.222372051e-05
9716,,,,,,,,-3.101873241e-05,,,-3.101873241e-05
9718,,,,,,,,-4.508698654e-06,,,-4.508698654e-06
9720,,,,,,,,1.853203406e-05,,,1.853203406e-05
9722,,,,,,,,6.855896962e-05,,,6.855896962e-05
9724,,,,,,,,0.0001415587676,,,0.0001415587676
9726,,,,,,,,0.0001952375395,,,0.0001952375395
9728,,,,,,,,0.0001919753678,,,0.0001919753678
9730,,,,,,,,0.0001291744677,,,0.0001291744677
9732,,,,,,,,4.224490541e-05,,,4.224490541e-05
9734,,,,,,,,-2.066037888e-05,,,-2.066037888e-05
9736,,,,,,,,-2.427529643e-05,,,-2.427529643e-05
9738,,,,,,,,4.68284317e-05,,,4.68284317e-05
9740,,,,,,,,0.0001712690216,,,0.0001712690216
9742,,,,,,,,0.0002805629946,,,0.0002805629946
9744,,,,,,,,0.000308253694,,,0.000308253694
9746,,,,,,,,0.0002467153163,,,0.0002467153163
9748,,,,,,,,0.0001492412792,,,0.0001492412792
9750,,,,,,,,7.286865409e-05,,,7.286865409e-05
9752,,,,,,,,2.878404349e-05,,,2.878404349e-05
9754,,,,,,,,4.908373308e-06,,,4.908373308e-06
9756,,,,,,,,5.198630926e-06,,,5.198630926e-06
9758,,,,,,,,2.82129639e-05,,,2.82129639e-05
9760,,,,,,,,5.196322971e-05,,,5.196322971e-05
9762,,,,,,,,6.261991997e-05,,,6.261991997e-05
9764,,,,,,,,6.030010902e-05,,,6.030010902e-05
9766,,,,,,,,3.838436533e-05,,,3.838436533e-05
9768,,,,,,,,-6.082503872e-06,,,-6.082503872e-06
9770,,,,,,,,-5.299325339e-05,,,-5.299325339e-05
9772,,,,,,,,-8.255854565e-05,,,-8.255854565e-05
9774,,,,,,,,-0.0001047852685,,,-0.0001047852685
9776,,,,,,,,-0.000141971654,,,-0.000141971654
9778,,,,,,,,-0.000193878175,,,-0.000193878175
9780,,,,,,,,-0.0002284376075,,,-0.0002284376075
9782,,,,,,,,-0.0002098897108,,,-0.0002098897108
9784,,,,,,,,-0.0001489547003,,,-0.0001489547003
9786,,,,,,,,-0.0001106735355,,,-0.0001106735355
9788,,,,,,,,-0.000138426919,,,-0.000138426919
9790,,,,,,,,-0.0001919714104,,,-0.0001919714104
9792,,,,,,,,-0.0002077475293,,,-0.0002077475293
9794,,,,,,,,-0.0001832773694,,,-0.0001832773694
9796,,,,,,,,-0.0001514322439,,,-0.0001514322439
9798,,,,,,,,-0.0001212763751,,,-0.0001212763751
9800,,,,,,,,-9.286513482e-05,,,-9.286513482e-05
9802,,,,,,,,-8.196367248e-05,,,-8.196367248e-05
9804,,,,,,,,-9.374248113e-05,,,-9.374248113e-05
9806,,,,,,,,-0.0001090735278,,,-0.0001090735278
9808,,,,,,,,-0.0001166007142,,,-0.0001166007142
9810,,,,,,,,-0.0001218658767,,,-0.0001218658767
9812,,,,,,,,-0.0001210260998,,,-0.0001210260998
9814,,,,,,,,-0.0001084414807,,,-0.0001084414807
9816,,,,,,,,-0.0001057163125,,,-0.0001057163125
9818,,,,,,,,-0.0001397789978,,,-0.0001397789978
9820,,,,,,,,-0.0002002489129,,,-0.0002002489129
9822,,,,,,,,-0.0002387570135,,,-0.0002387570135
9824,,,,,,,,-0.0002159570182,,,-0.0002159570182
9826,,,,,,,,-0.000146914327,,,-0.000146914327
9828,,,,,,,,-8.32565192e-05,,,-8.32565192e-05
9830,,,,,,,,-4.692681262e-05,,,-4.692681262e-05
9832,,,,,,,,-1.410977712e-05,,,-1.410977712e-05
9834,,,,,,,,2.66120669e-05,,,2.66120669e-05
9836,,,,,,,,4.543607272e-05,,,4.543607272e-05
9838,,,,,,,,3.284895259e-05,,,3.284895259e-05
9840,,,,,,,,2.479317392e-05,,,2.479317392e-05
9842,,,,,,,,2.970635633e-05,,,2.970635633e-05
9844,,,,,,,,2.045268182e-06,,,2.045268182e-06
9846,,,,,,,,-8.31584422e-05,,,-8.31584422e-05
9848,,,,,,,,-0.000195120669,,,-0.000195120669
9850,,,,,,,,-0.0002766385514,,,-0.0002766385514
9852,,,,,,,,-0.0002864493489,,,-0.0002864493489
9854,,,,,,,,-0.0002333440681,,,-0.0002333440681
9856,,,,,,,,-0.0001643919167,,,-0.0001643919167
9858,,,,,,,,-0.0001119662271,,,-0.0001119662271
9860,,,,,,,,-8.862489163e-05,,,-8.862489163e-05
9862,,,,,,,,-0.0001248772951,,,-0.0001248772951
9864,,,,,,,,-0.0002454095539,,,-0.0002454095539
9866,,,,,,,,-0.0003933331627,,,-0.0003933331627
9868,,,,,,,,-0.0004650251358,,,-0.0004650251358
9870,,,,,,,,-0.0004388867971,,,-0.0004388867971
9872,,,,,,,,-0.0003813964365,,,-0.0003813964365
9874,,,,,,,,-0.0003327636527,,,-0.0003327636527
9876,,,,,,,,-0.0002946570514,,,-0.0002946570514
9878,,,,,,,,-0.0002885931284,,,-0.0002885931284
9880,,,,,,,,-0.0003305042147,,,-0.0003305042147
9882,,,,,,,,-0.0003795306362,,,-0.0003795306362
9884,,,,,,,,-0.0003749577677,,,-0.0003749577677
9886,,,,,,,,-0.0003020502809,,,-0.0003020502809
9888,,,,,,,,-0.00019850134,,,-0.00019850134
9890,,,,,,,,-0.0001164320584,,,-0.0001164320584
9892,,,,,,,,-8.641700232e-05,,,-8.641700232e-05
9894,,,,,,,,-0.0001006801164,,,-0.0001006801164
9896,,,,,,,,-0.0001297586318,,,-0.0001297586318
9898,,,,,,,,-0.0001603340638,,,-0.0001603340638
9900,,,,,,,,-0.0002002314182,,,-0.0002002314182
9902,,,,,,,,-0.0002409844429,,,-0.0002409844429
9904,,,,,,,,-0.000243014941,,,-0.000243014941
9906,,,,,,,,-0.0001746781019,,,-0.0001746781019
9908,,,,,,,,-5.303663887e-05,,,-5.303663887e-05
9910,,,,,,,,6.865607219e-05,,,6.865607219e-05
9912,,,,,,,,0.0001434396526,,,0.0001434396526
9914,,,,,,,,0.0001499927348,,,0.0001499927348
9916,,,,,,,,9.475266693e-05,,,9.475266693e-05
9918,,,,,,,,2.08303419e-05,,,2.08303419e-05
9920,,,,,,,,-1.542655139e-05,,,-1.542655139e-05
9922,,,,,,,,-4.740080177e-06,,,-4.740080177e-06
9924,,,,,,,,9.981148778e-06,,,9.981148778e-06
9926,,,,,,,,-5.756965171e-08,,,-5.756965171e-08
9928,,,,,,,,-3.106192249e-05,,,-3.106192249e-05
9930,,,,,,,,-8.364892372e-05,,,-8.364892372e-05
9932,,,,,,,,-0.0001464571936,,,-0.0001464571936
9934,,,,,,,,-0.0001646828067,,,-0.0001646828067
9936,,,,,,,,-9.572643989e-05,,,-9.572643989e-05
9938,,,,,,,,2.159997472e-05,,,2.159997472e-05
9940,,,,,,,,0.0001074938007,,,0.0001074938007
9942,,,,,,,,0.0001325292147,,,0.0001325292147
9944,,,,,,,,0.0001284870107,,,0.0001284870107
9946,,,,,,,,0.0001298218077,,,0.0001298218077
9948,,,,,,,,0.0001514451643,,,0.0001514451643
9950,,,,,,,,0.000202267572,,,0.000202267572
9952,,,,,,,,0.0002647758181,,,0.0002647758181
9954,,,,,,,,0.0002845360207,,,0.0002845360207
9956,,,,,,,,0.0002320543473,,,0.0002320543473
9958,,,,,,,,0.0001503875395,,,0.0001503875395
9960,,,,,,,,0.0001024639901,,,0.0001024639901
9962,,,,,,,,0.0001021281184,,,0.0001021281184
9964,,,,,,,,0.0001316171619,,,0.0001316171619
9966,,,,,,,,0.0001882813616,,,0.0001882813616
9968,,,,,,,,0.0002720153372,,,0.0002720153372
9970,,,,,,,,0.000349608807,,,0.000349608807
9972,,,,,,,,0.0003704029391,,,0.0003704029391
9974,,,,,,,,0.0003209704211,,,0.0003209704211
9976,,,,,,,,0.0002450559804,,,0.0002450559804
9978,,,,,,,,0.0001949273953,,,0.0001949273953
9980,,,,,,,,0.0001784141958,,,0.0001784141958
9982,,,,,,,,0.0001752683239,,,0.0001752683239
9984,,,,,,,,0.0001903191653,,,0.0001903191653
9986,,,,,,,,0.000255152,,,0.000255152
9988,,,,,,,,0.000370306896,,,0.000370306896
9990,,,,,,,,0.0004755363852,,,0.0004755363852
9992,,,,,,,,0.0005154287132,,,0.0005154287132
9994,,,,,,,,0.0005011350134,,,0.0005011350134
9996,,,,,,,,0.0004643687994,,,0.0004643687994
9998,,,,,,,,0.0004002374181,,,0.0004002374181
10000,,,,,,,,0.0003137275338,9.746285741e-06,,0.0003137275338
10002,,,,,,,,0.0002629991735,,,0.0002629991735
10004,,,,,,,,0.0003057726908,,,0.0003057726908
10005,,,,,,,,,-3.186143704e-05,,
10006,,,,,,,,0.0004302556153,,,0.0004302556153
10008,,,,,,,,0.000564747325,,,0.000564747325
10010,,,,,,,,0.0006423885621,-2.606496735e-05,,0.0006423885621
10012,,,,,,,,0.0006510383939,,,0.0006510383939
10014,,,,,,,,0.0006255921274,,,0.0006255921274
10015,,,,,,,,,-4.990710391e-05,,
10016,,,,,,,,0.0005995612841,,,0.0005995612841
10018,,,,,,,,0.0005664620755,,,0.0005664620755
10020,,,,,,,,0.0005000955037,2.665224612e-05,,0.0005000955037
10022,,,,,,,,0.0004120563486,,,0.0004120563486
10024,,,,,,,,0.000357346259,,,0.000357346259
10025,,,,,,,,,0.0001646936871,,
10026,,,,,,,,0.0003676572159,,,0.0003676572159
10028,,,,,,,,0.0004152218081,,,0.0004152218081
10030,,,,,,,,0.0004529155658,0.0001216912909,,0.0004529155658
10032,,,,,,,,0.0004617000828,,,0.0004617000828
10034,,,,,,,,0.0004548260241,,,0.0004548260241
10035,,,,,,,,,0.0001237588843,,
10036,,,,,,,,0.0004607137801,,,0.0004607137801
10038,,,,,,,,0.0005000969533,,,0.0005000969533
10040,,,,,,,,0.0005630517979,0.0001619771324,,0.0005630517979
10042,,,,,,,,0.0006128757749,,,0.0006128757749
10044,,,,,,,,0.000627648643,,,0.000627648643
10045,,,,,,,,,-1.732845454e-05,,
10046,,,,,,,,0.0006302290108,,,0.0006302290108
10048,,,,,,,,0.000659388823,,,0.000659388823
10050,,,,,,,,0.0007215447283,7.673822293e-07,,0.0007215447283
10052,,,,,,,,0.0007935109067,,,0.0007935109067
10054,,,,,,,,0.0008584098769,,,0.0008584098769
10055,,,,,,,,,4.895354045e-05,,
10056,,,,,,,,0.0009097581481,,,0.0009097581481
10058,,,,,,,,0.0009347193324,,,0.0009347193324
10060,,,,,,,,0.000929724788,-1.788712616e-05,,0.000929724788
10062,,,,,,,,0.0009200974984,,,0.0009200974984
10064,,,,,,,,0.0009405879906,,,0.0009405879906
10065,,,,,,,,,1.055906098e-07,,
10066,,,,,,,,0.001001258777,,,0.001001258777
10068,,,,,,,,0.001078860315,,,0.001078860315
10070,,,,,,,,0.001134081458,-2.848140974e-05,,0.001134081458
10072,,,,,,,,0.001149140919,,,0.001149140919
10074,,,,,,,,0.001145241304,,,0.001145241304
10075,,,,,,,,,1.986100009e-05,,
10076,,,,,,,,0.001146350249,,,0.001146350249
10078,,,,,,,,0.00114350562,,,0.00114350562
10080,,,,,,,,0.001127886354,5.580803349e-05,,0.001127886354
10082,,,,,,,,0.001133175102,,,0.001133175102
10084,,,,,,,,0.001200457977,,,0.001200457977
10085,,,,,,,,,0.0001115007204,,
10086,,,,,,,,0.001321203054,,,0.001321203054
10088,,,,,,,,0.00145482857,,,0.00145482857
10090,,,,,,,,0.001582946366,0.0001147537991,,0.001582946366
10092,,,,,,,,0.001706957429,,,0.001706957429
10094,,,,,,,,0.001813051239,,,0.001813051239
10095,,,,,,,,,8.29314182e-05,,
10096,,,,,,,,0.001869072061,,,0.001869072061
10098,,,,,,,,0.00185191632,,,0.00185191632
10100,,,,,,,,0.001770362701,8.213320753e-05,,0.001770362701
10102,,,,,,,,0.001670845015,,,0.001670845015
10104,,,,,,,,0.001616788778,,,0.001616788778
10105,,,,,,,,,6.452419782e-05,,
10106,,,,,,,,0.001648128241,,,0.001648128241
10108,,,,,,,,0.001751562465,,,0.001751562465
10110,,,,,,,,0.001879344855,0.0001035641005,,0.001879344855
10112,,,,,,,,0.002005112304,,,0.002005112304
10114,,,,,,,,0.002143759168,,,0.002143759168
10115,,,,,,,,,3.271993894e-05,,
10116,,,,,,,,0.002301198211,,,0.002301198211
10118,,,,,,,,0.002440209755,,,0.002440209755
10120,,,,,,,,0.002528767956,-4.370525817e-05,,0.002528767956
10122,,,,,,,,0.002591008589,,,0.002591008589
10124,,,,,,,,0.002666005949,,,0.002666005949
10125,,,,,,,,,1.771613943e-06,,
10126,,,,,,,,0.00273962912,,,0.00273962912
10128,,,,,,,,0.002761205022,,,0.002761205022
10130,,,,,,,,0.002719758863,0.0001402860136,,0.002719758863
10132,,,,,,,,0.002669474806,,,0.002669474806
10134,,,,,,,,0.002679345826,,,0.002679345826
10135,,,,,,,,,0.0001195086777,,
10136,,,,,,,,0.002775815822,,,0.002775815822
10138,,,,,,,,0.002936740735,,,0.002936740735
10140,,,,,,,,0.00312690671,3.032930383e-05,,0.00312690671
10142,,,,,,,,0.003322523551,,,0.003322523551
10144,,,,,,,,0.003502599417,,,0.003502599417
10145,,,,,,,,,5.023276612e-05,,
10146,,,,,,,,0.003645770943,,,0.003645770943
10148,,,,,,,,0.003746827752,,,0.003746827752
10150,,,,,,,,0.00381935375,2.597246607e-05,,0.00381935375
10152,,,,,,,,0.003878233605,,,0.003878233605
10154,,,,,,,,0.003935100207,,,0.003935100207
10155,,,,,,,,,8.207326269e-05,,
10156,,,,,,,,0.004006861958,,,0.004006861958
10158,,,,,,,,0.004116078966,,,0.004116078966
10160,,,,,,,,0.004279805086,7.065625577e-05,,0.004279805086
10162,,,,,,,,0.004497052163,,,0.004497052163
10164,,,,,,,,0.004742780213,,,0.004742780213
10165,,,,,,,,,-1.836727175e-05,,
10166,,,,,,,,0.004978213635,,,0.004978213635
10168,,,,,,,,0.005174877269,,,0.005174877269
10170,,,,,,,,0.005328302491,1.534835723e-05,,0.005328302491
10172,,,,,,,,0.005450893289,,,0.005450893289
10174,,,,,,,,0.005560845316,,,0.005560845316
10175,,,,,,,,,0.0001033357489,,
10176,,,,,,,,0.005677182381,,,0.005677182381
10178,,,,,,,,0.005813377872,,,0.005813377872
10180,,,,,,,,0.005971943454,0.0002827405604,,0.005971943454
10182,,,,,,,,0.006153923479,,,0.006153923479
10184,,,,,,,,0.006375327941,,,0.006375327941
10185,,,,,,,,,0.0002793842662,,
10186,,,,,,,,0.006660210295,,,0.006660210295
10188,,,,,,,,0.007007631909,,,0.007007631909
10190,,,,,,,,0.007375086441,0.0001148425871,,0.007375086441
10192,,,,,,,,0.007704458994,,,0.007704458994
10194,,,,,,,,0.007961697167,,,0.007961697167
10195,,,,,,,,,3.273290323e-05,,
10196,,,,,,,,0.008151461017,,,0.008151461017
10198,,,,,,,,0.00830793986,,,0.00830793986
10200,,,,,,,,0.008470792414,9.945110976e-05,,0.008470792414
10202,,,,,,,,0.008668719514,,,0.008668719514
10204,,,,,,,,0.008926436343,,,0.008926436343
10205,,,,,,,,,0.0002837996771,,
10206,,,,,,,,0.009267208089,,,0.009267208089
10208,,,,,,,,0.00969127457,,,0.00969127457
10210,,,,,,,,0.01016420159,0.0002410444722,,0.01016420159
10212,,,,,,,,0.01064231905,,,0.01064231905
10214,,,,,,,,0.01110195393,,,0.01110195393
10215,,,,,,,,,0.0001230813661,,
10216,,,,,,,,0.01153516218,,,0.01153516218
10218,,,,,,,,0.01192910017,,,0.01192910017
10220,,,,,,,,0.01226984404,0.000124321716,,0.01226984404
10222,,,,,,,,0.01256954655,,,0.01256954655
10224,,,,,,,,0.0128740332,,,0.0128740332
10225,,,,,,,,,0.0002162058482,,
10226,,,,,,,,0.01323341475,,,0.01323341475
10228,,,,,,,,0.01367137146,,,0.01367137146
10230,,,,,,,,0.01418159566,0.0003162915139,,0.01418159566
10232,,,,,,,,0.01474535749,,,0.01474535749
10234,,,,,,,,0.01534709604,,,0.01534709604
10235,,,,,,,,,0.0001952866987,,
10236,,,,,,,,0.01597229302,,,0.01597229302
10238,,,,,,,,0.01659881116,,,0.01659881116
10240,,,,,,,,0.01719604768,0.0001554017544,,0.01719604768
10242,,,,,,,,0.01774044828,,,0.01774044828
10244,,,,,,,,0.01823955299,,,0.01823955299
10245,,,,,,,,,0.0001910365281,,
10246,,,,,,,,0.01873824838,,,0.01873824838
10248,,,,,,,,0.01929102343,,,0.01929102343
10250,,,,,,,,0.01993039095,0.0003024349413,,0.01993039095
10252,,,,,,,,0.02066578188,,,0.02066578188
10254,,,,,,,,0.02149308003,,,0.02149308003
10255,,,,,,,,,0.0003290377408,,
10256,,,,,,,,0.02239217366,,,0.02239217366
10258,,,,,,,,0.02331943685,,,0.02331943685
10260,,,,,,,,0.0242262826,0.0002335660978,,0.0242262826
10262,,,,,,,,0.02509786575,,,0.02509786575
10264,,,,,,,,0.02595835885,,,0.02595835885
10265,,,,,,,,,0.0002349867067,,
10266,,,,,,,,0.02683310304,,,0.02683310304
10268,,,,,,,,0.02771947582,,,0.02771947582
10270,,,,,,,,0.02860654296,0.0003379008721,,0.02860654296
10272,,,,,,,,0.02951253379,,,0.02951253379
10274,,,,,,,,0.03049018076,,,0.03049018076
10275,,,,,,,,,0.0004295350424,,
10276,,,,,,,,0.03157922788,,,0.03157922788
10278,,,,,,,,0.03276138468,,,0.03276138468
10280,,,,,,,,0.03398115069,0.0004179682126,,0.03398115069
10282,,,,,,,,0.035200571,,,0.035200571
10284,,,,,,,,0.03641542402,,,0.03641542402
10285,,,,,,,,,0.0003045062441,,
10286,,,,,,,,0.03764177353,,,0.03764177353
10288,,,,,,,,0.03890590414,,,0.03890590414
10290,,,,,,,,0.04023685815,0.0002280328931,,0.04023685815
10292,,,,,,,,0.04165797903,,,0.04165797903
10294,,,,,,,,0.04318098149,,,0.04318098149
10295,,,,,,,,,0.000300388488,,
10296,,,,,,,,0.04480068939,,,0.04480068939
10298,,,,,,,,0.04649283994,,,0.04649283994
10300,,,,,,,,0.04821639143,0.0004429837808,,0.04821639143
10302,,,,,,,,0.04992713825,,,0.04992713825
10304,,,,,,,,0.05160417415,,,0.05160417415
10305,,,,,,,,,0.0003864900127,,
10306,,,,,,,,0.05325857696,,,0.05325857696
10308,,,,,,,,0.0549198683,,,0.0549198683
10310,,,,,,,,0.05662765259,0.0001921294008,,0.05662765259
10312,,,,,,,,0.05843807367,,,0.05843807367
10314,,,,,,,,0.06041271858,,,0.06041271858
10315,,,,,,,,,0.0002496981239,,
10316,,,,,,,,0.06258920496,,,0.06258920496
10318,,,,,,,,0.06496536022,,,0.06496536022
10320,,,,,,,,0.06750551112,0.0004889479194,,0.06750551112
10322,,,,,,,,0.07015391342,,,0.07015391342
10324,,,,,,,,0.07282991864,,,0.07282991864
10325,,,,,,,,,0.0006081475974,,
10326,,,,,,,,0.07543221098,,,0.07543221098
10328,,,,,,,,0.07787902339,,,0.07787902339
10330,,,,,,,,0.08016053166,0.0004722317574,,0.08016053166
10332,,,,,,,,0.08235734662,,,0.08235734662
10334,,,,,,,,0.08461307949,,,0.08461307949
10335,,,,,,,,,0.0003265521401,,
10336,,,,,,,,0.08707985559,,,0.08707985559
10338,,,,,,,,0.08986732264,,,0.08986732264
10340,,,,,,,,0.09303302115,0.0003779054708,,0.09303302115
10342,,,,,,,,0.09657577816,,,0.09657577816
10344,,,,,,,,0.1004153608,,,0.1004153608
10345,,,,,,,,,0.0004525379606,,
10346,,,,,,,,0.1043906886,,,0.1043906886
10348,,,,,,,,0.1083048706,,,0.1083048706
10350,,,,,,,,0.1119934483,0.0005155292517,,0.1119934483
10352,,,,,,,,0.1153792219,,,0.1153792219
10354,,,,,,,,0.1184914788,,,0.1184914788
10355,,,,,,,,,0.0003730022797,,
10356,,,,,,,,0.1214602031,,,0.1214602031
10358,,,,,,,,0.1245027471,,,0.1245027471
10360,,,,,,,,0.1278757273,0.000281727833,,0.1278757273
10362,,,,,,,,0.1317999119,,,0.1317999119
10364,,,,,,,,0.1363820309,,,0.1363820309
10365,,,,,,,,,0.0003335909754,,
10366,,,,,,,,0.1415772522,,,0.1415772522
10368,,,,,,,,0.1471958942,,,0.1471958942
10370,,,,,,,,0.1529578157,0.0004330477624,,0.1529578157
10372,,,,,,,,0.1585605732,,,0.1585605732
10374,,,,,,,,0.1637441183,,,0.1637441183
10375,,,,,,,,,0.0004529990869,,
10376,,,,,,,,0.1683642,,,0.1683642
10378,,,,,,,,0.1724537028,,,0.1724537028
10380,,,,,,,,0.1762379926,0.0003020581739,,0.1762379926
10382,,,,,,,,0.1800808452,,,0.1800808452
10384,,,,,,,,0.184379938,,,0.184379938
10385,,,,,,,,,0.0002639170578,,
10386,,,,,,,,0.1894486182,,,0.1894486182
10388,,,,,,,,0.1954453095,,,0.1954453095
10390,,,,,,,,0.2023238901,0.0003831762838,,0.2023238901
10392,,,,,,,,0.2098263181,,,0.2098263181
10394,,,,,,,,0.2175406015,,,0.2175406015
10395,,,,,,,,,0.0004807936895,,
10396,,,,,,,,0.2250189948,,,0.2250189948
10398,,,,,,,,0.2318863393,,,0.2318863393
10400,,,,,,,,0.2379293167,0.0004016131144,,0.2379293167
10402,,,,,,,,0.2431646849,,,0.2431646849
10404,,,,,,,,0.2478607903,,,0.2478607903
10405,,,,,,,,,0.0002257859633,,
10406,,,,,,,,0.2524995123,,,0.2524995123
10408,,,,,,,,0.2576533729,,,0.2576533729
10410,,,,,,,,0.2638141899,0.0002019797836,,0.2638141899
10412,,,,,,,,0.2712264139,,,0.2712264139
10414,,,,,,,,0.2798303637,,,0.2798303637
10415,,,,,,,,,0.0002626482937,,
10416,,,,,,,,0.2892889279,,,0.2892889279
10418,,,,,,,,0.2990971028,,,0.2990971028
10420,,,,,,,,0.3086829367,0.000347726608,,0.3086829367
10422,,,,,,,,0.3175064723,,,0.3175064723
10424,,,,,,,,0.3251785416,,,0.3251785416
10425,,,,,,,,,0.0003047042773,,
10426,,,,,,,,0.3316155213,,,0.3316155213
10428,,,,,,,,0.3371294287,,,0.3371294287
10430,,,,,,,,0.342369697,0.0002179950399,,0.342369697
10432,,,,,,,,0.3481144716,,,0.3481144716
10434,,,,,,,,0.3550009989,,,0.3550009989
10435,,,,,,,,,0.0001647091461,,
10436,,,,,,,,0.3633605967,,,0.3633605967
10438,,,,,,,,0.3731749803,,,0.3731749803
10440,,,,,,,,0.3840965373,0.0001670727256,,0.3840965373
10442,,,,,,,,0.3955005851,,,0.3955005851
10444,,,,,,,,0.4066215845,,,0.4066215845
10445,,,,,,,,,0.0002787846736,,
10446,,,,,,,,0.4167434297,,,0.4167434297
10448,,,,,,,,0.4254249147,,,0.4254249147
10450,,,,,,,,0.4326203136,0.0003231093352,,0.4326203136
10452,,,,,,,,0.4386918057,,,0.4386918057
10454,,,,,,,,0.4443072983,,,0.4443072983
10455,,,,,,,,,0.0001971170753,,
10456,,,,,,,,0.4502968985,,,0.4502968985
10458,,,,,,,,0.4574058618,,,0.4574058618
10460,,,,,,,,0.4660798833,0.0001405522828,,0.4660798833
10462,,,,,,,,0.4763428147,,,0.4763428147
10464,,,,,,,,0.4878296539,,,0.4878296539
10465,,,,,,,,,0.0002296806753,,
10466,,,,,,,,0.4998972412,,,0.4998972412
10468,,,,,,,,0.5117901861,,,0.5117901861
10470,,,,,,,,0.5227921597,0.0002434517274,,0.5227921597
10472,,,,,,,,0.5323784278,,,0.5323784278
10474,,,,,,,,0.5403548554,,,0.5403548554
10475,,,,,,,,,0.0001462270065,,
10476,,,,,,,,0.5469629272,,,0.5469629272
10478,,,,,,,,0.5528504106,,,0.5528504106
10480,,,,,,,,0.5588810379,6.5567828e-05,,0.5588810379
10482,,,,,,,,0.5658533791,,,0.5658533791
10484,,,,,,,,0.574260457,,,0.574260457
10485,,,,,,,,,0.0001047854298,,
10486,,,,,,,,0.5841911457,,,0.5841911457
10488,,,,,,,,0.5953485398,,,0.5953485398
10490,,,,,,,,0.6071268968,0.0001664096275,,0.6071268968
10492,,,,,,,,0.6187486448,,,0.6187486448
10494,,,,,,,,0.6294472538,,,0.6294472538
10495,,,,,,,,,0.0001472663088,,
10496,,,,,,,,0.6386662961,,,0.6386662961
10498,,,,,,,,0.6462421571,,,0.6462421571
10500,,,,,,,,0.6524227307,0.0001222080999,,0.6524227307
10502,,,,,,,,0.6577769638,,,0.6577769638
10504,,,,,,,,0.6630410878,,,0.6630410878
10505,,,,,,,,,0.0001071921116,,
10506,,,,,,,,0.6689531989,,,0.6689531989
10508,,,,,,,,0.6760619934,,,0.6760619934
10510,,,,,,,,0.6845779792,0.0001427329453,,0.6845779792
10512,,,,,,,,0.694290088,,,0.694290088
10514,,,,,,,,0.7046345891,,,0.7046345891
10515,,,,,,,,,0.0001092277484,,
10516,,,,,,,,0.7148724481,,,0.7148724481
10518,,,,,,,,0.7243324809,,,0.7243324809
10520,,,,,,,,0.7325581772,0.0001159185246,,0.7325581772
10522,,,,,,,,0.7393694992,,,0.7393694992
10524,,,,,,,,0.7448815071,,,0.7448815071
10525,,,,,,,,,0.0001091728115,,
10526,,,,,,,,0.7495319096,,,0.7495319096
10528,,,,,,,,0.7540015667,,,0.7540015667
10530,,,,,,,,0.7590248945,8.962483379e-05,,0.7590248945
10532,,,,,,,,0.7651160396,,,0.7651160396
10534,,,,,,,,0.772419022,,,0.772419022
10535,,,,,,,,,9.775303386e-05,,
10536,,,,,,,,0.7807114016,,,0.7807114016
10538,,,,,,,,0.7895248323,,,0.7895248323
10540,,,,,,,,0.7982501605,0.0001060894984,,0.7982501605
10542,,,,,,,,0.8062669193,,,0.8062669193
10544,,,,,,,,0.8130908908,,,0.8130908908
10545,,,,,,,,,5.70413447e-05,,
10546,,,,,,,,0.8185424913,,,0.8185424913
10548,,,,,,,,0.8228230427,,,0.8228230427
10550,,,,,,,,0.8264336466,7.103208056e-05,,0.8264336466
10552,,,,,,,,0.8299703455,,,0.8299703455
10554,,,,,,,,0.8339546192,,,0.8339546192
10555,,,,,,,,,0.0001386130474,,
10556,,,,,,,,0.8387103309,,,0.8387103309
10558,,,,,,,,0.8443230497,,,0.8443230497
10560,,,,,,,,0.850639659,9.662728483e-05,,0.850639659
10562,,,,,,,,0.8572782442,,,0.8572782442
10564,,,,,,,,0.8636908695,,,0.8636908695
10565,,,,,,,,,1.510259915e-05,,
10566,,,,,,,,0.8693551887,,,0.8693551887
10568,,,,,,,,0.8739997854,,,0.8739997854
10570,,,,,,,,0.8776517993,3.48812789e-05,,0.8776517993
10572,,,,,,,,0.8805342341,,,0.8805342341
10574,,,,,,,,0.8829723574,,,0.8829723574
10575,,,,,,,,,1.671188976e-05,,
10576,,,,,,,,0.8853932407,,,0.8853932407
10578,,,,,,,,0.8882488537,,,0.8882488537
10580,,,,,,,,0.8918750208,-6.880368473e-06,,0.8918750208
10582,,,,,,,,0.8963319511,,,0.8963319511
10584,,,,,,,,0.9013941454,,,0.9013941454
10585,,,,,,,,,2.369060394e-05,,
10586,,,,,,,,0.906631345,,,0.906631345
10588,,,,,,,,0.9115944179,,,0.9115944179
10590,,,,,,,,0.9159275291,5.058727044e-05,,0.9159275291
10592,,,,,,,,0.9194378567,,,0.9194378567
10594,,,,,,,,0.9220489302,,,0.9220489302
10595,,,,,,,,,9.423631529e-05,,
10596,,,,,,,,0.9238656343,,,0.9238656343
10598,,,,,,,,0.9252099054,,,0.9252099054
10600,,,,,,,,0.9265735442,5.827014345e-05,,0.9265735442
10602,,,,,,,,0.9283887989,,,0.9283887989
10604,,,,,,,,0.9308931856,,,0.9308931856
10605,,,,,,,,,2.358678559e-05,,
10606,,,,,,,,0.9341050118,,,0.9341050118
10608,,,,,,,,0.9378832064,,,0.9378832064
10610,,,,,,,,0.9419473347,4.552453507e-06,,0.9419473347
10612,,,,,,,,0.9458962997,,,0.9458962997
10614,,,,,,,,0.9492657115,,,0.9492657115
10615,,,,,,,,,2.585546081e-05,,
10616,,,,,,,,0.9516784544,,,0.9516784544
10618,,,,,,,,0.9530297034,,,0.9530297034
10620,,,,,,,,0.9535245887,4.115989364e-05,,0.9535245887
10622,,,,,,,,0.9535516757,,,0.9535516757
10624,,,,,,,,0.9535091036,,,0.9535091036
10625,,,,,,,,,-1.71057129e-05,,
10626,,,,,,,,0.9537616452,,,0.9537616452
10628,,,,,,,,0.9546305404,,,0.9546305404
10630,,,,,,,,0.9563677768,-8.61734062e-05,,0.9563677768
10632,,,,,,,,0.9589891093,,,0.9589891093
10634,,,,,,,,0.9622148332,,,0.9622148332
10635,,,,,,,,,-1.157407447e-05,,
10636,,,,,,,,0.9655426114,,,0.9655426114
10638,,,,,,,,0.9684758591,,,0.9684758591
10640,,,,,,,,0.9706566352,0.0001271151902,,0.9706566352
10642,,,,,,,,0.9719162137,,,0.9719162137
10644,,,,,,,,0.9722504383,,,0.9722504383
10645,,,,,,,,,3.315234688e-05,,
10646,,,,,,,,0.971834161,,,0.971834161
10648,,,,,,,,0.9710364977,,,0.9710364977
10650,,,,,,,,0.9703696209,-2.258462554e-05,,0.9703696209
10652,,,,,,,,0.9703443094,,,0.9703443094
10654,,,,,,,,0.9712640548,,,0.9712640548
10655,,,,,,,,,5.711921937e-05,,
10656,,,,,,,,0.9731263228,,,0.9731263228
10658,,,,,,,,0.9756606508,,,0.9756606508
10660,,,,,,,,0.9785150599,8.057710686e-05,,0.9785150599
10662,,,,,,,,0.981311552,,,0.981311552
10664,,,,,,,,0.9836480353,,,0.9836480353
10665,,,,,,,,,-1.784662891e-05,,
10666,,,,,,,,0.9851155052,,,0.9851155052
10668,,,,,,,,0.9854893569,,,0.9854893569
10670,,,,,,,,0.9848661082,-2.209596843e-06,,0.9848661082
10672,,,,,,,,0.9836364161,,,0.9836364161
10674,,,,,,,,0.9822991036,,,0.9822991036
10675,,,,,,,,,8.059834837e-05,,
10676,,,,,,,,0.981284078,,,0.981284078
10678,,,,,,,,0.9808902773,,,0.9808902773
10680,,,,,,,,0.9812982863,7.706736723e-05,,0.9812982863
10682,,,,,,,,0.9825917792,,,0.9825917792
10684,,,,,,,,0.9846249177,,,0.9846249177
10685,,,,,,,,,9.680531063e-05,,
10686,,,,,,,,0.9869947793,,,0.9869947793
10688,,,,,,,,0.9891670046,,,0.9891670046
10690,,,,,,,,0.9907216413,8.518317794e-05,,0.9907216413
10692,,,,,,,,0.9914409553,,,0.9914409553
10694,,,,,,,,0.9912718821,,,0.9912718821
10695,,,,,,,,,5.873959779e-05,,
10696,,,,,,,,0.9902775447,,,0.9902775447
10698,,,,,,,,0.9886671656,,,0.9886671656
10700,,,,,,,,0.9868210752,9.023828374e-05,,0.9868210752
10702,,,,,,,,0.9852277678,,,0.9852277678
10704,,,,,,,,0.9843804719,,,0.9843804719
10705,,,,,,,,,7.062110464e-05,,
10706,,,,,,,,0.9845476245,,,0.9845476245
10708,,,,,,,,0.9856987792,,,0.9856987792
10710,,,,,,,,0.9875827586,1.999757838e-05,,0.9875827586
10712,,,,,,,,0.9898888378,,,0.9898888378
10714,,,,,,,,0.9922776158,,,0.9922776158
10715,,,,,,,,,-2.583675078e-05,,
10716,,,,,,,,0.9943426581,,,0.9943426581
10718,,,,,,,,0.9956618592,,,0.9956618592
10720,,,,,,,,0.9959559819,-7.130414398e-06,,0.9959559819
10722,,,,,,,,0.9952331995,,,0.9952331995
10724,,,,,,,,0.9937566283,,,0.9937566283
10725,,,,,,,,,6.89006738e-05,,
10726,,,,,,,,0.991943069,,,0.991943069
10728,,,,,,,,0.9901935566,,,0.9901935566
10730,,,,,,,,0.9888714758,7.777753688e-05,,0.9888714758
10732,,,,,,,,0.9883214604,,,0.9883214604
10734,,,,,,,,0.9888059258,,,0.9888059258
10735,,,,,,,,,-4.125340106e-06,,
10736,,,,,,,,0.9903393951,,,0.9903393951
10738,,,,,,,,0.9925920729,,,0.9925920729
10740,,,,,,,,0.9950380452,-1.680228199e-05,,0.9950380452
10742,,,,,,,,0.9971285235,,,0.9971285235
10744,,,,,,,,0.9984464681,,,0.9984464681
10745,,,,,,,,,-1.643469931e-05,,
10746,,,,,,,,0.9987326083,,,0.9987326083
10748,,,,,,,,0.9978909832,,,0.9978909832
10750,,,,,,,,0.9960033566,6.663830238e-06,,0.9960033566
10752,,,,,,,,0.9933810974,,,0.9933810974
10754,,,,,,,,0.9905934263,,,0.9905934263
10755,,,,,,,,,7.514413624e-05,,
10756,,,,,,,,0.9883091004,,,0.9883091004
10758,,,,,,,,0.9870617859,,,0.9870617859
10760,,,,,,,,0.987062034,6.071013977e-05,,0.987062034
10762,,,,,,,,0.9882270267,,,0.9882270267
10764,,,,,,,,0.9902911289,,,0.9902911289
10765,,,,,,,,,9.365933061e-05,,
10766,,,,,,,,0.9928747929,,,0.9928747929
10768,,,,,,,,0.9954763571,,,0.9954763571
10770,,,,,,,,0.9974749714,0.0001207698402,,0.9974749714
10772,,,,,,,,0.9983339716,,,0.9983339716
10774,,,,,,,,0.9978319859,,,0.9978319859
10775,,,,,,,,,0.0001284879108,,
10776,,,,,,,,0.996151417,,,0.996151417
10778,,,,,,,,0.9937371319,,,0.9937371319
10780,,,,,,,,0.991123624,0.0002081783635,,0.991123624
10782,,,,,,,,0.9888495437,,,0.9888495437
10784,,,,,,,,0.9874038307,,,0.9874038307
10785,,,,,,,,,0.0002154994936,,
10786,,,,,,,,0.9871733192,,,0.9871733192
10788,,,,,,,,0.9883040588,,,0.9883040588
10790,,,,,,,,0.9906007836,0.0001427127715,,0.9906007836
10792,,,,,,,,0.9935411138,,,0.9935411138
10794,,,,,,,,0.9964723151,,,0.9964723151
10795,,,,,,,,,0.0001149681647,,
10796,,,,,,,,0.9988209155,,,0.9988209155
10798,,,,,,,,1.000130393,,,1.000130393
10800,,,,,,,,1.000093581,0.0001538372646,,1.000093581
10802,,,,,,,,0.9986217349,,,0.9986217349
10804,,,,,,,,0.9959398124,,,0.9959398124
10805,,,,,,,,,0.0001169190825,,
10806,,,,,,,,0.9925739761,,,0.9925739761
10808,,,,,,,,0.9892536791,,,0.9892536791
10810,,,,,,,,0.9867276014,2.824774203e-05,,0.9867276014
10812,,,,,,,,0.9854804117,,,0.9854804117
10814,,,,,,,,0.9856569485,,,0.9856569485
10815,,,,,,,,,1.638298088e-06,,
10816,,,,,,,,0.987156522,,,0.987156522
10818,,,,,,,,0.9897111279,,,0.9897111279
10820,,,,,,,,0.9928197444,5.985420166e-05,,0.9928197444
10822,,,,,,,,0.9957457531,,,0.9957457531
10824,,,,,,,,0.9977460882,,,0.9977460882
10825,,,,,,,,,0.0001382747022,,
10826,,,,,,,,0.9982875973,,,0.9982875973
10828,,,,,,,,0.9972237931,,,0.9972237931
10830,,,,,,,,0.9948018176,0.0001561615815,,0.9948018176
10832,,,,,,,,0.9915322156,,,0.9915322156
10834,,,,,,,,0.9880310746,,,0.9880310746
10835,,,,,,,,,0.0001776122229,,
10836,,,,,,,,0.9849511192,,,0.9849511192
10838,,,,,,,,0.9829761809,,,0.9829761809
10840,,,,,,,,0.982608683,0.000171690074,,0.982608683
10842,,,,,,,,0.9839604266,,,0.9839604266
10844,,,,,,,,0.9867032097,,,0.9867032097
10845,,,,,,,,,0.000106671527,,
10846,,,,,,,,0.9901831608,,,0.9901831608
10848,,,,,,,,0.9936211826,,,0.9936211826
10850,,,,,,,,0.9962857708,0.0001172818161,,0.9962857708
10852,,,,,,,,0.9976207676,,,0.9976207676
10854,,,,,,,,0.9972745696,,,0.9972745696
10855,,,,,,,,,0.0001509769205,,
10856,,,,,,,,0.9951718183,,,0.9951718183
10858,,,,,,,,0.9916582822,,,0.9916582822
10860,,,,,,,,0.9874774739,6.288845253e-05,,0.9874774739
10862,,,,,,,,0.9835856337,,,0.9835856337
10864,,,,,,,,0.9808266375,,,0.9808266375
10865,,,,,,,,,3.641399771e-06,,
10866,,,,,,,,0.9796659601,,,0.9796659601
10868,,,,,,,,0.9801677891,,,0.9801677891
10870,,,,,,,,0.9821191161,5.702482006e-05,,0.9821191161
10872,,,,,,,,0.9851172647,,,0.9851172647
10874,,,,,,,,0.9885070103,,,0.9885070103
10875,,,,,,,,,0.0001137756767,,
10876,,,,,,,,0.9914410049,,,0.9914410049
10878,,,,,,,,0.9931391763,,,0.9931391763
10880,,,,,,,,0.9931272771,0.0001193047661,,0.9931272771
10882,,,,,,,,0.9913849265,,,0.9913849265
10884,,,,,,,,0.9883087184,,,0.9883087184
10885,,,,,,,,,0.0001585026456,,
10886,,,,,,,,0.9845386539,,,0.9845386539
10888,,,,,,,,0.9807730122,,,0.9807730122
10890,,,,,,,,0.9776927607,0.0001585863844,,0.9776927607
10892,,,,,,,,0.9759287576,,,0.9759287576
10894,,,,,,,,0.9758297518,,,0.9758297518
10895,,,,,,,,,0.0001339146538,,
10896,,,,,,,,0.9773156977,,,0.9773156977
10898,,,,,,,,0.9799487675,,,0.9799487675
10900,,,,,,,,0.9830721974,0.0001755432894,,0.9830721974
10902,,,,,,,,0.9859838585,,,0.9859838585
10904,,,,,,,,0.9880787092,,,0.9880787092
10905,,,,,,,,,0.0001652051079,,
10906,,,,,,,,0.9889355701,,,0.9889355701
10908,,,,,,,,0.9883317688,,,0.9883317688
10910,,,,,,,,0.9862947118,9.667264845e-05,,0.9862947118
10912,,,,,,,,0.9832100957,,,0.9832100957
10914,,,,,,,,0.979760107,,,0.979760107
10915,,,,,,,,,9.244490898e-05,,
10916,,,,,,,,0.9767194433,,,0.9767194433
10918,,,,,,,,0.9747140395,,,0.9747140395
10920,,,,,,,,0.9740253623,0.0001559929444,,0.9740253623
10922,,,,,,,,0.9746266251,,,0.9746266251
10924,,,,,,,,0.976306624,,,0.976306624
10925,,,,,,,,,0.0001389715431,,
10926,,,,,,,,0.9786905429,,,0.9786905429
10928,,,,,,,,0.9812193226,,,0.9812193226
10930,,,,,,,,0.9832233392,9.041291823e-05,,0.9832233392
10932,,,,,,,,0.9841250822,,,0.9841250822
10934,,,,,,,,0.9836272094,,,0.9836272094
10935,,,,,,,,,0.0001052138841,,
10936,,,,,,,,0.9818086657,,,0.9818086657
10938,,,,,,,,0.979086674,,,0.979086674
10940,,,,,,,,0.9759714737,0.0001215659827,,0.9759714737
10942,,,,,,,,0.9729513358,,,0.9729513358
10944,,,,,,,,0.9705115708,,,0.9705115708
10945,,,,,,,,,0.0001271883565,,
10946,,,,,,,,0.9690734109,,,0.9690734109
10948,,,,,,,,0.9688467262,,,0.9688467262
10950,,,,,,,,0.9697244408,0.0001260970807,,0.9697244408
10952,,,,,,,,0.9713186584,,,0.9713186584
10954,,,,,,,,0.9730752429,,,0.9730752429
10955,,,,,,,,,0.0001427154403,,
10956,,,,,,,,0.9744640983,,,0.9744640983
10958,,,,,,,,0.9751548888,,,0.9751548888
10960,,,,,,,,0.9749907346,0.000217546651,,0.9749907346
10962,,,,,,,,0.9739169501,,,0.9739169501
10964,,,,,,,,0.9720280544,,,0.9720280544
10965,,,,,,,,,0.0002620597822,,
10966,,,,,,,,0.9695932009,,,0.9695932009
10968,,,,,,,,0.9670893082,,,0.9670893082
10970,,,,,,,,0.9650896525,0.0002436674715,,0.9650896525
10972,,,,,,,,0.9639679582,,,0.9639679582
10974,,,,,,,,0.9637498974,,,0.9637498974
10975,,,,,,,,,0.0001751974895,,
10976,,,,,,,,0.9642085237,,,0.9642085237
10978,,,,,,,,0.9650199883,,,0.9650199883
10980,,,,,,,,0.9658548066,0.0001039460169,,0.9658548066
10982,,,,,,,,0.9663965548,,,0.9663965548
10984,,,,,,,,0.966344279,,,0.966344279
10985,,,,,,,,,0.0001714592963,,
10986,,,,,,,,0.9654569471,,,0.9654569471
10988,,,,,,,,0.9637065436,,,0.9637065436
10990,,,,,,,,0.9613945812,0.000224319155,,0.9613945812
10992,,,,,,,,0.958990453,,,0.958990453
10994,,,,,,,,0.9568967794,,,0.9568967794
10995,,,,,,,,,0.0002270046332,,
10996,,,,,,,,0.9553566688,,,0.9553566688
10998,,,,,,,,0.9544315179,,,0.9544315179
11000,,,,,,,,0.9540780357,0.0002226181757,,0.9540780357
11002,,,,,,,,0.9541836055,,,0.9541836055
11004,,,,,,,,0.9544846381,,,0.9544846381
11005,,,,,,,,,0.0001933837219,,
11006,,,,,,,,0.9545784634,,,0.9545784634
11008,,,,,,,,0.9540708189,,,0.9540708189
11010,,,,,,,,0.952716806,0.000196256441,,0.952716806
11012,,,,,,,,0.9505354929,,,0.9505354929
11014,,,,,,,,0.9478127764,,,0.9478127764
11015,,,,,,,,,0.0003111746324,,
11016,,,,,,,,0.9449401822,,,0.9449401822
11018,,,,,,,,0.9422572412,,,0.9422572412
11020,,,,,,,,0.9400457281,0.0003753838108,,0.9400457281
11022,,,,,,,,0.9385736243,,,0.9385736243
11024,,,,,,,,0.9379994471,,,0.9379994471
11025,,,,,,,,,0.0003180853379,,
11026,,,,,,,,0.9382464554,,,0.9382464554
11028,,,,,,,,0.9389809491,,,0.9389809491
11030,,,,,,,,0.939663976,0.00027134597,,0.939663976
11032,,,,,,,,0.9397547236,,,0.9397547236
11034,,,,,,,,0.9389345057,,,0.9389345057
11035,,,,,,,,,0.0003265144243,,
11036,,,,,,,,0.937106256,,,0.937106256
11038,,,,,,,,0.9343341289,,,0.9343341289
11040,,,,,,,,0.9308262379,0.0004610192482,,0.9308262379
11042,,,,,,,,0.9269221948,,,0.9269221948
11044,,,,,,,,0.9231183858,,,0.9231183858
11045,,,,,,,,,0.0005359444801,,
11046,,,,,,,,0.9200067645,,,0.9200067645
11048,,,,,,,,0.9180252889,,,0.9180252889
11050,,,,,,,,0.9172610408,0.0005806508553,,0.9172610408
11052,,,,,,,,0.9174751314,,,0.9174751314
11054,,,,,,,,0.9182331928,,,0.9182331928
11055,,,,,,,,,0.0006529270743,,
11056,,,,,,,,0.9190068704,,,0.9190068704
11058,,,,,,,,0.9192605835,,,0.9192605835
11060,,,,,,,,0.9185213887,0.0007090194211,,0.9185213887
11062,,,,,,,,0.9164323762,,,0.9164323762
11064,,,,,,,,0.9128689157,,,0.9128689157
11065,,,,,,,,,0.0008267764788,,
11066,,,,,,,,0.908046548,,,0.908046548
11068,,,,,,,,0.9025002558,,,0.9025002558
11070,,,,,,,,0.8969443031,0.0008961211333,,0.8969443031
11072,,,,,,,,0.8920579481,,,0.8920579481
11074,,,,,,,,0.8883014982,,,0.8883014982
11075,,,,,,,,,0.0009631665862,,
11076,,,,,,,,0.885900982,,,0.885900982
11078,,,,,,,,0.8849047849,,,0.8849047849
11080,,,,,,,,0.8851199106,0.00102909839,,0.8851199106
11082,,,,,,,,0.8860605138,,,0.8860605138
11084,,,,,,,,0.887017948,,,0.887017948
11085,,,,,,,,,0.001133055396,,
11086,,,,,,,,0.887182361,,,0.887182361
11088,,,,,,,,0.8859013143,,,0.8859013143
11090,,,,,,,,0.8829188609,0.001264584991,,0.8829188609
11092,,,,,,,,0.8783384399,,,0.8783384399
11094,,,,,,,,0.8725114015,,,0.8725114015
11095,,,,,,,,,0.001368539843,,
11096,,,,,,,,0.8659904274,,,0.8659904274
11098,,,,,,,,0.859467213,,,0.859467213
11100,,,,,,,,0.8536984412,0.001602403909,,0.8536984412
11102,,,,,,,,0.8493498072,,,0.8493498072
11104,,,,,,,,0.8467280209,,,0.8467280209
11105,,,,,,,,,0.001905361221,,
11106,,,,,,,,0.8456839443,,,0.8456839443
11108,,,,,,,,0.8457458328,,,0.8457458328
11110,,,,,,,,0.8462561124,0.002170215566,,0.8462561124
11112,,,,,,,,0.8464949926,,,0.8464949926
11114,,,,,,,,0.8458022907,,,0.8458022907
11115,,,,,,,,,0.002367502004,,
11116,,,,,,,,0.8436344495,,,0.8436344495
11118,,,,,,,,0.8396340735,,,0.8396340735
11120,,,,,,,,0.8337760464,0.002524383526,,0.8337760464
11122,,,,,,,,0.8264561713,,,0.8264561713
11124,,,,,,,,0.81842713,,,0.81842713
11125,,,,,,,,,0.002787311003,,
11126,,,,,,,,0.8105940403,,,0.8105940403
11128,,,,,,,,0.8037158539,,,0.8037158539
11130,,,,,,,,0.7982273354,0.003189514126,,0.7982273354
11132,,,,,,,,0.7942722722,,,0.7942722722
11134,,,,,,,,0.7917631157,,,0.7917631157
11135,,,,,,,,,0.003708951784,,
11136,,,,,,,,0.7903886672,,,0.7903886672
11138,,,,,,,,0.7896168277,,,0.7896168277
11140,,,,,,,,0.7887173612,0.004143327936,,0.7887173612
11142,,,,,,,,0.7869131334,,,0.7869131334
11144,,,,,,,,0.7836529711,,,0.7836529711
11145,,,,,,,,,0.004373500676,,
11146,,,,,,,,0.7787655549,,,0.7787655549
11148,,,,,,,,0.7724016729,,,0.7724016729
11150,,,,,,,,0.7649262019,0.004627705415,,0.7649262019
11152,,,,,,,,0.7568397519,,,0.7568397519
11154,,,,,,,,0.7487380546,,,0.7487380546
11155,,,,,,,,,0.005153585757,,
11156,,,,,,,,0.7412634373,,,0.7412634373
11158,,,,,,,,0.7349345649,,,0.7349345649
11160,,,,,,,,0.7299672307,0.005889696138,,0.7299672307
11162,,,,,,,,0.7262569011,,,0.7262569011
11164,,,,,,,,0.7234605112,,,0.7234605112
11165,,,,,,,,,0.006669982416,,
11166,,,,,,,,0.7210927931,,,0.7210927931
11168,,,,,,,,0.7186555688,,,0.7186555688
11170,,,,,,,,0.7157210545,0.007150457588,,0.7157210545
11172,,,,,,,,0.7119425158,,,0.7119425158
11174,,,,,,,,0.7070818513,,,0.7070818513
11175,,,,,,,,,0.007423587622,,
11176,,,,,,,,0.70104684,,,0.70104684
11178,,,,,,,,0.6939618489,,,0.6939618489
11180,,,,,,,,0.6862188478,0.007935465867,,0.6862188478
11182,,,,,,,,0.6783448112,,,0.6783448112
11184,,,,,,,,0.6707789993,,,0.6707789993
11185,,,,,,,,,0.00893270863,,
11186,,,,,,,,0.6637712785,,,0.6637712785
11188,,,,,,,,0.6574026087,,,0.6574026087
11190,,,,,,,,0.6516656398,0.0101283588,,0.6516656398
11192,,,,,,,,0.6465275762,,,0.6465275762
11194,,,,,,,,0.6418687035,,,0.6418687035
11195,,,,,,,,,0.01105453513,,
11196,,,,,,,,0.637417129,,,0.637417129
11198,,,,,,,,0.6328439842,,,0.6328439842
11200,,,,,,,,0.6279132772,0.01158244901,,0.6279132772
11202,,,,,,,,0.6225393061,,,0.6225393061
11204,,,,,,,,0.6167436126,,,0.6167436126
11205,,,,,,,,,0.01207367299,,
11206,,,,,,,,0.6105396689,,,0.6105396689
11208,,,,,,,,0.6039074233,,,0.6039074233
11210,,,,,,,,0.5968923247,0.01312153112,,0.5968923247
11212,,,,,,,,0.5896326681,,,0.5896326681
11214,,,,,,,,0.5823118825,,,0.5823118825
11215,,,,,,,,,0.01480778767,,
11216,,,,,,,,0.5751071325,,,0.5751071325
11218,,,,,,,,0.568111952,,,0.568111952
11220,,,,,,,,0.5613268585,0.01643807846,,0.5613268585
11222,,,,,,,,0.5547437025,,,0.5547437025
11224,,,,,,,,0.5483876037,,,0.5483876037
11225,,,,,,,,,0.01751861347,,
11226,,,,,,,,0.5423395584,,,0.5423395584
11228,,,,,,,,0.536715983,,,0.536715983
11230,,,,,,,,0.5315182071,0.01821882617,,0.5315182071
11232,,,,,,,,0.5265724448,,,0.5265724448
11234,,,,,,,,0.5216401469,,,0.5216401469
11235,,,,,,,,,0.01931819137,,
11236,,,,,,,,0.5165058292,,,0.5165058292
11238,,,,,,,,0.5110177751,,,0.5110177751
11240,,,,,,,,0.5050653526,0.02123243191,,0.5050653526
11242,,,,,,,,0.4985178464,,,0.4985178464
11244,,,,,,,,0.4912894101,,,0.4912894101
11245,,,,,,,,,0.02354772696,,
11246,,,,,,,,0.4834644641,,,0.4834644641
11248,,,,,,,,0.4752968624,,,0.4752968624
11250,,,,,,,,0.4671274433,0.02550668601,,0.4671274433
11252,,,,,,,,0.4592802864,,,0.4592802864
11254,,,,,,,,0.4519922825,,,0.4519922825
11255,,,,,,,,,0.02670472502,,
11256,,,,,,,,0.4454468826,,,0.4454468826
11258,,,,,,,,0.4397934177,,,0.4397934177
11260,,,,,,,,0.435050944,0.02774731837,,0.435050944
11262,,,,,,,,0.4310289017,,,0.4310289017
11264,,,,,,,,0.4273325549,,,0.4273325549
11265,,,,,,,,,0.02957682531,,
11266,,,,,,,,0.4234455448,,,0.4234455448
11268,,,,,,,,0.4188785249,,,0.4188785249
11270,,,,,,,,0.4132733639,0.03232493,,0.4132733639
11272,,,,,,,,0.4064600522,,,0.4064600522
11274,,,,,,,,0.3985067258,,,0.3985067258
11275,,,,,,,,,0.0352788939,,
11276,,,,,,,,0.3896955247,,,0.3896955247
11278,,,,,,,,0.3804551387,,,0.3804551387
11280,,,,,,,,0.3713175737,0.03752603315,,0.3713175737
11282,,,,,,,,0.3628437744,,,0.3628437744
11284,,,,,,,,0.3555213788,,,0.3555213788
11285,,,,,,,,,0.03903419098,,
11286,,,,,,,,0.3496570732,,,0.3496570732
11288,,,,,,,,0.3452481547,,,0.3452481547
11290,,,,,,,,0.3419877947,0.04073237197,,0.3419877947
11292,,,,,,,,0.3394060408,,,0.3394060408
11294,,,,,,,,0.3369685934,,,0.3369685934
11295,,,,,,,,,0.04334972009,,
11296,,,,,,,,0.3341291485,,,0.3341291485
11298,,,,,,,,0.3303621253,,,0.3303621253
11300,,,,,,,,0.3252209666,0.04691861359,,0.3252209666
11302,,,,,,,,0.318487332,,,0.318487332
11304,,,,,,,,0.3103052831,,,0.3103052831
11305,,,,,,,,,0.05061183341,,
11306,,,,,,,,0.301174408,,,0.301174408
11308,,,,,,,,0.291825784,,,0.291825784
11310,,,,,,,,0.28302172,0.05350703516,,0.28302172
11312,,,,,,,,0.2753728733,,,0.2753728733
11314,,,,,,,,0.2692592517,,,0.2692592517
11315,,,,,,,,,0.05578825218,,
11316,,,,,,,,0.2647996561,,,0.2647996561
11318,,,,,,,,0.2618406453,,,0.2618406453
11320,,,,,,,,0.2599931189,0.05839206089,,0.2599931189
11322,,,,,,,,0.2586819946,,,0.2586819946
11324,,,,,,,,0.2572188344,,,0.2572188344
11325,,,,,,,,,0.06197879814,,
11326,,,,,,,,0.2549277373,,,0.2549277373
11328,,,,,,,,0.2512692112,,,0.2512692112
11330,,,,,,,,0.2459687534,0.06642499884,,0.2459687534
11332,,,,,,,,0.2390978452,,,0.2390978452
11334,,,,,,,,0.2310383598,,,0.2310383598
11335,,,,,,,,,0.0706822536,,
11336,,,,,,,,0.2224006403,,,0.2224006403
11338,,,,,,,,0.2139179017,,,0.2139179017
11340,,,,,,,,0.2063057374,0.07426731574,,0.2063057374
11342,,,,,,,,0.2001249501,,,0.2001249501
11344,,,,,,,,0.1956536232,,,0.1956536232
11345,,,,,,,,,0.07754430014,,
11346,,,,,,,,0.1928195273,,,0.1928195273
11348,,,,,,,,0.1912552684,,,0.1912552684
11350,,,,,,,,0.1904162731,0.08112962006,,0.1904162731
11352,,,,,,,,0.1896947014,,,0.1896947014
11354,,,,,,,,0.1885121594,,,0.1885121594
11355,,,,,,,,,0.08558170049,,
11356,,,,,,,,0.1863653191,,,0.1863653191
11358,,,,,,,,0.1828846101,,,0.1828846101
11360,,,,,,,,0.1779314055,0.09073324505,,0.1779314055
11362,,,,,,,,0.1716553428,,,0.1716553428
11364,,,,,,,,0.1645035029,,,0.1645035029
11365,,,,,,,,,0.09605018066,,
11366,,,,,,,,0.1571444421,,,0.1571444421
11368,,,,,,,,0.1502947784,,,0.1502947784
11370,,,,,,,,0.1445442246,0.1010947043,,0.1445442246
11372,,,,,,,,0.1402339419,,,0.1402339419
11374,,,,,,,,0.137408659,,,0.137408659
11375,,,,,,,,,0.1057613241,,
11376,,,,,,,,0.1358615593,,,0.1358615593
11378,,,,,,,,0.1352138323,,,0.1352138323
11380,,,,,,,,0.1349882703,0.1103110582,,0.1349882703
11382,,,,,,,,0.1346759919,,,0.1346759919
11384,,,,,,,,0.1337787874,,,0.1337787874
11385,,,,,,,,,0.1154570479,,
11386,,,,,,,,0.13187862,,,0.13187862
11388,,,,,,,,0.128740725,,,0.128740725
11390,,,,,,,,0.124376117,0.12166084,,0.124376117
11392,,,,,,,,0.1190559863,,,0.1190559863
11394,,,,,,,,0.1132597323,,,0.1132597323
11395,,,,,,,,,0.1287487204,,
11396,,,,,,,,0.1075562471,,,0.1075562471
11398,,,,,,,,0.1024809591,,,0.1024809591
11400,,,,,,,,0.09843035869,0.1358896559,,0.09843035869
11402,,,,,,,,0.09558635031,,,0.09558635031
11404,,,,,,,,0.09390244935,,,0.09390244935
11405,,,,,,,,,0.1418492408,,
11406,,,,,,,,0.09313713487,,,0.09313713487
11408,,,,,,,,0.09292457828,,,0.09292457828
11410,,,,,,,,0.09286395187,0.1467541747,,0.09286395187
11412,,,,,,,,0.09257386042,,,0.09257386042
11414,,,,,,,,0.09172796348,,,0.09172796348
11415,,,,,,,,,0.1522009964,,
11416,,,,,,,,0.09008662239,,,0.09008662239
11418,,,,,,,,0.08753032117,,,0.08753032117
11420,,,,,,,,0.08410696215,0.1597747514,,0.08410696215
11422,,,,,,,,0.08005371642,,,0.08005371642
11424,,,,,,,,0.07575856053,,,0.07575856053
11425,,,,,,,,,0.1695473329,,
11426,,,,,,,,0.07167376509,,,0.07167376509
11428,,,,,,,,0.0681967755,,,0.0681967755
11430,,,,,,,,0.06557351906,0.179329354,,0.06557351906
11432,,,,,,,,0.06386653093,,,0.06386653093
11434,,,,,,,,0.06296740985,,,0.06296740985
11435,,,,,,,,,0.1868728341,,
11436,,,,,,,,0.06265541606,,,0.06265541606
11438,,,,,,,,0.06266437597,,,0.06266437597
11440,,,,,,,,0.06271534329,0.1920392114,,0.06271534329
11442,,,,,,,,0.06253457818,,,0.06253457818
11444,,,,,,,,0.06187790349,,,0.06187790349
11445,,,,,,,,,0.1979331322,,
11446,,,,,,,,0.06057515376,,,0.06057515376
11448,,,,,,,,0.05858547597,,,0.05858547597
11450,,,,,,,,0.05601446594,0.2079557737,,0.05601446594
11452,,,,,,,,0.05308797543,,,0.05308797543
11454,,,,,,,,0.05010121044,,,0.05010121044
11455,,,,,,,,,0.2214656375,,
11456,,,,,,,,0.04734984552,,,0.04734984552
11458,,,,,,,,0.04507320298,,,0.04507320298
11460,,,,,,,,0.04341407713,0.2344775298,,0.04341407713
11462,,,,,,,,0.04239435927,,,0.04239435927
11464,,,,,,,,0.04192316646,,,0.04192316646
11465,,,,,,,,,0.2428968347,,
11466,,,,,,,,0.04182932755,,,0.04182932755
11468,,,,,,,,0.04190330032,,,0.04190330032
11470,,,,,,,,0.04193806278,0.2474782005,,0.04193806278
11472,,,,,,,,0.04174925533,,,0.04174925533
11474,,,,,,,,0.04118923421,,,0.04118923421
11475,,,,,,,,,0.2538398725,,
11476,,,,,,,,0.04016841254,,,0.04016841254
11478,,,,,,,,0.03867838957,,,0.03867838957
11480,,,,,,,,0.03681273597,0.2665748362,,0.03681273597
11482,,,,,,,,0.03475902902,,,0.03475902902
11484,,,,,,,,0.03274738599,,,0.03274738599
11485,,,,,,,,,0.2842638753,,
11486,,,,,,,,0.03098403598,,,0.03098403598
11488,,,,,,,,0.02959825767,,,0.02959825767
11490,,,,,,,,0.02862689338,0.3001704627,,0.02862689338
11492,,,,,,,,0.02803403027,,,0.02803403027
11494,,,,,,,,0.02773676722,,,0.02773676722
11495,,,,,,,,,0.3088968208,,
11496,,,,,,,,0.0276313005,,,0.0276313005
11498,,,,,,,,0.02761083416,,,0.02761083416
11500,,,,,,,,0.02756971117,0.3121925259,,0.02756971117
11502,,,,,,,,0.02740779782,,,0.02740779782
11504,,,,,,,,0.02703841856,,,0.02703841856
11505,,,,,,,,,0.3191025376,,
11506,,,,,,,,0.02640076152,,,0.02640076152
11508,,,,,,,,0.02547649511,,,0.02547649511
11510,,,,,,,,0.02429801379,0.335817777,,0.02429801379
11512,,,,,,,,0.02295189617,,,0.02295189617
11514,,,,,,,,0.02157078702,,,0.02157078702
11515,,,,,,,,,0.358325579,,
11516,,,,,,,,0.02030564344,,,0.02030564344
11518,,,,,,,,0.01928688251,,,0.01928688251
11520,,,,,,,,0.0185856404,0.3770033446,,0.0185856404
11522,,,,,,,,0.01819742656,,,0.01819742656
11524,,,,,,,,0.01805887743,,,0.01805887743
11525,,,,,,,,,0.3847452313,,
11526,,,,,,,,0.01807869954,,,0.01807869954
11528,,,,,,,,0.01816380207,,,0.01816380207
11530,,,,,,,,0.01822753223,0.3861574721,,0.01822753223
11532,,,,,,,,0.01818741343,,,0.01818741343
11534,,,,,,,,0.01797017652,,,0.01797017652
11535,,,,,,,,,0.3937719393,,
11536,,,,,,,,0.0175270903,,,0.0175270903
11538,,,,,,,,0.01685421271,,,0.01685421271
11540,,,,,,,,0.01600530365,0.4137989347,,0.01600530365
11542,,,,,,,,0.01507991442,,,0.01507991442
11544,,,,,,,,0.01419086248,,,0.01419086248
11545,,,,,,,,,0.4399046815,,
11546,,,,,,,,0.01342691328,,,0.01342691328
11548,,,,,,,,0.01283244521,,,0.01283244521
11550,,,,,,,,0.01241324822,0.4591860304,,0.01241324822
11552,,,,,,,,0.01215268536,,,0.01215268536
11554,,,,,,,,0.01202293907,,,0.01202293907
11555,,,,,,,,,0.465061235,,
11556,,,,,,,,0.01198732561,,,0.01198732561
11558,,,,,,,,0.0119974293,,,0.0119974293
11560,,,,,,,,0.01199815787,0.4647987492,,0.01199815787
11562,,,,,,,,0.01193933832,,,0.01193933832
11564,,,,,,,,0.01178293778,,,0.01178293778
11565,,,,,,,,,0.4734656628,,
11566,,,,,,,,0.0115066195,,,0.0115066195
11568,,,,,,,,0.0111059347,,,0.0111059347
11570,,,,,,,,0.01060045737,0.4968979863,,0.01060045737
11572,,,,,,,,0.01003691825,,,0.01003691825
11574,,,,,,,,0.009475217808,,,0.009475217808
11575,,,,,,,,,0.5259220501,,
11576,,,,,,,,0.008968591126,,,0.008968591126
11578,,,,,,,,0.008551411388,,,0.008551411388
11580,,,,,,,,0.008239101256,0.5461206312,,0.008239101256
11582,,,,,,,,0.008035144121,,,0.008035144121
11584,,,,,,,,0.007932340393,,,0.007932340393
11585,,,,,,,,,0.5502520215,,
11586,,,,,,,,0.007910987421,,,0.007910987421
11588,,,,,,,,0.007939525797,,,0.007939525797
11590,,,,,,,,0.007978927163,0.5484546786,,0.007978927163
11592,,,,,,,,0.007991066576,,,0.007991066576
11594,,,,,,,,0.007944988908,,,0.007944988908
11595,,,,,,,,,0.5577264907,,
11596,,,,,,,,0.007818375997,,,0.007818375997
11598,,,,,,,,0.007598715713,,,0.007598715713
11600,,,,,,,,0.007286573086,0.5826618879,,0.007286573086
11602,,,,,,,,0.006900721534,,,0.006900721534
11604,,,,,,,,0.006478757758,,,0.006478757758
11605,,,,,,,,,0.6124409925,,
11606,,,,,,,,0.006069465656,,,0.006069465656
11608,,,,,,,,0.005720472629,,,0.005720472629
11610,,,,,,,,0.005465650153,0.6306611483,,0.005465650153
11612,,,,,,,,0.005318482617,,,0.005318482617
11614,,,,,,,,0.005273472139,,,0.005273472139
11615,,,,,,,,,0.6321118336,,
11616,,,,,,,,0.005312040392,,,0.005312040392
11618,,,,,,,,0.005405741345,,,0.005405741345
11620,,,,,,,,0.005513816133,0.6293101383,,0.005513816133
11622,,,,,,,,0.005585010506,,,0.005585010506
11624,,,,,,,,0.005571508182,,,0.005571508182
11625,,,,,,,,,0.6392661017,,
11626,,,,,,,,0.005448725785,,,0.005448725785
11628,,,,,,,,0.005226551395,,,0.005226551395
11630,,,,,,,,0.004942275067,0.6654950562,,0.004942275067
11632,,,,,,,,0.004642198956,,,0.004642198956
11634,,,,,,,,0.004365517282,,,0.004365517282
11635,,,,,,,,,0.6948517481,,
11636,,,,,,,,0.004136537753,,,0.004136537753
11638,,,,,,,,0.003964091958,,,0.003964091958
11640,,,,,,,,0.003843896656,0.7117185178,,0.003843896656
11642,,,,,,,,0.003762465184,,,0.003762465184
11644,,,,,,,,0.003704384349,,,0.003704384349
11645,,,,,,,,,0.7119423646,,
11646,,,,,,,,0.003660604827,,,0.003660604827
11648,,,,,,,,0.00363251888,,,0.00363251888
11650,,,,,,,,0.003627804467,0.7086115857,,0.003627804467
11652,,,,,,,,0.003648606527,,,0.003648606527
11654,,,,,,,,0.003681059905,,,0.003681059905
11655,,,,,,,,,0.7185972333,,
11656,,,,,,,,0.003694662293,,,0.003694662293
11658,,,,,,,,0.003654328623,,,0.003654328623
11660,,,,,,,,0.003538226193,0.7433133846,,0.003538226193
11662,,,,,,,,0.003348283666,,,0.003348283666
11664,,,,,,,,0.003109387611,,,0.003109387611
11665,,,,,,,,,0.7701710382,,
11666,,,,,,,,0.002859332161,,,0.002859332161
11668,,,,,,,,0.002635857117,,,0.002635857117
11670,,,,,,,,0.002466233351,0.7841797837,,0.002466233351
11672,,,,,,,,0.002361068811,,,0.002361068811
11674,,,,,,,,0.002316143649,,,0.002316143649
11675,,,,,,,,,0.7827522144,,
11676,,,,,,,,0.002319763447,,,0.002319763447
11678,,,,,,,,0.002358097335,,,0.002358097335
11680,,,,,,,,0.002415430921,0.7792399123,,0.002415430921
11682,,,,,,,,0.00247134703,,,0.00247134703
11684,,,,,,,,0.00250244758,,,0.00250244758
11685,,,,,,,,,0.7873113632,,
11686,,,,,,,,0.002490310856,,,0.002490310856
11688,,,,,,,,0.002428766159,,,0.002428766159
11690,,,,,,,,0.002325307737,0.8081169385,,0.002325307737
11692,,,,,,,,0.002195478048,,,0.002195478048
11694,,,,,,,,0.002055270053,,,0.002055270053
11695,,,,,,,,,0.8296179715,,
11696,,,,,,,,0.001917505506,,,0.001917505506
11698,,,,,,,,0.001792775259,,,0.001792775259
11700,,,,,,,,0.00169218274,0.8394519339,,0.00169218274
11702,,,,,,,,0.001627089188,,,0.001627089188
11704,,,,,,,,0.001604504815,,,0.001604504815
11705,,,,,,,,,0.8370855123,,
11706,,,,,,,,0.001621419416,,,0.001621419416
11708,,,,,,,,0.001662517595,,,0.001662517595
11710,,,,,,,,0.001704858754,0.833356779,,0.001704858754
11712,,,,,,,,0.001727775798,,,0.001727775798
11714,,,,,,,,0.001722203007,,,0.001722203007
11715,,,,,,,,,0.8403066755,,
11716,,,,,,,,0.001692567684,,,0.001692567684
11718,,,,,,,,0.001648754961,,,0.001648754961
11720,,,,,,,,0.001595510507,0.85758622,,0.001595510507
11722,,,,,,,,0.001528646272,,,0.001528646272
11724,,,,,,,,0.001441742665,,,0.001441742665
11725,,,,,,,,,0.8750439166,,
11726,,,,,,,,0.001336168125,,,0.001336168125
11728,,,,,,,,0.001223485084,,,0.001223485084
11730,,,,,,,,0.001119058471,0.8834103258,,0.001119058471
11732,,,,,,,,0.001033628753,,,0.001033628753
11734,,,,,,,,0.0009711618953,,,0.0009711618953
11735,,,,,,,,,0.8818449144,,
11736,,,,,,,,0.0009326916943,,,0.0009326916943
11738,,,,,,,,0.0009193199344,,,0.0009193199344
11740,,,,,,,,0.0009316961658,0.8797469088,,0.0009316961658
11742,,,,,,,,0.0009667172822,,,0.0009667172822
11744,,,,,,,,0.001014703408,,,0.001014703408
11745,,,,,,,,,0.885394698,,
11746,,,,,,,,0.001060400757,,,0.001060400757
11748,,,,,,,,0.00108776952,,,0.00108776952
11750,,,,,,,,0.001087297863,0.8983741225,,0.001087297863
11752,,,,,,,,0.001060279199,,,0.001060279199
11754,,,,,,,,0.00101461257,,,0.00101461257
11755,,,,,,,,,0.9114090821,,
11756,,,,,,,,0.00095680064,,,0.00095680064
11758,,,,,,,,0.0008882590565,,,0.0008882590565
11760,,,,,,,,0.0008100428702,0.9166365201,,0.0008100428702
11762,,,,,,,,0.000730695812,,,0.000730695812
11764,,,,,,,,0.000666824918,,,0.000666824918
11765,,,,,,,,,0.914712192,,
11766,,,,,,,,0.0006352229422,,,0.0006352229422
11768,,,,,,,,0.0006430107912,,,0.0006430107912
11770,,,,,,,,0.000683123483,0.9123107904,,0.000683123483
11772,,,,,,,,0.0007379569345,,,0.0007379569345
11774,,,,,,,,0.0007874928083,,,0.0007874928083
11775,,,,,,,,,0.9157820168,,
11776,,,,,,,,0.0008165938099,,,0.0008165938099
11778,,,,,,,,0.000818010834,,,0.000818010834
11780,,,,,,,,0.000791499707,0.9251822324,,0.000791499707
11782,,,,,,,,0.0007417720572,,,0.0007417720572
11784,,,,,,,,0.0006772239012,,,0.0006772239012
11785,,,,,,,,,0.934167593,,
11786,,,,,,,,0.0006081929793,,,0.0006081929793
11788,,,,,,,,0.0005430839079,,,0.0005430839079
11790,,,,,,,,0.0004845319335,0.9379603771,,0.0004845319335
11792,,,,,,,,0.0004299777657,,,0.0004299777657
11794,,,,,,,,0.0003785958361,,,0.0003785958361
11795,,,,,,,,,0.9367723183,,
11796,,,,,,,,0.0003387564494,,,0.0003387564494
11798,,,,,,,,0.0003272490574,,,0.0003272490574
11800,,,,,,,,0.0003576677609,0.935579355,,0.0003576677609
11802,,,,,,,,0.0004267209006,,,0.0004267209006
11804,,,,,,,,0.0005123079801,,,0.0005123079801
11805,,,,,,,,,0.9395026934,,
11806,,,,,,,,0.0005865811139,,,0.0005865811139
11808,,,,,,,,0.0006334978555,,,0.0006334978555
11810,,,,,,,,0.0006550678293,0.947255069,,0.0006550678293
11812,,,,,,,,0.0006618876646,,,0.0006618876646
11814,,,,,,,,0.0006594669755,,,0.0006594669755
11815,,,,,,,,,0.9545966961,,
11816,,,,,,,,0.0006433544667,,,0.0006433544667
11818,,,,,,,,0.0006060060987,,,0.0006060060987
11820,,,,,,,,0.00054568513,0.9573796848,,0.00054568513
11822,,,,,,,,0.0004681655056,,,0.0004681655056
11824,,,,,,,,0.0003823676871,,,0.0003823676871
11825,,,,,,,,,0.9559133264,,
11826,,,,,,,,0.0002973832667,,,0.0002973832667
11828,,,,,,,,0.0002250502912,,,0.0002250502912
11830,,,,,,,,0.0001815960908,0.9549011801,,0.0001815960908
11832,,,,,,,,0.0001813350645,,,0.0001813350645
11834,,,,,,,,0.0002243765249,,,0.0002243765249
11835,,,,,,,,,0.957158129,,
11836,,,,,,,,0.0002905430664,,,0.0002905430664
11838,,,,,,,,0.0003493973612,,,0.0003493973612
11840,,,,,,,,0.0003781796834,0.962650562,,0.0003781796834
11842,,,,,,,,0.0003717322565,,,0.0003717322565
11844,,,,,,,,0.0003360631821,,,0.0003360631821
11845,,,,,,,,,0.9677942731,,
11846,,,,,,,,0.0002750950165,,,0.0002750950165
11848,,,,,,,,0.000188163044,,,0.000188163044
11850,,,,,,,,7.964205729e-05,0.9689887109,,7.964205729e-05
11852,,,,,,,,-3.171117374e-05,,,-3.171117374e-05
11854,,,,,,,,-0.0001162401837,,,-0.0001162401837
11855,,,,,,,,,0.9671642083,,
11856,,,,,,,,-0.0001487683118,,,-0.0001487683118
11858,,,,,,,,-0.0001218792041,,,-0.0001218792041
11860,,,,,,,,-4.797156009e-05,0.9654912529,,-4.797156009e-05
11862,,,,,,,,4.851857038e-05,,,4.851857038e-05
11864,,,,,,,,0.0001407713344,,,0.0001407713344
11865,,,,,,,,,0.9672927898,,
11866,,,,,,,,0.0002059999806,,,0.0002059999806
11868,,,,,,,,0.0002302576637,,,0.0002302576637
11870,,,,,,,,0.0002129568619,0.9723776975,,0.0002129568619
11872,,,,,,,,0.0001687033497,,,0.0001687033497
11874,,,,,,,,0.0001203651541,,,0.0001203651541
11875,,,,,,,,,0.9770954487,,
11876,,,,,,,,8.506400298e-05,,,8.506400298e-05
11878,,,,,,,,6.505098328e-05,,,6.505098328e-05
11880,,,,,,,,5.11557714e-05,0.9790749485,,5.11557714e-05
11882,,,,,,,,3.545233774e-05,,,3.545233774e-05
11884,,,,,,,,1.87069996e-05,,,1.87069996e-05
11885,,,,,,,,,0.9776165609,,
11886,,,,,,,,4.573488078e-06,,,4.573488078e-06
11888,,,,,,,,-8.988910295e-06,,,-8.988910295e-06
11890,,,,,,,,-3.002544113e-05,0.9757759217,,-3.002544113e-05
11892,,,,,,,,-6.347624414e-05,,,-6.347624414e-05
11894,,,,,,,,-0.0001026487037,,,-0.0001026487037
11895,,,,,,,,,0.9769467096,,
11896,,,,,,,,-0.0001315286458,,,-0.0001315286458
11898,,,,,,,,-0.0001346589963,,,-0.0001346589963
11900,,,,,,,,-0.0001061236289,0.9809253929,,-0.0001061236289
11902,,,,,,,,-5.239600728e-05,,,-5.239600728e-05
11904,,,,,,,,1.159765351e-05,,,1.159765351e-05
11905,,,,,,,,,0.9854938624,,
11906,,,,,,,,6.934032275e-05,,,6.934032275e-05
11908,,,,,,,,0.0001090405467,,,0.0001090405467
11910,,,,,,,,0.0001269320754,0.9869380698,,0.0001269320754
11912,,,,,,,,0.0001260051519,,,0.0001260051519
11914,,,,,,,,0.0001118882639,,,0.0001118882639
11915,,,,,,,,,0.984163596,,
11916,,,,,,,,8.922719256e-05,,,8.922719256e-05
11918,,,,,,,,6.104630586e-05,,,6.104630586e-05
11920,,,,,,,,3.051633216e-05,0.9803429684,,3.051633216e-05
11922,,,,,,,,1.507083739e-06,,,1.507083739e-06
11924,,,,,,,,-2.342021965e-05,,,-2.342021965e-05
11925,,,,,,,,,0.9788028129,,
11926,,,,,,,,-4.51074906e-05,,,-4.51074906e-05
11928,,,,,,,,-6.647362316e-05,,,-6.647362316e-05
11930,,,,,,,,-8.728140745e-05,0.9816654079,,-8.728140745e-05
11932,,,,,,,,-0.0001004008133,,,-0.0001004008133
11934,,,,,,,,-9.437049448e-05,,,-9.437049448e-05
11935,,,,,,,,,0.9868502894,,
11936,,,,,,,,-6.124800446e-05,,,-6.124800446e-05
11938,,,,,,,,-4.059228021e-06,,,-4.059228021e-06
11940,,,,,,,,6.228064643e-05,0.9898165674,,6.228064643e-05
11942,,,,,,,,0.0001171981803,,,0.0001171981803
11944,,,,,,,,0.0001435085613,,,0.0001435085613
11945,,,,,,,,,0.9885934696,,
11946,,,,,,,,0.0001338708293,,,0.0001338708293
11948,,,,,,,,9.216252402e-05,,,9.216252402e-05
11950,,,,,,,,3.103645932e-05,0.9842694894,,3.103645932e-05
11952,,,,,,,,-3.24433209e-05,,,-3.24433209e-05
11954,,,,,,,,-8.187962427e-05,,,-8.187962427e-05
11955,,,,,,,,,0.9817089341,,
11956,,,,,,,,-0.0001070626674,,,-0.0001070626674
11958,,,,,,,,-0.000107906658,,,-0.000107906658
11960,,,,,,,,-9.302707879e-05,0.9844149301,,-9.302707879e-05
11962,,,,,,,,-7.297059039e-05,,,-7.297059039e-05
11964,,,,,,,,-5.27962259e-05,,,-5.27962259e-05
11965,,,,,,,,,0.9911039273,,
11966,,,,,,,,-3.053184377e-05,,,-3.053184377e-05
11968,,,,,,,,-3.10076873e-06,,,-3.10076873e-06
11970,,,,,,,,2.678434347e-05,0.9978327058,,2.678434347e-05
11972,,,,,,,,4.999882586e-05,,,4.999882586e-05
11974,,,,,,,,5.811686466e-05,,,5.811686466e-05
11975,,,,,,,,,1.000131657,,
11976,,,,,,,,4.994625518e-05,,,4.994625518e-05
11978,,,,,,,,2.896882716e-05,,,2.896882716e-05
11980,,,,,,,,-4.398842207e-06,0.997305005,,-4.398842207e-06
11982,,,,,,,,-5.557587696e-05,,,-5.557587696e-05
11984,,,,,,,,-0.0001265794197,,,-0.0001265794197
11985,,,,,,,,,0.9931922922,,
11986,,,,,,,,-0.0002040618511,,,-0.0002040618511
11988,,,,,,,,-0.0002629829251,,,-0.0002629829251
11990,,,,,,,,-0.0002847339508,0.9911128749,,-0.0002847339508
11992,,,,,,,,-0.0002726922841,,,-0.0002726922841
11994,,,,,,,,-0.0002486007082,,,-0.0002486007082
11995,,,,,,,,,0.9926662721,,
11996,,,,,,,,-0.0002315596175,,,-0.0002315596175
11998,,,,,,,,-0.0002234827999,,,-0.0002234827999
12000,,,,,,,,-0.0002137506924,0.9950159354,,-0.0002137506924
12002,,,,,,,,-0.000194356578,,,-0.000194356578
12004,,,,,,,,-0.0001695543059,,,-0.0001695543059
12005,,,,,,,,,0.99337216,,
12006,,,,,,,,-0.0001504470421,,,-0.0001504470421
12008,,,,,,,,-0.0001429497594,,,-0.0001429497594
12010,,,,,,,,-0.0001423119364,0.9868090545,,-0.0001423119364
12012,,,,,,,,-0.0001382227641,,,-0.0001382227641
12014,,,,,,,,-0.0001248294072,,,-0.0001248294072
12015,,,,,,,,,0.9778989093,,
12016,,,,,,,,-0.0001059056145,,,-0.0001059056145
12018,,,,,,,,-9.153216104e-05,,,-9.153216104e-05
12020,,,,,,,,-9.025784498e-05,0.9722821315,,-9.025784498e-05
12022,,,,,,,,-0.0001040798429,,,-0.0001040798429
12024,,,,,,,,-0.0001290967134,,,-0.0001290967134
12025,,,,,,,,,0.9733071434,,
12026,,,,,,,,-0.000157894748,,,-0.000157894748
12028,,,,,,,,-0.0001813926312,,,-0.0001813926312
12030,,,,,,,,-0.0001908954379,0.9784129461,,-0.0001908954379
12032,,,,,,,,-0.0001813007197,,,-0.0001813007197
12034,,,,,,,,-0.0001547123373,,,-0.0001547123373
12035,,,,,,,,,0.9825142044,,
12036,,,,,,,,-0.0001209439165,,,-0.0001209439165
12038,,,,,,,,-9.334032139e-05,,,-9.334032139e-05
12040,,,,,,,,-8.259880228e-05,0.980845625,,-8.259880228e-05
12042,,,,,,,,-9.224712084e-05,,,-9.224712084e-05
12044,,,,,,,,-0.0001179576365,,,-0.0001179576365
12045,,,,,,,,,0.9733328163,,
12046,,,,,,,,-0.0001502690382,,,-0.0001502690382
12048,,,,,,,,-0.000178381467,,,-0.000178381467
12050,,,,,,,,-0.000192912814,0.9657428758,,-0.000192912814
12052,,,,,,,,-0.0001875811506,,,-0.0001875811506
12054,,,,,,,,-0.0001613367189,,,-0.0001613367189
12055,,,,,,,,,0.963066014,,
12056,,,,,,,,-0.0001202774033,,,-0.0001202774033
12058,,,,,,,,-7.7016919e-05,,,-7.7016919e-05
12060,,,,,,,,-4.655779597e-05,0.9664042148,,-4.655779597e-05
12062,,,,,,,,-4.001955117e-05,,,-4.001955117e-05
12064,,,,,,,,-5.968671489e-05,,,-5.968671489e-05
12065,,,,,,,,,0.9714109716,,
12066,,,,,,,,-9.822224448e-05,,,-9.822224448e-05
12068,,,,,,,,-0.0001421477046,,,-0.0001421477046
12070,,,,,,,,-0.0001774111559,0.9715775155,,-0.0001774111559
12072,,,,,,,,-0.0001940967167,,,-0.0001940967167
12074,,,,,,,,-0.0001886957205,,,-0.0001886957205
12075,,,,,,,,,0.9650990341,,
12076,,,,,,,,-0.0001639859361,,,-0.0001639859361
12078,,,,,,,,-0.000127774578,,,-0.000127774578
12080,,,,,,,,-9.079846126e-05,0.955340282,,-9.079846126e-05
12082,,,,,,,,-6.299264659e-05,,,-6.299264659e-05
12084,,,,,,,,-4.898278555e-05,,,-4.898278555e-05
12085,,,,,,,,,0.94869554,,
12086,,,,,,,,-4.53805872e-05,,,-4.53805872e-05
12088,,,,,,,,-4.227409683e-05,,,-4.227409683e-05
12090,,,,,,,,-2.90423821e-05,0.9492200618,,-2.90423821e-05
12092,,,,,,,,-1.716864077e-06,,,-1.716864077e-06
12094,,,,,,,,3.297023705e-05,,,3.297023705e-05
12095,,,,,,,,,0.9545794659,,
12096,,,,,,,,6.080595719e-05,,,6.080595719e-05
12098,,,,,,,,6.863083766e-05,,,6.863083766e-05
12100,,,,,,,,5.206573629e-05,0.9593964785,,5.206573629e-05
12102,,,,,,,,1.752789464e-05,,,1.752789464e-05
12104,,,,,,,,-2.222611125e-05,,,-2.222611125e-05
12105,,,,,,,,,0.9589703798,,
12106,,,,,,,,-5.450838279e-05,,,-5.450838279e-05
12108,,,,,,,,-7.09008005e-05,,,-7.09008005e-05
12110,,,,,,,,-6.922456453e-05,0.9527032841,,-6.922456453e-05
12112,,,,,,,,-5.353294932e-05,,,-5.353294932e-05
12114,,,,,,,,-3.173835053e-05,,,-3.173835053e-05
12115,,,,,,,,,0.9460567724,,
12116,,,,,,,,-1.168751372e-05,,,-1.168751372e-05
12118,,,,,,,,2.718690663e-06,,,2.718690663e-06
12120,,,,,,,,1.335787096e-05,0.9440195955,,1.335787096e-05
12122,,,,,,,,2.621709435e-05,,,2.621709435e-05
12124,,,,,,,,4.657915912e-05,,,4.657915912e-05
12125,,,,,,,,,0.9477884858,,
12126,,,,,,,,7.409511196e-05,,,7.409511196e-05
12128,,,,,,,,0.0001015821143,,,0.0001015821143
12130,,,,,,,,0.0001187172124,0.9542920732,,0.0001187172124
12132,,,,,,,,0.0001185094173,,,0.0001185094173
12134,,,,,,,,0.000101567873,,,0.000101567873
12135,,,,,,,,,0.9577994396,,
12136,,,,,,,,7.504925152e-05,,,7.504925152e-05
12138,,,,,,,,4.903444302e-05,,,4.903444302e-05
12140,,,,,,,,3.307417217e-05,0.9558003302,,3.307417217e-05
12142,,,,,,,,3.302975072e-05,,,3.302975072e-05
12144,,,,,,,,4.908992869e-05,,,4.908992869e-05
12145,,,,,,,,,0.9501829656,,
12146,,,,,,,,7.602953137e-05,,,7.602953137e-05
12148,,,,,,,,0.0001058629396,,,0.0001058629396
12150,,,,,,,,0.0001318669825,0.945383556,,0.0001318669825
12152,,,,,,,,0.0001509661869,,,0.0001509661869
12154,,,,,,,,0.0001630302235,,,0.0001630302235
12155,,,,,,,,,0.9456881665,,
12156,,,,,,,,0.0001693342651,,,0.0001693342651
12158,,,,,,,,0.0001716827808,,,0.0001716827808
12160,,,,,,,,0.0001719232039,0.9508353421,,0.0001719232039
12162,,,,,,,,0.0001717444544,,,0.0001717444544
12164,,,,,,,,0.0001726242032,,,0.0001726242032
12165,,,,,,,,,0.9570685348,,
12166,,,,,,,,0.0001759011829,,,0.0001759011829
12168,,,,,,,,0.000182761737,,,0.000182761737
12170,,,,,,,,0.0001936923442,0.9606564349,,0.0001936923442
12172,,,,,,,,0.0002074254349,,,0.0002074254349
12174,,,,,,,,0.0002202538172,,,0.0002202538172
12175,,,,,,,,,0.95922665,,
12176,,,,,,,,0.0002268792289,,,0.0002268792289
12178,,,,,,,,0.0002232010895,,,0.0002232010895
12180,,,,,,,,0.0002094134045,0.9551426403,,0.0002094134045
12182,,,,,,,,0.0001911043458,,,0.0001911043458
12184,,,,,,,,0.0001773399072,,,0.0001773399072
12185,,,,,,,,,0.9527441033,,
12186,,,,,,,,0.0001765596087,,,0.0001765596087
12188,,,,,,,,0.0001929782422,,,0.0001929782422
12190,,,,,,,,0.0002249319311,0.9544662408,,0.0002249319311
12192,,,,,,,,0.0002646685366,,,0.0002646685366
12194,,,,,,,,0.0002998309037,,,0.0002998309037
12195,,,,,,,,,0.9603011318,,
12196,,,,,,,,0.0003170946177,,,0.0003170946177
12198,,,,,,,,0.0003074572417,,,0.0003074572417
12200,,,,,,,,0.0002710078249,0.9666329615,,0.0002710078249
12202,,,,,,,,0.0002176788169,,,0.0002176788169
12204,,,,,,,,0.0001627386913,,,0.0001627386913
12205,,,,,,,,,0.9693680385,,
12206,,,,,,,,0.0001197380686,,,0.0001197380686
12208,,,,,,,,9.53787965e-05,,,9.53787965e-05
12210,,,,,,,,8.968850259e-05,0.9673254579,,8.968850259e-05
12212,,,,,,,,9.949335089e-05,,,9.949335089e-05
12214,,,,,,,,0.0001204687416,,,0.0001204687416
12215,,,,,,,,,0.9622178726,,
12216,,,,,,,,0.0001466381323,,,0.0001466381323
12218,,,,,,,,0.0001692261722,,,0.0001692261722
12220,,,,,,,,0.0001783670042,0.9581806266,,0.0001783670042
12222,,,,,,,,0.0001683278337,,,0.0001683278337
12224,,,,,,,,0.0001420099251,,,0.0001420099251
12225,,,,,,,,,0.9582724692,,
12226,,,,,,,,0.0001111851177,,,0.0001111851177
12228,,,,,,,,9.246992091e-05,,,9.246992091e-05
12230,,,,,,,,0.0001001805509,0.9614723237,,0.0001001805509
12232,,,,,,,,0.0001388217178,,,0.0001388217178
12234,,,,,,,,0.0002001951288,,,0.0002001951288
12235,,,,,,,,,0.9650450455,,
12236,,,,,,,,0.0002673640209,,,0.0002673640209
12238,,,,,,,,0.0003232379364,,,0.0003232379364
12240,,,,,,,,0.0003582828472,0.9653379143,,0.0003582828472
12242,,,,,,,,0.0003716354468,,,0.0003716354468
12244,,,,,,,,0.0003662518833,,,0.0003662518833
12245,,,,,,,,,0.9607034813,,
12246,,,,,,,,0.0003446528745,,,0.0003446528745
12248,,,,,,,,0.0003089290494,,,0.0003089290494
12250,,,,,,,,0.0002637530188,0.953772465,,0.0002637530188
12252,,,,,,,,0.0002189119506,,,0.0002189119506
12254,,,,,,,,0.0001878991658,,,0.0001878991658
12255,,,,,,,,,0.9480197327,,
12256,,,,,,,,0.0001821770327,,,0.0001821770327
12258,,,,,,,,0.0002045380364,,,0.0002045380364
12260,,,,,,,,0.0002465799847,0.9461118651,,0.0002465799847
12262,,,,,,,,0.0002922269413,,,0.0002922269413
12264,,,,,,,,0.0003251302957,,,0.0003251302957
12265,,,,,,,,,0.9479813428,,
12266,,,,,,,,0.0003352243873,,,0.0003352243873
12268,,,,,,,,0.0003203259002,,,0.0003203259002
12270,,,,,,,,0.0002845801195,0.9498684751,,0.0002845801195
12272,,,,,,,,0.0002371997457,,,0.0002371997457
12274,,,,,,,,0.0001905702063,,,0.0001905702063
12275,,,,,,,,,0.9482097388,,
12276,,,,,,,,0.0001562928953,,,0.0001562928953
12278,,,,,,,,0.0001403756065,,,0.0001403756065
12280,,,,,,,,0.0001402935317,0.9419167084,,0.0001402935317
12282,,,,,,,,0.0001470474999,,,0.0001470474999
12284,,,,,,,,0.0001514358837,,,0.0001514358837
12285,,,,,,,,,0.9328520192,,
12286,,,,,,,,0.000149705583,,,0.000149705583
12288,,,,,,,,0.0001452752149,,,0.0001452752149
12290,,,,,,,,0.0001459567289,0.9253758202,,0.0001459567289
12292,,,,,,,,0.0001583237631,,,0.0001583237631
12294,,,,,,,,0.0001825423331,,,0.0001825423331
12295,,,,,,,,,0.921718725,,
12296,,,,,,,,0.0002116122458,,,0.0002116122458
12298,,,,,,,,0.0002354879031,,,0.0002354879031
12300,,,,,,,,0.0002466200405,0.9204491528,,0.0002466200405
12302,,,,,,,,0.0002433395562,,,0.0002433395562
12304,,,,,,,,0.0002295449941,,,0.0002295449941
12305,,,,,,,,,0.918519223,,
12306,,,,,,,,0.0002115779182,,,0.0002115779182
12308,,,,,,,,0.0001948576845,,,0.0001948576845
12310,,,,,,,,0.0001819357015,0.9123886844,,0.0001819357015
12312,,,,,,,,0.0001721541567,,,0.0001721541567
12314,,,,,,,,0.0001637696077,,,0.0001637696077
12315,,,,,,,,,0.9017735403,,
12316,,,,,,,,0.000157317274,,,0.000157317274
12318,,,,,,,,0.0001565977306,,,0.0001565977306
12320,,,,,,,,0.0001659745578,0.8900636247,,0.0001659745578
12322,,,,,,,,0.0001863836937,,,0.0001863836937
12324,,,,,,,,0.0002135130887,,,0.0002135130887
12325,,,,,,,,,0.8809243017,,
12326,,,,,,,,0.0002403408418,,,0.0002403408418
12328,,,,,,,,0.000261858444,,,0.000261858444
12330,,,,,,,,0.0002774369236,0.8759502308,,0.0002774369236
12332,,,,,,,,0.0002892309621,,,0.0002892309621
12334,,,,,,,,0.0002984050246,,,0.0002984050246
12335,,,,,,,,,0.8727859244,,
12336,,,,,,,,0.0003027995176,,,0.0003027995176
12338,,,,,,,,0.0002982750857,,,0.0002982750857
12340,,,,,,,,0.000282741422,0.8670791639,,0.000282741422
12342,,,,,,,,0.000259171916,,,0.000259171916
12344,,,,,,,,0.0002338085246,,,0.0002338085246
12345,,,,,,,,,0.8570900142,,
12346,,,,,,,,0.0002110015008,,,0.0002110015008
12348,,,,,,,,0.0001899201334,,,0.0001899201334
12350,,,,,,,,0.0001662556059,0.8443020443,,0.0001662556059
12352,,,,,,,,0.0001377987229,,,0.0001377987229
12354,,,,,,,,0.0001082381896,,,0.0001082381896
12355,,,,,,,,,0.8322761062,,
12356,,,,,,,,8.458647156e-05,,,8.458647156e-05
12358,,,,,,,,7.139252349e-05,,,7.139252349e-05
12360,,,,,,,,6.720368412e-05,0.8238154842,,6.720368412e-05
12362,,,,,,,,6.593283022e-05,,,6.593283022e-05
12364,,,,,,,,6.179714782e-05,,,6.179714782e-05
12365,,,,,,,,,0.817495116,,
12366,,,,,,,,5.306408042e-05,,,5.306408042e-05
12368,,,,,,,,4.199109471e-05,,,4.199109471e-05
12370,,,,,,,,3.245514132e-05,0.8095609675,,3.245514132e-05
12372,,,,,,,,2.729801989e-05,,,2.729801989e-05
12374,,,,,,,,2.682463268e-05,,,2.682463268e-05
12375,,,,,,,,,0.7974544072,,
12376,,,,,,,,2.9051836e-05,,,2.9051836e-05
12378,,,,,,,,3.107748881e-05,,,3.107748881e-05
12380,,,,,,,,3.15761044e-05,0.7815559436,,3.15761044e-05
12382,,,,,,,,3.327386069e-05,,,3.327386069e-05
12384,,,,,,,,4.268264576e-05,,,4.268264576e-05
12385,,,,,,,,,0.765840474,,
12386,,,,,,,,6.609541607e-05,,,6.609541607e-05
12388,,,,,,,,0.0001036677636,,,0.0001036677636
12390,,,,,,,,0.0001460109392,0.7537999067,,0.0001460109392
12392,,,,,,,,0.0001777728121,,,0.0001777728121
12394,,,,,,,,0.0001864413222,,,0.0001864413222
12395,,,,,,,,,0.7446924924,,
12396,,,,,,,,0.0001696493914,,,0.0001696493914
12398,,,,,,,,0.000136171823,,,0.000136171823
12400,,,,,,,,0.0001000297173,0.7349954881,,0.0001000297173
12402,,,,,,,,7.25740974e-05,,,7.25740974e-05
12404,,,,,,,,5.829308485e-05,,,5.829308485e-05
12405,,,,,,,,,0.7209155411,,
12406,,,,,,,,5.500424986e-05,,,5.500424986e-05
12408,,,,,,,,5.635329134e-05,,,5.635329134e-05
12410,,,,,,,,5.520318108e-05,0.7020610466,,5.520318108e-05
12412,,,,,,,,4.653817898e-05,,,4.653817898e-05
12414,,,,,,,,2.936679531e-05,,,2.936679531e-05
12415,,,,,,,,,0.6827151911,,
12416,,,,,,,,7.335199323e-06,,,7.335199323e-06
12418,,,,,,,,-1.254864754e-05,,,-1.254864754e-05
12420,,,,,,,,-2.250321055e-05,0.6675078351,,-2.250321055e-05
12422,,,,,,,,-1.634689265e-05,,,-1.634689265e-05
12424,,,,,,,,8.494681956e-06,,,8.494681956e-06
12425,,,,,,,,,0.6575111784,,
12426,,,,,,,,4.920325379e-05,,,4.920325379e-05
12428,,,,,,,,9.73367063e-05,,,9.73367063e-05
12430,,,,,,,,0.0001412443527,0.6495402787,,0.0001412443527
12432,,,,,,,,0.0001706551182,,,0.0001706551182
12434,,,,,,,,0.0001815211276,,,0.0001815211276
12435,,,,,,,,,0.6377969422,,
12436,,,,,,,,0.0001781151663,,,0.0001781151663
12438,,,,,,,,0.0001707092009,,,0.0001707092009
12440,,,,,,,,0.0001703244659,0.6192246824,,0.0001703244659
12442,,,,,,,,0.0001828441781,,,0.0001828441781
12444,,,,,,,,0.0002045553804,,,0.0002045553804
12445,,,,,,,,,0.5965675294,,
12446,,,,,,,,0.0002220815244,,,0.0002220815244
12448,,,,,,,,0.000218278002,,,0.000218278002
12450,,,,,,,,0.0001818188341,0.5758731406,,0.0001818188341
12452,,,,,,,,0.0001155330187,,,0.0001155330187
12454,,,,,,,,3.74745083e-05,,,3.74745083e-05
12455,,,,,,,,,0.5619355799,,
12456,,,,,,,,-2.75439883e-05,,,-2.75439883e-05
12458,,,,,,,,-6.015389468e-05,,,-6.015389468e-05
12460,,,,,,,,-5.459924836e-05,0.5541071965,,-5.459924836e-05
12462,,,,,,,,-1.910130653e-05,,,-1.910130653e-05
12464,,,,,,,,3.040025058e-05,,,3.040025058e-05
12465,,,,,,,,,0.5463931107,,
12466,,,,,,,,7.769391737e-05,,,7.769391737e-05
12468,,,,,,,,0.0001108121114,,,0.0001108121114
12470,,,,,,,,0.0001239418004,0.5327364294,,0.0001239418004
12472,,,,,,,,0.0001177972342,,,0.0001177972342
12474,,,,,,,,9.878943994e-05,,,9.878943994e-05
12475,,,,,,,,,0.5115101317,,
12476,,,,,,,,7.699048894e-05,,,7.699048894e-05
12478,,,,,,,,6.255911557e-05,,,6.255911557e-05
12480,,,,,,,,6.16709385e-05,0.4871680236,,6.16709385e-05
12482,,,,,,,,7.395633756e-05,,,7.395633756e-05
12484,,,,,,,,9.272461785e-05,,,9.272461785e-05
12485,,,,,,,,,0.4672939214,,
12486,,,,,,,,0.00010796913,,,0.00010796913
12488,,,,,,,,0.0001111777053,,,0.0001111777053
12490,,,,,,,,9.97153008e-05,0.4557558833,,9.97153008e-05
12492,,,,,,,,7.84012332e-05,,,7.84012332e-05
12494,,,,,,,,5.724173914e-05,,,5.724173914e-05
12495,,,,,,,,,0.4498798482,,
12496,,,,,,,,4.618798815e-05,,,4.618798815e-05
12498,,,,,,,,4.988456081e-05,,,4.988456081e-05
12500,,,,,,,,6.60139858e-05,0.4432336081,,6.60139858e-05
12502,,,,,,,,8.791923327e-05,,,8.791923327e-05
12504,,,,,,,,0.0001091366003,,,0.0001091366003
12505,,,,,,,,,0.4297702931,,
12506,,,,,,,,0.0001264295998,,,0.0001264295998
12508,,,,,,,,0.0001389916294,,,0.0001389916294
12510,,,,,,,,0.0001456617388,0.4089052877,,0.0001456617388
12512,,,,,,,,0.0001438906005,,,0.0001438906005
12514,,,,,,,,0.0001311246492,,,0.0001311246492
12515,,,,,,,,,0.3865699451,,
12516,,,,,,,,0.0001069842894,,,0.0001069842894
12518,,,,,,,,7.440762811e-05,,,7.440762811e-05
12520,,,,,,,,3.868026522e-05,0.3698323062,,3.868026522e-05
12522,,,,,,,,5.918821273e-06,,,5.918821273e-06
12524,,,,,,,,-1.76786479e-05,,,-1.76786479e-05
12525,,,,,,,,,0.3613281456,,
12526,,,,,,,,-2.727984741e-05,,,-2.727984741e-05
12528,,,,,,,,-2.199720054e-05,,,-2.199720054e-05
12530,,,,,,,,-6.60389923e-06,0.3577902038,,-6.60389923e-06
12532,,,,,,,,9.437934208e-06,,,9.437934208e-06
12534,,,,,,,,1.61133113e-05,,,1.61133113e-05
12535,,,,,,,,,0.3525420342,,
12536,,,,,,,,8.34850554e-06,,,8.34850554e-06
12538,,,,,,,,-1.085685272e-05,,,-1.085685272e-05
12540,,,,,,,,-3.176826802e-05,0.3404107824,,-3.176826802e-05
12542,,,,,,,,-4.287818627e-05,,,-4.287818627e-05
12544,,,,,,,,-3.714872923e-05,,,-3.714872923e-05
12545,,,,,,,,,0.3216242761,,
12546,,,,,,,,-1.655191912e-05,,,-1.655191912e-05
12548,,,,,,,,8.322246831e-06,,,8.322246831e-06
12550,,,,,,,,2.411042159e-05,0.3018008269,,2.411042159e-05
12552,,,,,,,,2.229091288e-05,,,2.229091288e-05
12554,,,,,,,,3.694818766e-06,,,3.694818766e-06
12555,,,,,,,,,0.2874355881,,
12556,,,,,,,,-2.275349212e-05,,,-2.275349212e-05
12558,,,,,,,,-4.606149728e-05,,,-4.606149728e-05
12560,,,,,,,,-5.884531665e-05,0.2805326776,,-5.884531665e-05
12562,,,,,,,,-5.879617617e-05,,,-5.879617617e-05
12564,,,,,,,,-4.647766746e-05,,,-4.647766746e-05
12565,,,,,,,,,0.2777986035,,
12566,,,,,,,,-2.243494965e-05,,,-2.243494965e-05
12568,,,,,,,,1.342660914e-05,,,1.342660914e-05
12570,,,,,,,,5.972080058e-05,0.2737053983,,5.972080058e-05
12572,,,,,,,,0.0001113865881,,,0.0001113865881
12574,,,,,,,,0.0001598426069,,,0.0001598426069
12575,,,,,,,,,0.263919054,,
12576,,,,,,,,0.0001960202958,,,0.0001960202958
12578,,,,,,,,0.0002144402071,,,0.0002144402071
12580,,,,,,,,0.0002153453199,0.2486169343,,0.0002153453199
12582,,,,,,,,0.0002039307178,,,0.0002039307178
12584,,,,,,,,0.0001878260961,,,0.0001878260961
12585,,,,,,,,,0.2325836174,,
12586,,,,,,,,0.0001741784852,,,0.0001741784852
12588,,,,,,,,0.0001675396924,,,0.0001675396924
12590,,,,,,,,0.0001689892312,0.2209603266,,0.0001689892312
12592,,,,,,,,0.0001762383023,,,0.0001762383023
12594,,,,,,,,0.0001849242155,,,0.0001849242155
12595,,,,,,,,,0.2154261418,,
12596,,,,,,,,0.0001908342572,,,0.0001908342572
12598,,,,,,,,0.0001913821691,,,0.0001913821691
12600,,,,,,,,0.0001854975806,0.2135360544,,0.0001854975806
12602,,,,,,,,0.0001728271512,,,0.0001728271512
12604,,,,,,,,0.0001534052182,,,0.0001534052182
12605,,,,,,,,,0.2106549035,,
12606,,,,,,,,0.0001284433835,,,0.0001284433835
12608,,,,,,,,0.0001014506791,,,0.0001014506791
12610,,,,,,,,7.760415483e-05,0.2032989601,,7.760415483e-05
12612,,,,,,,,6.114167986e-05,,,6.114167986e-05
12614,,,,,,,,5.281173844e-05,,,5.281173844e-05
12615,,,,,,,,,0.1915923462,,
12616,,,,,,,,4.938353712e-05,,,4.938353712e-05
12618,,,,,,,,4.592850052e-05,,,4.592850052e-05
12620,,,,,,,,3.905683634e-05,0.1790278339,,3.905683634e-05
12622,,,,,,,,2.805995997e-05,,,2.805995997e-05
12624,,,,,,,,1.349024612e-05,,,1.349024612e-05
12625,,,,,,,,,0.1695993788,,
12626,,,,,,,,-4.993196814e-06,,,-4.993196814e-06
12628,,,,,,,,-2.878821262e-05,,,-2.878821262e-05
12630,,,,,,,,-5.738722706e-05,0.1647620408,,-5.738722706e-05
12632,,,,,,,,-8.510641822e-05,,,-8.510641822e-05
12634,,,,,,,,-0.0001015468849,,,-0.0001015468849
12635,,,,,,,,,0.1628031928,,
12636,,,,,,,,-9.672289334e-05,,,-9.672289334e-05
12638,,,,,,,,-6.827015053e-05,,,-6.827015053e-05
12640,,,,,,,,-2.511794572e-05,0.1605207275,,-2.511794572e-05
12642,,,,,,,,1.609573101e-05,,,1.609573101e-05
12644,,,,,,,,4.000467238e-05,,,4.000467238e-05
12645,,,,,,,,,0.155326579,,
12646,,,,,,,,4.13141781e-05,,,4.13141781e-05
12648,,,,,,,,2.768160226e-05,,,2.768160226e-05
12650,,,,,,,,1.461920649e-05,0.1469291293,,1.461920649e-05
12655,,,,,,,,,0.1375467042,,
12660,,,,,,,,,0.1300152297,,
12665,,,,,,,,,0.1255978169,,
12670,,,,,,,,,0.1235037097,,
12675,,,,,,,,,0.1217113677,,
12680,,,,,,,,,0.1182727209,,
12685,,,,,,,,,0.1126362972,,
12690,,,,,,,,,0.1059591787,,
12695,,,,,,,,,0.1001383699,,
12700,,,,,,,,,0.09628197399,,
12705,,,,,,,,,0.0940986807,,
12710,,,,,,,,,0.09240808319,,
12715,,,,,,,,,0.08999266761,,
12720,,,,,,,,,0.08628322525,,
12725,,,,,,,,,0.08169701181,,
12730,,,,,,,,,0.07730256909,,
12735,,,,,,,,,0.07391566917,,
12740,,,,,,,,,0.07160458705,,
12745,,,,,,,,,0.06988686309,,
12750,,,,,,,,,0.06809371157,,
12755,,,,,,,,,0.06571406482,,
12760,,,,,,,,,0.06272567821,,
12765,,,,,,,,,0.05970290865,,
12770,,,,,,,,,0.05713611141,,
12775,,,,,,,,,0.05503647192,,
12780,,,,,,,,,0.05331757648,,
12785,,,,,,,,,0.05184684304,,
12790,,,,,,,,,0.05030115133,,
12795,,,,,,,,,0.04842496495,,
12800,,,,,,,,,0.04634083368,,
12805,,,,,,,,,0.04434502447,,
12810,,,,,,,,,0.04253900778,,
12815,,,,,,,,,0.04090037046,,
12820,,,,,,,,,0.03939441943,,
12825,,,,,,,,,0.03801881634,,
12830,,,,,,,,,0.03677870996,,
12835,,,,,,,,,0.03558940796,,
12840,,,,,,,,,0.03428101417,,
12845,,,,,,,,,0.03284962795,,
12850,,,,,,,,,0.03146779403,,
12855,,,,,,,,,0.03019492157,,
12860,,,,,,,,,0.02903728183,,
12865,,,,,,,,,0.02804527125,,
12870,,,,,,,,,0.02723881679,,
12875,,,,,,,,,0.02647934898,,
12880,,,,,,,,,0.02557552999,,
12885,,,,,,,,,0.02450231718,,
12890,,,,,,,,,0.02341056637,,
12895,,,,,,,,,0.02242169197,,
12900,,,,,,,,,0.02158395638,,
12905,,,,,,,,,0.02090118812,,
12910,,,,,,,,,0.02029953858,,
12915,,,,,,,,,0.01969921588,,
12920,,,,,,,,,0.01903020278,,
12925,,,,,,,,,0.01824288533,,
12930,,,,,,,,,0.01738981838,,
12935,,,,,,,,,0.0166057782,,
12940,,,,,,,,,0.0159859289,,
12945,,,,,,,,,0.01552966666,,
12950,,,,,,,,,0.01513076172,,
12955,,,,,,,,,0.01469800945,,
12960,,,,,,,,,0.01418701125,,
12965,,,,,,,,,0.01358541813,,
12970,,,,,,,,,0.01293335092,,
12975,,,,,,,,,0.01232449783,,
12980,,,,,,,,,0.01186127889,,
12985,,,,,,,,,0.01157392009,,
12990,,,,,,,,,0.01135762498,,
12995,,,,,,,,,0.01106820092,,
13000,,,,,,,,,0.01070595261,,
13005,,,,,,,,,0.01030250274,,
13010,,,,,,,,,0.009822665919,,
13015,,,,,,,,,0.009301767622,,
13020,,,,,,,,,0.008886693604,,
13025,,,,,,,,,0.008634089528,,
13030,,,,,,,,,0.008478426801,,
13035,,,,,,,,,0.008359300345,,
13040,,,,,,,,,0.008181851116,,
13045,,,,,,,,,0.007853767833,,
13050,,,,,,,,,0.007422941605,,
13055,,,,,,,,,0.007014446023,,
13060,,,,,,,,,0.006698994447,,
13065,,,,,,,,,0.00651311597,,
13070,,,,,,,,,0.006449976677,,
13075,,,,,,,,,0.006418031234,,
13080,,,,,,,,,0.006294703005,,
13085,,,,,,,,,0.006010357118,,
13090,,,,,,,,,0.005580103801,,
13095,,,,,,,,,0.005139903769,,
13100,,,,,,,,,0.00489472445,,
13105,,,,,,,,,0.004903586267,,
13110,,,,,,,,,0.005017651331,,
13115,,,,,,,,,0.005059593331,,
13120,,,,,,,,,0.004949552915,,
13125,,,,,,,,,0.004675501506,,
13130,,,,,,,,,0.004320706521,,
13135,,,,,,,,,0.004029144649,,
13140,,,,,,,,,0.003850573034,,
13145,,,,,,,,,0.00377211283,,
13150,,,,,,,,,0.00380465226,,
13155,,,,,,,,,0.003911839294,,
13160,,,,,,,,,0.003907796996,,
13165,,,,,,,,,0.003626480653,,
13170,,,,,,,,,0.003193032047,,
13175,,,,,,,,,0.002899990196,,
13180,,,,,,,,,0.002854950447,,
13185,,,,,,,,,0.002968093338,,
13190,,,,,,,,,0.003146972376,,
13195,,,,,,,,,0.003262640996,,
13200,,,,,,,,,0.003129700731,,
13205,,,,,,,,,0.002736413757,,
13210,,,,,,,,,0.002313013255,,
13215,,,,,,,,,0.002102607743,,
13220,,,,,,,,,0.002131340407,,
13225,,,,,,,,,0.002309050317,,
13230,,,,,,,,,0.002531496423,,
13235,,,,,,,,,0.00263137418,,
13240,,,,,,,,,0.002492965393,,
13245,,,,,,,,,0.002164741628,,
13250,,,,,,,,,0.001844934756,,
13255,,,,,,,,,0.001725519732,,
13260,,,,,,,,,0.001821080544,,
13265,,,,,,,,,0.002004657043,,
13270,,,,,,,,,0.002154606837,,
13275,,,,,,,,,0.002160130435,,
13280,,,,,,,,,0.00193348074,,
13285,,,,,,,,,0.001533247971,,
13290,,,,,,,,,0.001210574962,,
13295,,,,,,,,,0.001165613013,,
13300,,,,,,,,,0.001321053259,,
13305,,,,,,,,,0.001522335868,,
13310,,,,,,,,,0.001726004202,,
13315,,,,,,,,,0.00183541517,,
13320,,,,,,,,,0.00170123641,,
13325,,,,,,,,,0.001357705992,,
13330,,,,,,,,,0.001057935697,,
13335,,,,,,,,,0.0009564235993,,
13340,,,,,,,,,0.0009913069423,,
13345,,,,,,,,,0.001130225355,,
13350,,,,,,,,,0.001357128269,,
13355,,,,,,,,,0.001504893865,,
13360,,,,,,,,,0.001387927169,,
13365,,,,,,,,,0.001069460564,,
13370,,,,,,,,,0.0008146991544,,
13375,,,,,,,,,0.0007468475227,,
13380,,,,,,,,,0.0008035024422,,
13385,,,,,,,,,0.0009500904819,,
13390,,,,,,,,,0.00114259824,,
13395,,,,,,,,,0.001225428867,,
13400,,,,,,,,,0.001098161831,,
13405,,,,,,,,,0.0008846892436,,
13410,,,,,,,,,0.0007499510319,,
13415,,,,,,,,,0.0007086584937,,
13420,,,,,,,,,0.0007355169536,,
13425,,,,,,,,,0.0008335230154,,
13430,,,,,,,,,0.000944110518,,
13435,,,,,,,,,0.0009562814989,,
13440,,,,,,,,,0.0007998612153,,
13445,,,,,,,,,0.0005581053318,,
13450,,,,,,,,,0.0004019238797,,
13455,,,,,,,,,0.0003891063936,,
13460,,,,,,,,,0.000495552574,,
13465,,,,,,,,,0.0006670386305,,
13470,,,,,,,,,0.0008080803098,,
13475,,,,,,,,,0.0008251393427,,
13480,,,,,,,,,0.0006923896099,,
13485,,,,,,,,,0.0005154107003,,
13490,,,,,,,,,0.0004239298065,,
13495,,,,,,,,,0.0004263061626,,
13500,,,,,,,,,0.0004565996825,,
13505,,,,,,,,,0.0004834469446,,
13510,,,,,,,,,0.0005318681187,,
13515,,,,,,,,,0.000591058013,,
13520,,,,,,,,,0.0005568059996,,
13525,,,,,,,,,0.0004107824186,,
13530,,,,,,,,,0.0002973024509,,
13535,,,,,,,,,0.0003037711622,,
13540,,,,,,,,,0.0003656798502,,
13545,,,,,,,,,0.0004333782362,,
13550,,,,,,,,,0.00052780441,,
13555,,,,,,,,,0.0006003997927,,
13560,,,,,,,,,0.0005428769182,,
13565,,,,,,,,,0.0003679336532,,
13570,,,,,,,,,0.0002167529301,,
13575,,,,,,,,,0.0001748003611,,
13580,,,,,,,,,0.0002161490997,,
13585,,,,,,,,,0.0002752248578,,
13590,,,,,,,,,0.000319344977,,
13595,,,,,,,,,0.0003578300987,,
13600,,,,,,,,,0.0003549432194,,
13605,,,,,,,,,0.0002765023444,,
13610,,,,,,,,,0.0001975014839,,
13615,,,,,,,,,0.0001838532195,,
13620,,,,,,,,,0.0001908637973,,
13625,,,,,,,,,0.0001758916044,,
13630,,,,,,,,,0.0001808993955,,
13635,,,,,,,,,0.0002355745113,,
13640,,,,,,,,,0.0002906420964,,
13645,,,,,,,,,0.0002817067837,,
13650,,,,,,,,,0.0002183237864,,
13655,,,,,,,,,0.0001539928866,,
13660,,,,,,,,,0.0001213607188,,
13665,,,,,,,,,0.0001493200965,,
13670,,,,,,,,,0.0002164741777,,
13675,,,,,,,,,0.0002424576749,,
13680,,,,,,,,,0.0002286706838,,
13685,,,,,,,,,0.0002408244115,,
13690,,,,,,,,,0.0002575397788,,
13695,,,,,,,,,0.0002232207523,,
13700,,,,,,,,,0.0001562376467,,
13705,,,,,,,,,0.0001223430832,,
13710,,,,,,,,,0.0001449200651,,
13715,,,,,,,,,0.0001837345355,,
13720,,,,,,,,,0.0002074958692,,
13725,,,,,,,,,0.0002200513751,,
13730,,,,,,,,,0.0002140257121,,
13735,,,,,,,,,0.0001764531862,,
13740,,,,,,,,,0.0001141182149,,
13745,,,,,,,,,4.281513194e-05,,
13750,,,,,,,,,-1.821964043e-06,,
13755,,,,,,,,,-5.523120394e-07,,
13760,,,,,,,,,1.982641688e-05,,
13765,,,,,,,,,4.195936994e-05,,
13770,,,,,,,,,6.814070399e-05,,
13775,,,,,,,,,8.790483203e-05,,
13780,,,,,,,,,9.370007891e-05,,
13785,,,,,,,,,0.0001007706077,,
13790,,,,,,,,,0.0001201280895,,
13795,,,,,,,,,0.0001356380763,,
13800,,,,,,,,,0.0001323967417,,
13805,,,,,,,,,0.0001290642597,,
13810,,,,,,,,,0.0001328759815,,
13815,,,,,,,,,0.0001303397029,,
13820,,,,,,,,,0.0001378391889,,
13825,,,,,,,,,0.0001572876403,,
13830,,,,,,,,,0.0001498485596,,
13835,,,,,,,,,0.000111908415,,
13840,,,,,,,,,9.600398845e-05,,
13845,,,,,,,,,0.000121719833,,
13850,,,,,,,,,0.0001353451002,,
13855,,,,,,,,,9.622473035e-05,,
13860,,,,,,,,,4.337240272e-05,,
13865,,,,,,,,,2.474849761e-05,,
13870,,,,,,,,,3.630465044e-05,,
13875,,,,,,,,,5.754495074e-05,,
13880,,,,,,,,,7.272380692e-05,,
13885,,,,,,,,,8.912035658e-05,,
13890,,,,,,,,,0.000115681496,,
13895,,,,,,,,,0.0001217689201,,
13900,,,,,,,,,7.738552611e-05,,
13905,,,,,,,,,6.034418154e-06,,
13910,,,,,,,,,-2.764451171e-05,,
13915,,,,,,,,,2.115159788e-07,,
13920,,,,,,,,,3.922296982e-05,,
13925,,,,,,,,,4.874855101e-05,,
13930,,,,,,,,,5.340941811e-05,,
13935,,,,,,,,,8.674908294e-05,,
13940,,,,,,,,,0.0001401744517,,
13945,,,,,,,,,0.000178784679,,
13950,,,,,,,,,0.0001690720591,,
13955,,,,,,,,,0.0001192385645,,
13960,,,,,,,,,7.540122264e-05,,
13965,,,,,,,,,5.895289842e-05,,
13970,,,,,,,,,5.975673759e-05,,
13975,,,,,,,,,6.092341473e-05,,
13980,,,,,,,,,3.28973272e-05,,
13985,,,,,,,,,-3.706147059e-05,,
13990,,,,,,,,,-0.0001006919686,,
13995,,,,,,,,,-0.0001053114219,,
14000,,,,,,,,,-6.776480983e-05,,
